Workbook

Sheet Summary
A1: Party-wise Summary (Total Pieces & Total Weight) | K1: 7861 | Z1: =IFERROR("'"&INDEX($N$3:$N$10,MATCH($D$13,$A$3:$A$10,0))&"'!","")
A2: Party | B2: Section | C2: Total Pieces | D2: Total Weight (MT) | E2: Hold Pieces | F2: Hold Weight (MT) | G2: Accepted Pieces | H2: Accepted Weight (MT) | Z2: =IFERROR(INDEX($O$3:$O$10,MATCH($D$13,$A$3:$A$10,0)),"NA")
A3: VRKP | B3: 130 X 130 | C3: =SUMIF(Master!$A$2:$A$1001,"VRKP",Master!$K$2:$K$1001) | D3: =ROUND(SUMIF(Master!$A$2:$A$1001,"VRKP",Master!$L$2:$L$1001),3) | E3: =SUMIF(VRKP!$N$5:$N$304,"HOLD",VRKP!$L$5:$L$304) | F3: =ROUND(SUMIF(VRKP!$N$5:$N$304,"HOLD",VRKP!$M$5:$M$304),3) | G3: =C3-E3 | H3: =D3-F3 | N3: VRKP | O3: NA | P3: 0.12 | Q3: 0.05 | R3: NA | S3: 0.085 | T3: 0.5 | U3: 120 | V3: 0.08 | W3: NA | X3: NA | Z3: =IFERROR(INDEX($P$3:$P$10,MATCH($D$13,$A$3:$A$10,0)),"NA")
A4: SHREE RADHE | B4: 130 X 130 | C4: =SUMIF(Master!$A$2:$A$1001,"SHREE RADHE",Master!$K$2:$K$1001) | D4: =ROUND(SUMIF(Master!$A$2:$A$1001,"SHREE RADHE",Master!$L$2:$L$1001),3) | E4: =SUMIF('Shree Radhe'!$N$5:$N$304,"HOLD",'Shree Radhe'!$L$5:$L$304) | F4: =ROUND(SUMIF('Shree Radhe'!$N$5:$N$304,"HOLD",'Shree Radhe'!$M$5:$M$304),3) | G4: =C4-E4 | H4: =D4-F4 | N4: Shree Radhe | O4: NA | P4: 0.15 | Q4: 0.045 | R4: NA | S4: 0.08 | T4: 0.5 | U4: NA | V4: 0.1 | W4: NA | X4: NA | Z4: =IFERROR(INDEX($Q$3:$Q$10,MATCH($D$13,$A$3:$A$10,0)),"NA")
A5: SWADESH | B5: 160 X 160 | C5: =SUMIF(Master!$A$2:$A$1001,"SWADESH",Master!$K$2:$K$1001) | D5: =ROUND(SUMIF(Master!$A$2:$A$1001,"SWADESH",Master!$L$2:$L$1001),3) | E5: =SUMIF(Swadesh!$N$5:$N$304,"HOLD",Swadesh!$L$5:$L$304) | F5: =ROUND(SUMIF(Swadesh!$N$5:$N$304,"HOLD",Swadesh!$M$5:$M$304),3) | G5: =C5-E5 | H5: =D5-F5 | N5: Swadesh | O5: NA | P5: 0.15 | Q5: 0.045 | R5: NA | S5: 0.08 | T5: 0.5 | U5: NA | V5: 0.1 | W5: NA | X5: NA | Z5: =IFERROR(INDEX($R$3:$R$10,MATCH($D$13,$A$3:$A$10,0)),"NA")
A6: SHYAM METALLIKS (130x130) | B6: 130 X 130 | C6: =SUMIFS(Master!$K$2:$K$1001,Master!$A$2:$A$1001,"SHYAM METALLIKS",Master!$M$2:$M$1001,"130 x 130 x 6MTR") | D6: =ROUND(SUMIFS(Master!$L$2:$L$1001,Master!$A$2:$A$1001,"SHYAM METALLIKS",Master!$M$2:$M$1001,"130 x 130 x 6MTR"),3) | E6: =SUMIF('Shyam Metaliks'!$N$5:$N$304,"HOLD",'Shyam Metaliks'!$L$5:$L$304) | F6: =ROUND(SUMIF('Shyam Metaliks'!$N$5:$N$304,"HOLD",'Shyam Metaliks'!$M$5:$M$304),3) | G6: =C6-E6 | H6: =D6-F6 | N6: Shyam Metaliks | O6: NA | P6: 0.18 | Q6: 0.045 | R6: NA | S6: 0.08 | T6: 0.4 | U6: NA | V6: 0.1 | W6: NA | X6: 0.14 | Z6: =IFERROR(INDEX($S$3:$S$10,MATCH($D$13,$A$3:$A$10,0)),"NA")
A7: SHYAM METALLIKS (160x160) | B7: 160 X 160 | C7: =SUMIFS(Master!$K$2:$K$1001,Master!$A$2:$A$1001,"SHYAM METALLIKS",Master!$M$2:$M$1001,"160 x 160 x 6MTR") | D7: =ROUND(SUMIFS(Master!$L$2:$L$1001,Master!$A$2:$A$1001,"SHYAM METALLIKS",Master!$M$2:$M$1001,"160 x 160 x 6MTR"),3) | E7: =SUMIF('Shyam Metaliks (160)'!$N$5:$N$304,"HOLD",'Shyam Metaliks (160)'!$L$5:$L$304) | F7: =ROUND(SUMIF('Shyam Metaliks (160)'!$N$5:$N$304,"HOLD",'Shyam Metaliks (160)'!$M$5:$M$304),3) | G7: =C7-E7 | H7: =D7-F7 | N7: Shyam Metaliks (160) | O7: NA | P7: 0.18 | Q7: NA | R7: NA | S7: NA | T7: 0.4 | U7: NA | V7: 0.1 | W7: NA | X7: 0.14 | Z7: =IFERROR(INDEX($T$3:$T$10,MATCH($D$13,$A$3:$A$10,0)),"NA")
A8: MASHIVA STEEL AND ALLOYS LLP | B8: 160 X 160 | C8: =SUMIF(Master!$A$2:$A$1001,"MASHIVA STEEL AND ALLOYS LLP",Master!$K$2:$K$1001) | D8: =ROUND(SUMIF(Master!$A$2:$A$1001,"MASHIVA STEEL AND ALLOYS LLP",Master!$L$2:$L$1001),3) | E8: =SUMIF(MASHIVA!$N$5:$N$304,"HOLD",MASHIVA!$L$5:$L$304) | F8: =ROUND(SUMIF(MASHIVA!$N$5:$N$304,"HOLD",MASHIVA!$M$5:$M$304),3) | G8: =C8-E8 | H8: =D8-F8 | N8: MASHIVA | O8: NA | P8: 0.15 | Q8: NA | R8: NA | S8: NA | T8: 0.45 | U8: NA | V8: 0.1 | W8: NA | X8: 0.15 | Z8: =IFERROR(INDEX($U$3:$U$10,MATCH($D$13,$A$3:$A$10,0)),"NA")
A9: AKASH SALES | B9: 130 X 130 | C9: =SUMIF(Master!$A$2:$A$1001,"AKASH SALES",Master!$K$2:$K$1001) | D9: =ROUND(SUMIF(Master!$A$2:$A$1001,"AKASH SALES",Master!$L$2:$L$1001),3) | E9: =SUMIF('Akash Sales'!$N$5:$N$304,"HOLD",'Akash Sales'!$L$5:$L$304) | F9: =ROUND(SUMIF('Akash Sales'!$N$5:$N$304,"HOLD",'Akash Sales'!$M$5:$M$304),3) | G9: =C9-E9 | H9: =D9-F9 | N9: Akash Sales | O9: NA | P9: 0.18 | Q9: NA | R9: NA | S9: NA | T9: 0.45 | U9: NA | V9: 0.1 | W9: NA | X9: 0.15 | Z9: =IFERROR(INDEX($V$3:$V$10,MATCH($D$13,$A$3:$A$10,0)),"NA")
A10: AR ISPAT | B10: 160 X 160 | C10: =SUMIF(Master!$A$2:$A$1001,"AR ISPAT",Master!$K$2:$K$1001) | D10: =ROUND(SUMIF(Master!$A$2:$A$1001,"AR ISPAT",Master!$L$2:$L$1001),3) | E10: =SUMIF('AR Ispat'!$N$5:$N$304,"HOLD",'AR Ispat'!$L$5:$L$304) | F10: =ROUND(SUMIF('AR Ispat'!$N$5:$N$304,"HOLD",'AR Ispat'!$M$5:$M$304),3) | G10: =C10-E10 | H10: =D10-F10 | N10: AR Ispat | O10: NA | P10: 0.18 | Q10: NA | R10: NA | S10: NA | T10: 0.45 | U10: NA | V10: 0.1 | W10: NA | X10: 0.15 | Z10: =IFERROR(INDEX($W$3:$W$10,MATCH($D$13,$A$3:$A$10,0)),"NA")
A11: TOTAL | C11: =SUM(C3:C10) | D11: =ROUND(SUM(D3:D10),3) | E11: =SUM(E3:E10) | F11: =ROUND(SUM(F3:F10),3) | G11: =ROUND(SUM(G3:G10),3) | H11: =ROUND(SUM(H3:H10),3) | Z11: =IFERROR(INDEX($X$3:$X$10,MATCH($D$13,$A$3:$A$10,0)),"NA")
B13: Select Party (Out-of-Spec Heats): | D13: SHYAM METALLIKS (160x160)
B15: Heat No. | C15: Dated | D15: Vehicle No | E15: C | F15: S | G15: P | H15: Mn | I15: N | J15: Si
B16: =IF($M16="","",INDEX(INDIRECT($Z$1&"$A$5:$A$304"),$M16)) | C16: =IF($M16="","",INDEX(INDIRECT($Z$1&"$B$5:$B$304"),$M16)) | D16: =IF($M16="","",INDEX(INDIRECT($Z$1&"$C$5:$C$304"),$M16)) | E16: =IF($M16="","",INDEX(INDIRECT($Z$1&"$E$5:$E$304"),$M16)) | F16: =IF($M16="","",INDEX(INDIRECT($Z$1&"$F$5:$F$304"),$M16)) | G16: =IF($M16="","",INDEX(INDIRECT($Z$1&"$G$5:$G$304"),$M16)) | H16: =IF($M16="","",INDEX(INDIRECT($Z$1&"$H$5:$H$304"),$M16)) | I16: =IF($M16="","",INDEX(INDIRECT($Z$1&"$I$5:$I$304"),$M16)) | J16: =IF($M16="","",INDEX(INDIRECT($Z$1&"$J$5:$J$304"),$M16)) | M16: {=IFERROR(SMALL(IF(INDIRECT($Z$1&"$P$5:$P$304")=1,ROW(INDIRECT($Z$1&"$A$5:$A$304"))-ROW(INDIRECT($Z$1&"$A$5"))+1),1),"")}
B17: =IF($M17="","",INDEX(INDIRECT($Z$1&"$A$5:$A$304"),$M17)) | C17: =IF($M17="","",INDEX(INDIRECT($Z$1&"$B$5:$B$304"),$M17)) | D17: =IF($M17="","",INDEX(INDIRECT($Z$1&"$C$5:$C$304"),$M17)) | E17: =IF($M17="","",INDEX(INDIRECT($Z$1&"$E$5:$E$304"),$M17)) | F17: =IF($M17="","",INDEX(INDIRECT($Z$1&"$F$5:$F$304"),$M17)) | G17: =IF($M17="","",INDEX(INDIRECT($Z$1&"$G$5:$G$304"),$M17)) | H17: =IF($M17="","",INDEX(INDIRECT($Z$1&"$H$5:$H$304"),$M17)) | I17: =IF($M17="","",INDEX(INDIRECT($Z$1&"$I$5:$I$304"),$M17)) | J17: =IF($M17="","",INDEX(INDIRECT($Z$1&"$J$5:$J$304"),$M17)) | M17: {=IFERROR(SMALL(IF(INDIRECT($Z$1&"$P$5:$P$304")=1,ROW(INDIRECT($Z$1&"$A$5:$A$304"))-ROW(INDIRECT($Z$1&"$A$5"))+1),2),"")}
B18: =IF($M18="","",INDEX(INDIRECT($Z$1&"$A$5:$A$304"),$M18)) | C18: =IF($M18="","",INDEX(INDIRECT($Z$1&"$B$5:$B$304"),$M18)) | D18: =IF($M18="","",INDEX(INDIRECT($Z$1&"$C$5:$C$304"),$M18)) | E18: =IF($M18="","",INDEX(INDIRECT($Z$1&"$E$5:$E$304"),$M18)) | F18: =IF($M18="","",INDEX(INDIRECT($Z$1&"$F$5:$F$304"),$M18)) | G18: =IF($M18="","",INDEX(INDIRECT($Z$1&"$G$5:$G$304"),$M18)) | H18: =IF($M18="","",INDEX(INDIRECT($Z$1&"$H$5:$H$304"),$M18)) | I18: =IF($M18="","",INDEX(INDIRECT($Z$1&"$I$5:$I$304"),$M18)) | J18: =IF($M18="","",INDEX(INDIRECT($Z$1&"$J$5:$J$304"),$M18)) | M18: {=IFERROR(SMALL(IF(INDIRECT($Z$1&"$P$5:$P$304")=1,ROW(INDIRECT($Z$1&"$A$5:$A$304"))-ROW(INDIRECT($Z$1&"$A$5"))+1),3),"")}
B19: =IF($M19="","",INDEX(INDIRECT($Z$1&"$A$5:$A$304"),$M19)) | C19: =IF($M19="","",INDEX(INDIRECT($Z$1&"$B$5:$B$304"),$M19)) | D19: =IF($M19="","",INDEX(INDIRECT($Z$1&"$C$5:$C$304"),$M19)) | E19: =IF($M19="","",INDEX(INDIRECT($Z$1&"$E$5:$E$304"),$M19)) | F19: =IF($M19="","",INDEX(INDIRECT($Z$1&"$F$5:$F$304"),$M19)) | G19: =IF($M19="","",INDEX(INDIRECT($Z$1&"$G$5:$G$304"),$M19)) | H19: =IF($M19="","",INDEX(INDIRECT($Z$1&"$H$5:$H$304"),$M19)) | I19: =IF($M19="","",INDEX(INDIRECT($Z$1&"$I$5:$I$304"),$M19)) | J19: =IF($M19="","",INDEX(INDIRECT($Z$1&"$J$5:$J$304"),$M19)) | M19: {=IFERROR(SMALL(IF(INDIRECT($Z$1&"$P$5:$P$304")=1,ROW(INDIRECT($Z$1&"$A$5:$A$304"))-ROW(INDIRECT($Z$1&"$A$5"))+1),4),"")}
B20: =IF($M20="","",INDEX(INDIRECT($Z$1&"$A$5:$A$304"),$M20)) | C20: =IF($M20="","",INDEX(INDIRECT($Z$1&"$B$5:$B$304"),$M20)) | D20: =IF($M20="","",INDEX(INDIRECT($Z$1&"$C$5:$C$304"),$M20)) | E20: =IF($M20="","",INDEX(INDIRECT($Z$1&"$E$5:$E$304"),$M20)) | F20: =IF($M20="","",INDEX(INDIRECT($Z$1&"$F$5:$F$304"),$M20)) | G20: =IF($M20="","",INDEX(INDIRECT($Z$1&"$G$5:$G$304"),$M20)) | H20: =IF($M20="","",INDEX(INDIRECT($Z$1&"$H$5:$H$304"),$M20)) | I20: =IF($M20="","",INDEX(INDIRECT($Z$1&"$I$5:$I$304"),$M20)) | J20: =IF($M20="","",INDEX(INDIRECT($Z$1&"$J$5:$J$304"),$M20)) | M20: {=IFERROR(SMALL(IF(INDIRECT($Z$1&"$P$5:$P$304")=1,ROW(INDIRECT($Z$1&"$A$5:$A$304"))-ROW(INDIRECT($Z$1&"$A$5"))+1),5),"")}
B21: =IF($M21="","",INDEX(INDIRECT($Z$1&"$A$5:$A$304"),$M21)) | C21: =IF($M21="","",INDEX(INDIRECT($Z$1&"$B$5:$B$304"),$M21)) | D21: =IF($M21="","",INDEX(INDIRECT($Z$1&"$C$5:$C$304"),$M21)) | E21: =IF($M21="","",INDEX(INDIRECT($Z$1&"$E$5:$E$304"),$M21)) | F21: =IF($M21="","",INDEX(INDIRECT($Z$1&"$F$5:$F$304"),$M21)) | G21: =IF($M21="","",INDEX(INDIRECT($Z$1&"$G$5:$G$304"),$M21)) | H21: =IF($M21="","",INDEX(INDIRECT($Z$1&"$H$5:$H$304"),$M21)) | I21: =IF($M21="","",INDEX(INDIRECT($Z$1&"$I$5:$I$304"),$M21)) | J21: =IF($M21="","",INDEX(INDIRECT($Z$1&"$J$5:$J$304"),$M21)) | M21: {=IFERROR(SMALL(IF(INDIRECT($Z$1&"$P$5:$P$304")=1,ROW(INDIRECT($Z$1&"$A$5:$A$304"))-ROW(INDIRECT($Z$1&"$A$5"))+1),6),"")}
B22: =IF($M22="","",INDEX(INDIRECT($Z$1&"$A$5:$A$304"),$M22)) | C22: =IF($M22="","",INDEX(INDIRECT($Z$1&"$B$5:$B$304"),$M22)) | D22: =IF($M22="","",INDEX(INDIRECT($Z$1&"$C$5:$C$304"),$M22)) | E22: =IF($M22="","",INDEX(INDIRECT($Z$1&"$E$5:$E$304"),$M22)) | F22: =IF($M22="","",INDEX(INDIRECT($Z$1&"$F$5:$F$304"),$M22)) | G22: =IF($M22="","",INDEX(INDIRECT($Z$1&"$G$5:$G$304"),$M22)) | H22: =IF($M22="","",INDEX(INDIRECT($Z$1&"$H$5:$H$304"),$M22)) | I22: =IF($M22="","",INDEX(INDIRECT($Z$1&"$I$5:$I$304"),$M22)) | J22: =IF($M22="","",INDEX(INDIRECT($Z$1&"$J$5:$J$304"),$M22)) | M22: {=IFERROR(SMALL(IF(INDIRECT($Z$1&"$P$5:$P$304")=1,ROW(INDIRECT($Z$1&"$A$5:$A$304"))-ROW(INDIRECT($Z$1&"$A$5"))+1),7),"")}
B23: =IF($M23="","",INDEX(INDIRECT($Z$1&"$A$5:$A$304"),$M23)) | C23: =IF($M23="","",INDEX(INDIRECT($Z$1&"$B$5:$B$304"),$M23)) | D23: =IF($M23="","",INDEX(INDIRECT($Z$1&"$C$5:$C$304"),$M23)) | E23: =IF($M23="","",INDEX(INDIRECT($Z$1&"$E$5:$E$304"),$M23)) | F23: =IF($M23="","",INDEX(INDIRECT($Z$1&"$F$5:$F$304"),$M23)) | G23: =IF($M23="","",INDEX(INDIRECT($Z$1&"$G$5:$G$304"),$M23)) | H23: =IF($M23="","",INDEX(INDIRECT($Z$1&"$H$5:$H$304"),$M23)) | I23: =IF($M23="","",INDEX(INDIRECT($Z$1&"$I$5:$I$304"),$M23)) | J23: =IF($M23="","",INDEX(INDIRECT($Z$1&"$J$5:$J$304"),$M23)) | M23: {=IFERROR(SMALL(IF(INDIRECT($Z$1&"$P$5:$P$304")=1,ROW(INDIRECT($Z$1&"$A$5:$A$304"))-ROW(INDIRECT($Z$1&"$A$5"))+1),8),"")}
B24: =IF($M24="","",INDEX(INDIRECT($Z$1&"$A$5:$A$304"),$M24)) | C24: =IF($M24="","",INDEX(INDIRECT($Z$1&"$B$5:$B$304"),$M24)) | D24: =IF($M24="","",INDEX(INDIRECT($Z$1&"$C$5:$C$304"),$M24)) | E24: =IF($M24="","",INDEX(INDIRECT($Z$1&"$E$5:$E$304"),$M24)) | F24: =IF($M24="","",INDEX(INDIRECT($Z$1&"$F$5:$F$304"),$M24)) | G24: =IF($M24="","",INDEX(INDIRECT($Z$1&"$G$5:$G$304"),$M24)) | H24: =IF($M24="","",INDEX(INDIRECT($Z$1&"$H$5:$H$304"),$M24)) | I24: =IF($M24="","",INDEX(INDIRECT($Z$1&"$I$5:$I$304"),$M24)) | J24: =IF($M24="","",INDEX(INDIRECT($Z$1&"$J$5:$J$304"),$M24)) | M24: {=IFERROR(SMALL(IF(INDIRECT($Z$1&"$P$5:$P$304")=1,ROW(INDIRECT($Z$1&"$A$5:$A$304"))-ROW(INDIRECT($Z$1&"$A$5"))+1),9),"")}
B25: =IF($M25="","",INDEX(INDIRECT($Z$1&"$A$5:$A$304"),$M25)) | C25: =IF($M25="","",INDEX(INDIRECT($Z$1&"$B$5:$B$304"),$M25)) | D25: =IF($M25="","",INDEX(INDIRECT($Z$1&"$C$5:$C$304"),$M25)) | E25: =IF($M25="","",INDEX(INDIRECT($Z$1&"$E$5:$E$304"),$M25)) | F25: =IF($M25="","",INDEX(INDIRECT($Z$1&"$F$5:$F$304"),$M25)) | G25: =IF($M25="","",INDEX(INDIRECT($Z$1&"$G$5:$G$304"),$M25)) | H25: =IF($M25="","",INDEX(INDIRECT($Z$1&"$H$5:$H$304"),$M25)) | I25: =IF($M25="","",INDEX(INDIRECT($Z$1&"$I$5:$I$304"),$M25)) | J25: =IF($M25="","",INDEX(INDIRECT($Z$1&"$J$5:$J$304"),$M25)) | M25: {=IFERROR(SMALL(IF(INDIRECT($Z$1&"$P$5:$P$304")=1,ROW(INDIRECT($Z$1&"$A$5:$A$304"))-ROW(INDIRECT($Z$1&"$A$5"))+1),10),"")}
B26: =IF($M26="","",INDEX(INDIRECT($Z$1&"$A$5:$A$304"),$M26)) | C26: =IF($M26="","",INDEX(INDIRECT($Z$1&"$B$5:$B$304"),$M26)) | D26: =IF($M26="","",INDEX(INDIRECT($Z$1&"$C$5:$C$304"),$M26)) | E26: =IF($M26="","",INDEX(INDIRECT($Z$1&"$E$5:$E$304"),$M26)) | F26: =IF($M26="","",INDEX(INDIRECT($Z$1&"$F$5:$F$304"),$M26)) | G26: =IF($M26="","",INDEX(INDIRECT($Z$1&"$G$5:$G$304"),$M26)) | H26: =IF($M26="","",INDEX(INDIRECT($Z$1&"$H$5:$H$304"),$M26)) | I26: =IF($M26="","",INDEX(INDIRECT($Z$1&"$I$5:$I$304"),$M26)) | J26: =IF($M26="","",INDEX(INDIRECT($Z$1&"$J$5:$J$304"),$M26)) | M26: {=IFERROR(SMALL(IF(INDIRECT($Z$1&"$P$5:$P$304")=1,ROW(INDIRECT($Z$1&"$A$5:$A$304"))-ROW(INDIRECT($Z$1&"$A$5"))+1),11),"")}
B27: =IF($M27="","",INDEX(INDIRECT($Z$1&"$A$5:$A$304"),$M27)) | C27: =IF($M27="","",INDEX(INDIRECT($Z$1&"$B$5:$B$304"),$M27)) | D27: =IF($M27="","",INDEX(INDIRECT($Z$1&"$C$5:$C$304"),$M27)) | E27: =IF($M27="","",INDEX(INDIRECT($Z$1&"$E$5:$E$304"),$M27)) | F27: =IF($M27="","",INDEX(INDIRECT($Z$1&"$F$5:$F$304"),$M27)) | G27: =IF($M27="","",INDEX(INDIRECT($Z$1&"$G$5:$G$304"),$M27)) | H27: =IF($M27="","",INDEX(INDIRECT($Z$1&"$H$5:$H$304"),$M27)) | I27: =IF($M27="","",INDEX(INDIRECT($Z$1&"$I$5:$I$304"),$M27)) | J27: =IF($M27="","",INDEX(INDIRECT($Z$1&"$J$5:$J$304"),$M27)) | M27: {=IFERROR(SMALL(IF(INDIRECT($Z$1&"$P$5:$P$304")=1,ROW(INDIRECT($Z$1&"$A$5:$A$304"))-ROW(INDIRECT($Z$1&"$A$5"))+1),12),"")}
B28: =IF($M28="","",INDEX(INDIRECT($Z$1&"$A$5:$A$304"),$M28)) | C28: =IF($M28="","",INDEX(INDIRECT($Z$1&"$B$5:$B$304"),$M28)) | D28: =IF($M28="","",INDEX(INDIRECT($Z$1&"$C$5:$C$304"),$M28)) | E28: =IF($M28="","",INDEX(INDIRECT($Z$1&"$E$5:$E$304"),$M28)) | F28: =IF($M28="","",INDEX(INDIRECT($Z$1&"$F$5:$F$304"),$M28)) | G28: =IF($M28="","",INDEX(INDIRECT($Z$1&"$G$5:$G$304"),$M28)) | H28: =IF($M28="","",INDEX(INDIRECT($Z$1&"$H$5:$H$304"),$M28)) | I28: =IF($M28="","",INDEX(INDIRECT($Z$1&"$I$5:$I$304"),$M28)) | J28: =IF($M28="","",INDEX(INDIRECT($Z$1&"$J$5:$J$304"),$M28)) | M28: {=IFERROR(SMALL(IF(INDIRECT($Z$1&"$P$5:$P$304")=1,ROW(INDIRECT($Z$1&"$A$5:$A$304"))-ROW(INDIRECT($Z$1&"$A$5"))+1),13),"")}
B29: =IF($M29="","",INDEX(INDIRECT($Z$1&"$A$5:$A$304"),$M29)) | C29: =IF($M29="","",INDEX(INDIRECT($Z$1&"$B$5:$B$304"),$M29)) | D29: =IF($M29="","",INDEX(INDIRECT($Z$1&"$C$5:$C$304"),$M29)) | E29: =IF($M29="","",INDEX(INDIRECT($Z$1&"$E$5:$E$304"),$M29)) | F29: =IF($M29="","",INDEX(INDIRECT($Z$1&"$F$5:$F$304"),$M29)) | G29: =IF($M29="","",INDEX(INDIRECT($Z$1&"$G$5:$G$304"),$M29)) | H29: =IF($M29="","",INDEX(INDIRECT($Z$1&"$H$5:$H$304"),$M29)) | I29: =IF($M29="","",INDEX(INDIRECT($Z$1&"$I$5:$I$304"),$M29)) | J29: =IF($M29="","",INDEX(INDIRECT($Z$1&"$J$5:$J$304"),$M29)) | M29: {=IFERROR(SMALL(IF(INDIRECT($Z$1&"$P$5:$P$304")=1,ROW(INDIRECT($Z$1&"$A$5:$A$304"))-ROW(INDIRECT($Z$1&"$A$5"))+1),14),"")}
B30: =IF($M30="","",INDEX(INDIRECT($Z$1&"$A$5:$A$304"),$M30)) | C30: =IF($M30="","",INDEX(INDIRECT($Z$1&"$B$5:$B$304"),$M30)) | D30: =IF($M30="","",INDEX(INDIRECT($Z$1&"$C$5:$C$304"),$M30)) | E30: =IF($M30="","",INDEX(INDIRECT($Z$1&"$E$5:$E$304"),$M30)) | F30: =IF($M30="","",INDEX(INDIRECT($Z$1&"$F$5:$F$304"),$M30)) | G30: =IF($M30="","",INDEX(INDIRECT($Z$1&"$G$5:$G$304"),$M30)) | H30: =IF($M30="","",INDEX(INDIRECT($Z$1&"$H$5:$H$304"),$M30)) | I30: =IF($M30="","",INDEX(INDIRECT($Z$1&"$I$5:$I$304"),$M30)) | J30: =IF($M30="","",INDEX(INDIRECT($Z$1&"$J$5:$J$304"),$M30)) | M30: {=IFERROR(SMALL(IF(INDIRECT($Z$1&"$P$5:$P$304")=1,ROW(INDIRECT($Z$1&"$A$5:$A$304"))-ROW(INDIRECT($Z$1&"$A$5"))+1),15),"")}
B31: =IF($M31="","",INDEX(INDIRECT($Z$1&"$A$5:$A$304"),$M31)) | C31: =IF($M31="","",INDEX(INDIRECT($Z$1&"$B$5:$B$304"),$M31)) | D31: =IF($M31="","",INDEX(INDIRECT($Z$1&"$C$5:$C$304"),$M31)) | E31: =IF($M31="","",INDEX(INDIRECT($Z$1&"$E$5:$E$304"),$M31)) | F31: =IF($M31="","",INDEX(INDIRECT($Z$1&"$F$5:$F$304"),$M31)) | G31: =IF($M31="","",INDEX(INDIRECT($Z$1&"$G$5:$G$304"),$M31)) | H31: =IF($M31="","",INDEX(INDIRECT($Z$1&"$H$5:$H$304"),$M31)) | I31: =IF($M31="","",INDEX(INDIRECT($Z$1&"$I$5:$I$304"),$M31)) | J31: =IF($M31="","",INDEX(INDIRECT($Z$1&"$J$5:$J$304"),$M31)) | M31: {=IFERROR(SMALL(IF(INDIRECT($Z$1&"$P$5:$P$304")=1,ROW(INDIRECT($Z$1&"$A$5:$A$304"))-ROW(INDIRECT($Z$1&"$A$5"))+1),16),"")}
B32: =IF($M32="","",INDEX(INDIRECT($Z$1&"$A$5:$A$304"),$M32)) | C32: =IF($M32="","",INDEX(INDIRECT($Z$1&"$B$5:$B$304"),$M32)) | D32: =IF($M32="","",INDEX(INDIRECT($Z$1&"$C$5:$C$304"),$M32)) | E32: =IF($M32="","",INDEX(INDIRECT($Z$1&"$E$5:$E$304"),$M32)) | F32: =IF($M32="","",INDEX(INDIRECT($Z$1&"$F$5:$F$304"),$M32)) | G32: =IF($M32="","",INDEX(INDIRECT($Z$1&"$G$5:$G$304"),$M32)) | H32: =IF($M32="","",INDEX(INDIRECT($Z$1&"$H$5:$H$304"),$M32)) | I32: =IF($M32="","",INDEX(INDIRECT($Z$1&"$I$5:$I$304"),$M32)) | J32: =IF($M32="","",INDEX(INDIRECT($Z$1&"$J$5:$J$304"),$M32)) | M32: {=IFERROR(SMALL(IF(INDIRECT($Z$1&"$P$5:$P$304")=1,ROW(INDIRECT($Z$1&"$A$5:$A$304"))-ROW(INDIRECT($Z$1&"$A$5"))+1),17),"")}
B33: =IF($M33="","",INDEX(INDIRECT($Z$1&"$A$5:$A$304"),$M33)) | C33: =IF($M33="","",INDEX(INDIRECT($Z$1&"$B$5:$B$304"),$M33)) | D33: =IF($M33="","",INDEX(INDIRECT($Z$1&"$C$5:$C$304"),$M33)) | E33: =IF($M33="","",INDEX(INDIRECT($Z$1&"$E$5:$E$304"),$M33)) | F33: =IF($M33="","",INDEX(INDIRECT($Z$1&"$F$5:$F$304"),$M33)) | G33: =IF($M33="","",INDEX(INDIRECT($Z$1&"$G$5:$G$304"),$M33)) | H33: =IF($M33="","",INDEX(INDIRECT($Z$1&"$H$5:$H$304"),$M33)) | I33: =IF($M33="","",INDEX(INDIRECT($Z$1&"$I$5:$I$304"),$M33)) | J33: =IF($M33="","",INDEX(INDIRECT($Z$1&"$J$5:$J$304"),$M33)) | M33: {=IFERROR(SMALL(IF(INDIRECT($Z$1&"$P$5:$P$304")=1,ROW(INDIRECT($Z$1&"$A$5:$A$304"))-ROW(INDIRECT($Z$1&"$A$5"))+1),18),"")}
B34: =IF($M34="","",INDEX(INDIRECT($Z$1&"$A$5:$A$304"),$M34)) | C34: =IF($M34="","",INDEX(INDIRECT($Z$1&"$B$5:$B$304"),$M34)) | D34: =IF($M34="","",INDEX(INDIRECT($Z$1&"$C$5:$C$304"),$M34)) | E34: =IF($M34="","",INDEX(INDIRECT($Z$1&"$E$5:$E$304"),$M34)) | F34: =IF($M34="","",INDEX(INDIRECT($Z$1&"$F$5:$F$304"),$M34)) | G34: =IF($M34="","",INDEX(INDIRECT($Z$1&"$G$5:$G$304"),$M34)) | H34: =IF($M34="","",INDEX(INDIRECT($Z$1&"$H$5:$H$304"),$M34)) | I34: =IF($M34="","",INDEX(INDIRECT($Z$1&"$I$5:$I$304"),$M34)) | J34: =IF($M34="","",INDEX(INDIRECT($Z$1&"$J$5:$J$304"),$M34)) | M34: {=IFERROR(SMALL(IF(INDIRECT($Z$1&"$P$5:$P$304")=1,ROW(INDIRECT($Z$1&"$A$5:$A$304"))-ROW(INDIRECT($Z$1&"$A$5"))+1),19),"")}
B35: =IF($M35="","",INDEX(INDIRECT($Z$1&"$A$5:$A$304"),$M35)) | C35: =IF($M35="","",INDEX(INDIRECT($Z$1&"$B$5:$B$304"),$M35)) | D35: =IF($M35="","",INDEX(INDIRECT($Z$1&"$C$5:$C$304"),$M35)) | E35: =IF($M35="","",INDEX(INDIRECT($Z$1&"$E$5:$E$304"),$M35)) | F35: =IF($M35="","",INDEX(INDIRECT($Z$1&"$F$5:$F$304"),$M35)) | G35: =IF($M35="","",INDEX(INDIRECT($Z$1&"$G$5:$G$304"),$M35)) | H35: =IF($M35="","",INDEX(INDIRECT($Z$1&"$H$5:$H$304"),$M35)) | I35: =IF($M35="","",INDEX(INDIRECT($Z$1&"$I$5:$I$304"),$M35)) | J35: =IF($M35="","",INDEX(INDIRECT($Z$1&"$J$5:$J$304"),$M35)) | M35: {=IFERROR(SMALL(IF(INDIRECT($Z$1&"$P$5:$P$304")=1,ROW(INDIRECT($Z$1&"$A$5:$A$304"))-ROW(INDIRECT($Z$1&"$A$5"))+1),20),"")}
B36: =IF($M36="","",INDEX(INDIRECT($Z$1&"$A$5:$A$304"),$M36)) | C36: =IF($M36="","",INDEX(INDIRECT($Z$1&"$B$5:$B$304"),$M36)) | D36: =IF($M36="","",INDEX(INDIRECT($Z$1&"$C$5:$C$304"),$M36)) | E36: =IF($M36="","",INDEX(INDIRECT($Z$1&"$E$5:$E$304"),$M36)) | F36: =IF($M36="","",INDEX(INDIRECT($Z$1&"$F$5:$F$304"),$M36)) | G36: =IF($M36="","",INDEX(INDIRECT($Z$1&"$G$5:$G$304"),$M36)) | H36: =IF($M36="","",INDEX(INDIRECT($Z$1&"$H$5:$H$304"),$M36)) | I36: =IF($M36="","",INDEX(INDIRECT($Z$1&"$I$5:$I$304"),$M36)) | J36: =IF($M36="","",INDEX(INDIRECT($Z$1&"$J$5:$J$304"),$M36)) | M36: {=IFERROR(SMALL(IF(INDIRECT($Z$1&"$P$5:$P$304")=1,ROW(INDIRECT($Z$1&"$A$5:$A$304"))-ROW(INDIRECT($Z$1&"$A$5"))+1),21),"")}
B37: =IF($M37="","",INDEX(INDIRECT($Z$1&"$A$5:$A$304"),$M37)) | C37: =IF($M37="","",INDEX(INDIRECT($Z$1&"$B$5:$B$304"),$M37)) | D37: =IF($M37="","",INDEX(INDIRECT($Z$1&"$C$5:$C$304"),$M37)) | E37: =IF($M37="","",INDEX(INDIRECT($Z$1&"$E$5:$E$304"),$M37)) | F37: =IF($M37="","",INDEX(INDIRECT($Z$1&"$F$5:$F$304"),$M37)) | G37: =IF($M37="","",INDEX(INDIRECT($Z$1&"$G$5:$G$304"),$M37)) | H37: =IF($M37="","",INDEX(INDIRECT($Z$1&"$H$5:$H$304"),$M37)) | I37: =IF($M37="","",INDEX(INDIRECT($Z$1&"$I$5:$I$304"),$M37)) | J37: =IF($M37="","",INDEX(INDIRECT($Z$1&"$J$5:$J$304"),$M37)) | M37: {=IFERROR(SMALL(IF(INDIRECT($Z$1&"$P$5:$P$304")=1,ROW(INDIRECT($Z$1&"$A$5:$A$304"))-ROW(INDIRECT($Z$1&"$A$5"))+1),22),"")}
B38: =IF($M38="","",INDEX(INDIRECT($Z$1&"$A$5:$A$304"),$M38)) | C38: =IF($M38="","",INDEX(INDIRECT($Z$1&"$B$5:$B$304"),$M38)) | D38: =IF($M38="","",INDEX(INDIRECT($Z$1&"$C$5:$C$304"),$M38)) | E38: =IF($M38="","",INDEX(INDIRECT($Z$1&"$E$5:$E$304"),$M38)) | F38: =IF($M38="","",INDEX(INDIRECT($Z$1&"$F$5:$F$304"),$M38)) | G38: =IF($M38="","",INDEX(INDIRECT($Z$1&"$G$5:$G$304"),$M38)) | H38: =IF($M38="","",INDEX(INDIRECT($Z$1&"$H$5:$H$304"),$M38)) | I38: =IF($M38="","",INDEX(INDIRECT($Z$1&"$I$5:$I$304"),$M38)) | J38: =IF($M38="","",INDEX(INDIRECT($Z$1&"$J$5:$J$304"),$M38)) | M38: {=IFERROR(SMALL(IF(INDIRECT($Z$1&"$P$5:$P$304")=1,ROW(INDIRECT($Z$1&"$A$5:$A$304"))-ROW(INDIRECT($Z$1&"$A$5"))+1),23),"")}
B39: =IF($M39="","",INDEX(INDIRECT($Z$1&"$A$5:$A$304"),$M39)) | C39: =IF($M39="","",INDEX(INDIRECT($Z$1&"$B$5:$B$304"),$M39)) | D39: =IF($M39="","",INDEX(INDIRECT($Z$1&"$C$5:$C$304"),$M39)) | E39: =IF($M39="","",INDEX(INDIRECT($Z$1&"$E$5:$E$304"),$M39)) | F39: =IF($M39="","",INDEX(INDIRECT($Z$1&"$F$5:$F$304"),$M39)) | G39: =IF($M39="","",INDEX(INDIRECT($Z$1&"$G$5:$G$304"),$M39)) | H39: =IF($M39="","",INDEX(INDIRECT($Z$1&"$H$5:$H$304"),$M39)) | I39: =IF($M39="","",INDEX(INDIRECT($Z$1&"$I$5:$I$304"),$M39)) | J39: =IF($M39="","",INDEX(INDIRECT($Z$1&"$J$5:$J$304"),$M39)) | M39: {=IFERROR(SMALL(IF(INDIRECT($Z$1&"$P$5:$P$304")=1,ROW(INDIRECT($Z$1&"$A$5:$A$304"))-ROW(INDIRECT($Z$1&"$A$5"))+1),24),"")}
B40: =IF($M40="","",INDEX(INDIRECT($Z$1&"$A$5:$A$304"),$M40)) | C40: =IF($M40="","",INDEX(INDIRECT($Z$1&"$B$5:$B$304"),$M40)) | D40: =IF($M40="","",INDEX(INDIRECT($Z$1&"$C$5:$C$304"),$M40)) | E40: =IF($M40="","",INDEX(INDIRECT($Z$1&"$E$5:$E$304"),$M40)) | F40: =IF($M40="","",INDEX(INDIRECT($Z$1&"$F$5:$F$304"),$M40)) | G40: =IF($M40="","",INDEX(INDIRECT($Z$1&"$G$5:$G$304"),$M40)) | H40: =IF($M40="","",INDEX(INDIRECT($Z$1&"$H$5:$H$304"),$M40)) | I40: =IF($M40="","",INDEX(INDIRECT($Z$1&"$I$5:$I$304"),$M40)) | J40: =IF($M40="","",INDEX(INDIRECT($Z$1&"$J$5:$J$304"),$M40)) | M40: {=IFERROR(SMALL(IF(INDIRECT($Z$1&"$P$5:$P$304")=1,ROW(INDIRECT($Z$1&"$A$5:$A$304"))-ROW(INDIRECT($Z$1&"$A$5"))+1),25),"")}
B41: =IF($M41="","",INDEX(INDIRECT($Z$1&"$A$5:$A$304"),$M41)) | C41: =IF($M41="","",INDEX(INDIRECT($Z$1&"$B$5:$B$304"),$M41)) | D41: =IF($M41="","",INDEX(INDIRECT($Z$1&"$C$5:$C$304"),$M41)) | E41: =IF($M41="","",INDEX(INDIRECT($Z$1&"$E$5:$E$304"),$M41)) | F41: =IF($M41="","",INDEX(INDIRECT($Z$1&"$F$5:$F$304"),$M41)) | G41: =IF($M41="","",INDEX(INDIRECT($Z$1&"$G$5:$G$304"),$M41)) | H41: =IF($M41="","",INDEX(INDIRECT($Z$1&"$H$5:$H$304"),$M41)) | I41: =IF($M41="","",INDEX(INDIRECT($Z$1&"$I$5:$I$304"),$M41)) | J41: =IF($M41="","",INDEX(INDIRECT($Z$1&"$J$5:$J$304"),$M41)) | M41: {=IFERROR(SMALL(IF(INDIRECT($Z$1&"$P$5:$P$304")=1,ROW(INDIRECT($Z$1&"$A$5:$A$304"))-ROW(INDIRECT($Z$1&"$A$5"))+1),26),"")}
B42: =IF($M42="","",INDEX(INDIRECT($Z$1&"$A$5:$A$304"),$M42)) | C42: =IF($M42="","",INDEX(INDIRECT($Z$1&"$B$5:$B$304"),$M42)) | D42: =IF($M42="","",INDEX(INDIRECT($Z$1&"$C$5:$C$304"),$M42)) | E42: =IF($M42="","",INDEX(INDIRECT($Z$1&"$E$5:$E$304"),$M42)) | F42: =IF($M42="","",INDEX(INDIRECT($Z$1&"$F$5:$F$304"),$M42)) | G42: =IF($M42="","",INDEX(INDIRECT($Z$1&"$G$5:$G$304"),$M42)) | H42: =IF($M42="","",INDEX(INDIRECT($Z$1&"$H$5:$H$304"),$M42)) | I42: =IF($M42="","",INDEX(INDIRECT($Z$1&"$I$5:$I$304"),$M42)) | J42: =IF($M42="","",INDEX(INDIRECT($Z$1&"$J$5:$J$304"),$M42)) | M42: {=IFERROR(SMALL(IF(INDIRECT($Z$1&"$P$5:$P$304")=1,ROW(INDIRECT($Z$1&"$A$5:$A$304"))-ROW(INDIRECT($Z$1&"$A$5"))+1),27),"")}
B43: =IF($M43="","",INDEX(INDIRECT($Z$1&"$A$5:$A$304"),$M43)) | C43: =IF($M43="","",INDEX(INDIRECT($Z$1&"$B$5:$B$304"),$M43)) | D43: =IF($M43="","",INDEX(INDIRECT($Z$1&"$C$5:$C$304"),$M43)) | E43: =IF($M43="","",INDEX(INDIRECT($Z$1&"$E$5:$E$304"),$M43)) | F43: =IF($M43="","",INDEX(INDIRECT($Z$1&"$F$5:$F$304"),$M43)) | G43: =IF($M43="","",INDEX(INDIRECT($Z$1&"$G$5:$G$304"),$M43)) | H43: =IF($M43="","",INDEX(INDIRECT($Z$1&"$H$5:$H$304"),$M43)) | I43: =IF($M43="","",INDEX(INDIRECT($Z$1&"$I$5:$I$304"),$M43)) | J43: =IF($M43="","",INDEX(INDIRECT($Z$1&"$J$5:$J$304"),$M43)) | M43: {=IFERROR(SMALL(IF(INDIRECT($Z$1&"$P$5:$P$304")=1,ROW(INDIRECT($Z$1&"$A$5:$A$304"))-ROW(INDIRECT($Z$1&"$A$5"))+1),28),"")}
B44: =IF($M44="","",INDEX(INDIRECT($Z$1&"$A$5:$A$304"),$M44)) | C44: =IF($M44="","",INDEX(INDIRECT($Z$1&"$B$5:$B$304"),$M44)) | D44: =IF($M44="","",INDEX(INDIRECT($Z$1&"$C$5:$C$304"),$M44)) | E44: =IF($M44="","",INDEX(INDIRECT($Z$1&"$E$5:$E$304"),$M44)) | F44: =IF($M44="","",INDEX(INDIRECT($Z$1&"$F$5:$F$304"),$M44)) | G44: =IF($M44="","",INDEX(INDIRECT($Z$1&"$G$5:$G$304"),$M44)) | H44: =IF($M44="","",INDEX(INDIRECT($Z$1&"$H$5:$H$304"),$M44)) | I44: =IF($M44="","",INDEX(INDIRECT($Z$1&"$I$5:$I$304"),$M44)) | J44: =IF($M44="","",INDEX(INDIRECT($Z$1&"$J$5:$J$304"),$M44)) | M44: {=IFERROR(SMALL(IF(INDIRECT($Z$1&"$P$5:$P$304")=1,ROW(INDIRECT($Z$1&"$A$5:$A$304"))-ROW(INDIRECT($Z$1&"$A$5"))+1),29),"")}
B45: =IF($M45="","",INDEX(INDIRECT($Z$1&"$A$5:$A$304"),$M45)) | C45: =IF($M45="","",INDEX(INDIRECT($Z$1&"$B$5:$B$304"),$M45)) | D45: =IF($M45="","",INDEX(INDIRECT($Z$1&"$C$5:$C$304"),$M45)) | E45: =IF($M45="","",INDEX(INDIRECT($Z$1&"$E$5:$E$304"),$M45)) | F45: =IF($M45="","",INDEX(INDIRECT($Z$1&"$F$5:$F$304"),$M45)) | G45: =IF($M45="","",INDEX(INDIRECT($Z$1&"$G$5:$G$304"),$M45)) | H45: =IF($M45="","",INDEX(INDIRECT($Z$1&"$H$5:$H$304"),$M45)) | I45: =IF($M45="","",INDEX(INDIRECT($Z$1&"$I$5:$I$304"),$M45)) | J45: =IF($M45="","",INDEX(INDIRECT($Z$1&"$J$5:$J$304"),$M45)) | M45: {=IFERROR(SMALL(IF(INDIRECT($Z$1&"$P$5:$P$304")=1,ROW(INDIRECT($Z$1&"$A$5:$A$304"))-ROW(INDIRECT($Z$1&"$A$5"))+1),30),"")}
B46: =IF($M46="","",INDEX(INDIRECT($Z$1&"$A$5:$A$304"),$M46)) | C46: =IF($M46="","",INDEX(INDIRECT($Z$1&"$B$5:$B$304"),$M46)) | D46: =IF($M46="","",INDEX(INDIRECT($Z$1&"$C$5:$C$304"),$M46)) | E46: =IF($M46="","",INDEX(INDIRECT($Z$1&"$E$5:$E$304"),$M46)) | F46: =IF($M46="","",INDEX(INDIRECT($Z$1&"$F$5:$F$304"),$M46)) | G46: =IF($M46="","",INDEX(INDIRECT($Z$1&"$G$5:$G$304"),$M46)) | H46: =IF($M46="","",INDEX(INDIRECT($Z$1&"$H$5:$H$304"),$M46)) | I46: =IF($M46="","",INDEX(INDIRECT($Z$1&"$I$5:$I$304"),$M46)) | J46: =IF($M46="","",INDEX(INDIRECT($Z$1&"$J$5:$J$304"),$M46)) | M46: {=IFERROR(SMALL(IF(INDIRECT($Z$1&"$P$5:$P$304")=1,ROW(INDIRECT($Z$1&"$A$5:$A$304"))-ROW(INDIRECT($Z$1&"$A$5"))+1),31),"")}
B47: =IF($M47="","",INDEX(INDIRECT($Z$1&"$A$5:$A$304"),$M47)) | C47: =IF($M47="","",INDEX(INDIRECT($Z$1&"$B$5:$B$304"),$M47)) | D47: =IF($M47="","",INDEX(INDIRECT($Z$1&"$C$5:$C$304"),$M47)) | E47: =IF($M47="","",INDEX(INDIRECT($Z$1&"$E$5:$E$304"),$M47)) | F47: =IF($M47="","",INDEX(INDIRECT($Z$1&"$F$5:$F$304"),$M47)) | G47: =IF($M47="","",INDEX(INDIRECT($Z$1&"$G$5:$G$304"),$M47)) | H47: =IF($M47="","",INDEX(INDIRECT($Z$1&"$H$5:$H$304"),$M47)) | I47: =IF($M47="","",INDEX(INDIRECT($Z$1&"$I$5:$I$304"),$M47)) | J47: =IF($M47="","",INDEX(INDIRECT($Z$1&"$J$5:$J$304"),$M47)) | M47: {=IFERROR(SMALL(IF(INDIRECT($Z$1&"$P$5:$P$304")=1,ROW(INDIRECT($Z$1&"$A$5:$A$304"))-ROW(INDIRECT($Z$1&"$A$5"))+1),32),"")}
B48: =IF($M48="","",INDEX(INDIRECT($Z$1&"$A$5:$A$304"),$M48)) | C48: =IF($M48="","",INDEX(INDIRECT($Z$1&"$B$5:$B$304"),$M48)) | D48: =IF($M48="","",INDEX(INDIRECT($Z$1&"$C$5:$C$304"),$M48)) | E48: =IF($M48="","",INDEX(INDIRECT($Z$1&"$E$5:$E$304"),$M48)) | F48: =IF($M48="","",INDEX(INDIRECT($Z$1&"$F$5:$F$304"),$M48)) | G48: =IF($M48="","",INDEX(INDIRECT($Z$1&"$G$5:$G$304"),$M48)) | H48: =IF($M48="","",INDEX(INDIRECT($Z$1&"$H$5:$H$304"),$M48)) | I48: =IF($M48="","",INDEX(INDIRECT($Z$1&"$I$5:$I$304"),$M48)) | J48: =IF($M48="","",INDEX(INDIRECT($Z$1&"$J$5:$J$304"),$M48)) | M48: {=IFERROR(SMALL(IF(INDIRECT($Z$1&"$P$5:$P$304")=1,ROW(INDIRECT($Z$1&"$A$5:$A$304"))-ROW(INDIRECT($Z$1&"$A$5"))+1),33),"")}
B49: =IF($M49="","",INDEX(INDIRECT($Z$1&"$A$5:$A$304"),$M49)) | C49: =IF($M49="","",INDEX(INDIRECT($Z$1&"$B$5:$B$304"),$M49)) | D49: =IF($M49="","",INDEX(INDIRECT($Z$1&"$C$5:$C$304"),$M49)) | E49: =IF($M49="","",INDEX(INDIRECT($Z$1&"$E$5:$E$304"),$M49)) | F49: =IF($M49="","",INDEX(INDIRECT($Z$1&"$F$5:$F$304"),$M49)) | G49: =IF($M49="","",INDEX(INDIRECT($Z$1&"$G$5:$G$304"),$M49)) | H49: =IF($M49="","",INDEX(INDIRECT($Z$1&"$H$5:$H$304"),$M49)) | I49: =IF($M49="","",INDEX(INDIRECT($Z$1&"$I$5:$I$304"),$M49)) | J49: =IF($M49="","",INDEX(INDIRECT($Z$1&"$J$5:$J$304"),$M49)) | M49: {=IFERROR(SMALL(IF(INDIRECT($Z$1&"$P$5:$P$304")=1,ROW(INDIRECT($Z$1&"$A$5:$A$304"))-ROW(INDIRECT($Z$1&"$A$5"))+1),34),"")}
B50: =IF($M50="","",INDEX(INDIRECT($Z$1&"$A$5:$A$304"),$M50)) | C50: =IF($M50="","",INDEX(INDIRECT($Z$1&"$B$5:$B$304"),$M50)) | D50: =IF($M50="","",INDEX(INDIRECT($Z$1&"$C$5:$C$304"),$M50)) | E50: =IF($M50="","",INDEX(INDIRECT($Z$1&"$E$5:$E$304"),$M50)) | F50: =IF($M50="","",INDEX(INDIRECT($Z$1&"$F$5:$F$304"),$M50)) | G50: =IF($M50="","",INDEX(INDIRECT($Z$1&"$G$5:$G$304"),$M50)) | H50: =IF($M50="","",INDEX(INDIRECT($Z$1&"$H$5:$H$304"),$M50)) | I50: =IF($M50="","",INDEX(INDIRECT($Z$1&"$I$5:$I$304"),$M50)) | J50: =IF($M50="","",INDEX(INDIRECT($Z$1&"$J$5:$J$304"),$M50)) | M50: {=IFERROR(SMALL(IF(INDIRECT($Z$1&"$P$5:$P$304")=1,ROW(INDIRECT($Z$1&"$A$5:$A$304"))-ROW(INDIRECT($Z$1&"$A$5"))+1),35),"")}
B51: =IF($M51="","",INDEX(INDIRECT($Z$1&"$A$5:$A$304"),$M51)) | C51: =IF($M51="","",INDEX(INDIRECT($Z$1&"$B$5:$B$304"),$M51)) | D51: =IF($M51="","",INDEX(INDIRECT($Z$1&"$C$5:$C$304"),$M51)) | E51: =IF($M51="","",INDEX(INDIRECT($Z$1&"$E$5:$E$304"),$M51)) | F51: =IF($M51="","",INDEX(INDIRECT($Z$1&"$F$5:$F$304"),$M51)) | G51: =IF($M51="","",INDEX(INDIRECT($Z$1&"$G$5:$G$304"),$M51)) | H51: =IF($M51="","",INDEX(INDIRECT($Z$1&"$H$5:$H$304"),$M51)) | I51: =IF($M51="","",INDEX(INDIRECT($Z$1&"$I$5:$I$304"),$M51)) | J51: =IF($M51="","",INDEX(INDIRECT($Z$1&"$J$5:$J$304"),$M51)) | M51: {=IFERROR(SMALL(IF(INDIRECT($Z$1&"$P$5:$P$304")=1,ROW(INDIRECT($Z$1&"$A$5:$A$304"))-ROW(INDIRECT($Z$1&"$A$5"))+1),36),"")}
B52: =IF($M52="","",INDEX(INDIRECT($Z$1&"$A$5:$A$304"),$M52)) | C52: =IF($M52="","",INDEX(INDIRECT($Z$1&"$B$5:$B$304"),$M52)) | D52: =IF($M52="","",INDEX(INDIRECT($Z$1&"$C$5:$C$304"),$M52)) | E52: =IF($M52="","",INDEX(INDIRECT($Z$1&"$E$5:$E$304"),$M52)) | F52: =IF($M52="","",INDEX(INDIRECT($Z$1&"$F$5:$F$304"),$M52)) | G52: =IF($M52="","",INDEX(INDIRECT($Z$1&"$G$5:$G$304"),$M52)) | H52: =IF($M52="","",INDEX(INDIRECT($Z$1&"$H$5:$H$304"),$M52)) | I52: =IF($M52="","",INDEX(INDIRECT($Z$1&"$I$5:$I$304"),$M52)) | J52: =IF($M52="","",INDEX(INDIRECT($Z$1&"$J$5:$J$304"),$M52)) | M52: {=IFERROR(SMALL(IF(INDIRECT($Z$1&"$P$5:$P$304")=1,ROW(INDIRECT($Z$1&"$A$5:$A$304"))-ROW(INDIRECT($Z$1&"$A$5"))+1),37),"")}
B53: =IF($M53="","",INDEX(INDIRECT($Z$1&"$A$5:$A$304"),$M53)) | C53: =IF($M53="","",INDEX(INDIRECT($Z$1&"$B$5:$B$304"),$M53)) | D53: =IF($M53="","",INDEX(INDIRECT($Z$1&"$C$5:$C$304"),$M53)) | E53: =IF($M53="","",INDEX(INDIRECT($Z$1&"$E$5:$E$304"),$M53)) | F53: =IF($M53="","",INDEX(INDIRECT($Z$1&"$F$5:$F$304"),$M53)) | G53: =IF($M53="","",INDEX(INDIRECT($Z$1&"$G$5:$G$304"),$M53)) | H53: =IF($M53="","",INDEX(INDIRECT($Z$1&"$H$5:$H$304"),$M53)) | I53: =IF($M53="","",INDEX(INDIRECT($Z$1&"$I$5:$I$304"),$M53)) | J53: =IF($M53="","",INDEX(INDIRECT($Z$1&"$J$5:$J$304"),$M53)) | M53: {=IFERROR(SMALL(IF(INDIRECT($Z$1&"$P$5:$P$304")=1,ROW(INDIRECT($Z$1&"$A$5:$A$304"))-ROW(INDIRECT($Z$1&"$A$5"))+1),38),"")}
B54: =IF($M54="","",INDEX(INDIRECT($Z$1&"$A$5:$A$304"),$M54)) | C54: =IF($M54="","",INDEX(INDIRECT($Z$1&"$B$5:$B$304"),$M54)) | D54: =IF($M54="","",INDEX(INDIRECT($Z$1&"$C$5:$C$304"),$M54)) | E54: =IF($M54="","",INDEX(INDIRECT($Z$1&"$E$5:$E$304"),$M54)) | F54: =IF($M54="","",INDEX(INDIRECT($Z$1&"$F$5:$F$304"),$M54)) | G54: =IF($M54="","",INDEX(INDIRECT($Z$1&"$G$5:$G$304"),$M54)) | H54: =IF($M54="","",INDEX(INDIRECT($Z$1&"$H$5:$H$304"),$M54)) | I54: =IF($M54="","",INDEX(INDIRECT($Z$1&"$I$5:$I$304"),$M54)) | J54: =IF($M54="","",INDEX(INDIRECT($Z$1&"$J$5:$J$304"),$M54)) | M54: {=IFERROR(SMALL(IF(INDIRECT($Z$1&"$P$5:$P$304")=1,ROW(INDIRECT($Z$1&"$A$5:$A$304"))-ROW(INDIRECT($Z$1&"$A$5"))+1),39),"")}
B55: =IF($M55="","",INDEX(INDIRECT($Z$1&"$A$5:$A$304"),$M55)) | C55: =IF($M55="","",INDEX(INDIRECT($Z$1&"$B$5:$B$304"),$M55)) | D55: =IF($M55="","",INDEX(INDIRECT($Z$1&"$C$5:$C$304"),$M55)) | E55: =IF($M55="","",INDEX(INDIRECT($Z$1&"$E$5:$E$304"),$M55)) | F55: =IF($M55="","",INDEX(INDIRECT($Z$1&"$F$5:$F$304"),$M55)) | G55: =IF($M55="","",INDEX(INDIRECT($Z$1&"$G$5:$G$304"),$M55)) | H55: =IF($M55="","",INDEX(INDIRECT($Z$1&"$H$5:$H$304"),$M55)) | I55: =IF($M55="","",INDEX(INDIRECT($Z$1&"$I$5:$I$304"),$M55)) | J55: =IF($M55="","",INDEX(INDIRECT($Z$1&"$J$5:$J$304"),$M55)) | M55: {=IFERROR(SMALL(IF(INDIRECT($Z$1&"$P$5:$P$304")=1,ROW(INDIRECT($Z$1&"$A$5:$A$304"))-ROW(INDIRECT($Z$1&"$A$5"))+1),40),"")}
B56: =IF($M56="","",INDEX(INDIRECT($Z$1&"$A$5:$A$304"),$M56)) | C56: =IF($M56="","",INDEX(INDIRECT($Z$1&"$B$5:$B$304"),$M56)) | D56: =IF($M56="","",INDEX(INDIRECT($Z$1&"$C$5:$C$304"),$M56)) | E56: =IF($M56="","",INDEX(INDIRECT($Z$1&"$E$5:$E$304"),$M56)) | F56: =IF($M56="","",INDEX(INDIRECT($Z$1&"$F$5:$F$304"),$M56)) | G56: =IF($M56="","",INDEX(INDIRECT($Z$1&"$G$5:$G$304"),$M56)) | H56: =IF($M56="","",INDEX(INDIRECT($Z$1&"$H$5:$H$304"),$M56)) | I56: =IF($M56="","",INDEX(INDIRECT($Z$1&"$I$5:$I$304"),$M56)) | J56: =IF($M56="","",INDEX(INDIRECT($Z$1&"$J$5:$J$304"),$M56)) | M56: {=IFERROR(SMALL(IF(INDIRECT($Z$1&"$P$5:$P$304")=1,ROW(INDIRECT($Z$1&"$A$5:$A$304"))-ROW(INDIRECT($Z$1&"$A$5"))+1),41),"")}
B57: =IF($M57="","",INDEX(INDIRECT($Z$1&"$A$5:$A$304"),$M57)) | C57: =IF($M57="","",INDEX(INDIRECT($Z$1&"$B$5:$B$304"),$M57)) | D57: =IF($M57="","",INDEX(INDIRECT($Z$1&"$C$5:$C$304"),$M57)) | E57: =IF($M57="","",INDEX(INDIRECT($Z$1&"$E$5:$E$304"),$M57)) | F57: =IF($M57="","",INDEX(INDIRECT($Z$1&"$F$5:$F$304"),$M57)) | G57: =IF($M57="","",INDEX(INDIRECT($Z$1&"$G$5:$G$304"),$M57)) | H57: =IF($M57="","",INDEX(INDIRECT($Z$1&"$H$5:$H$304"),$M57)) | I57: =IF($M57="","",INDEX(INDIRECT($Z$1&"$I$5:$I$304"),$M57)) | J57: =IF($M57="","",INDEX(INDIRECT($Z$1&"$J$5:$J$304"),$M57)) | M57: {=IFERROR(SMALL(IF(INDIRECT($Z$1&"$P$5:$P$304")=1,ROW(INDIRECT($Z$1&"$A$5:$A$304"))-ROW(INDIRECT($Z$1&"$A$5"))+1),42),"")}
B58: =IF($M58="","",INDEX(INDIRECT($Z$1&"$A$5:$A$304"),$M58)) | C58: =IF($M58="","",INDEX(INDIRECT($Z$1&"$B$5:$B$304"),$M58)) | D58: =IF($M58="","",INDEX(INDIRECT($Z$1&"$C$5:$C$304"),$M58)) | E58: =IF($M58="","",INDEX(INDIRECT($Z$1&"$E$5:$E$304"),$M58)) | F58: =IF($M58="","",INDEX(INDIRECT($Z$1&"$F$5:$F$304"),$M58)) | G58: =IF($M58="","",INDEX(INDIRECT($Z$1&"$G$5:$G$304"),$M58)) | H58: =IF($M58="","",INDEX(INDIRECT($Z$1&"$H$5:$H$304"),$M58)) | I58: =IF($M58="","",INDEX(INDIRECT($Z$1&"$I$5:$I$304"),$M58)) | J58: =IF($M58="","",INDEX(INDIRECT($Z$1&"$J$5:$J$304"),$M58)) | M58: {=IFERROR(SMALL(IF(INDIRECT($Z$1&"$P$5:$P$304")=1,ROW(INDIRECT($Z$1&"$A$5:$A$304"))-ROW(INDIRECT($Z$1&"$A$5"))+1),43),"")}
B59: =IF($M59="","",INDEX(INDIRECT($Z$1&"$A$5:$A$304"),$M59)) | C59: =IF($M59="","",INDEX(INDIRECT($Z$1&"$B$5:$B$304"),$M59)) | D59: =IF($M59="","",INDEX(INDIRECT($Z$1&"$C$5:$C$304"),$M59)) | E59: =IF($M59="","",INDEX(INDIRECT($Z$1&"$E$5:$E$304"),$M59)) | F59: =IF($M59="","",INDEX(INDIRECT($Z$1&"$F$5:$F$304"),$M59)) | G59: =IF($M59="","",INDEX(INDIRECT($Z$1&"$G$5:$G$304"),$M59)) | H59: =IF($M59="","",INDEX(INDIRECT($Z$1&"$H$5:$H$304"),$M59)) | I59: =IF($M59="","",INDEX(INDIRECT($Z$1&"$I$5:$I$304"),$M59)) | J59: =IF($M59="","",INDEX(INDIRECT($Z$1&"$J$5:$J$304"),$M59)) | M59: {=IFERROR(SMALL(IF(INDIRECT($Z$1&"$P$5:$P$304")=1,ROW(INDIRECT($Z$1&"$A$5:$A$304"))-ROW(INDIRECT($Z$1&"$A$5"))+1),44),"")}
B60: =IF($M60="","",INDEX(INDIRECT($Z$1&"$A$5:$A$304"),$M60)) | C60: =IF($M60="","",INDEX(INDIRECT($Z$1&"$B$5:$B$304"),$M60)) | D60: =IF($M60="","",INDEX(INDIRECT($Z$1&"$C$5:$C$304"),$M60)) | E60: =IF($M60="","",INDEX(INDIRECT($Z$1&"$E$5:$E$304"),$M60)) | F60: =IF($M60="","",INDEX(INDIRECT($Z$1&"$F$5:$F$304"),$M60)) | G60: =IF($M60="","",INDEX(INDIRECT($Z$1&"$G$5:$G$304"),$M60)) | H60: =IF($M60="","",INDEX(INDIRECT($Z$1&"$H$5:$H$304"),$M60)) | I60: =IF($M60="","",INDEX(INDIRECT($Z$1&"$I$5:$I$304"),$M60)) | J60: =IF($M60="","",INDEX(INDIRECT($Z$1&"$J$5:$J$304"),$M60)) | M60: {=IFERROR(SMALL(IF(INDIRECT($Z$1&"$P$5:$P$304")=1,ROW(INDIRECT($Z$1&"$A$5:$A$304"))-ROW(INDIRECT($Z$1&"$A$5"))+1),45),"")}
B61: =IF($M61="","",INDEX(INDIRECT($Z$1&"$A$5:$A$304"),$M61)) | C61: =IF($M61="","",INDEX(INDIRECT($Z$1&"$B$5:$B$304"),$M61)) | D61: =IF($M61="","",INDEX(INDIRECT($Z$1&"$C$5:$C$304"),$M61)) | E61: =IF($M61="","",INDEX(INDIRECT($Z$1&"$E$5:$E$304"),$M61)) | F61: =IF($M61="","",INDEX(INDIRECT($Z$1&"$F$5:$F$304"),$M61)) | G61: =IF($M61="","",INDEX(INDIRECT($Z$1&"$G$5:$G$304"),$M61)) | H61: =IF($M61="","",INDEX(INDIRECT($Z$1&"$H$5:$H$304"),$M61)) | I61: =IF($M61="","",INDEX(INDIRECT($Z$1&"$I$5:$I$304"),$M61)) | J61: =IF($M61="","",INDEX(INDIRECT($Z$1&"$J$5:$J$304"),$M61)) | M61: {=IFERROR(SMALL(IF(INDIRECT($Z$1&"$P$5:$P$304")=1,ROW(INDIRECT($Z$1&"$A$5:$A$304"))-ROW(INDIRECT($Z$1&"$A$5"))+1),46),"")}
B62: =IF($M62="","",INDEX(INDIRECT($Z$1&"$A$5:$A$304"),$M62)) | C62: =IF($M62="","",INDEX(INDIRECT($Z$1&"$B$5:$B$304"),$M62)) | D62: =IF($M62="","",INDEX(INDIRECT($Z$1&"$C$5:$C$304"),$M62)) | E62: =IF($M62="","",INDEX(INDIRECT($Z$1&"$E$5:$E$304"),$M62)) | F62: =IF($M62="","",INDEX(INDIRECT($Z$1&"$F$5:$F$304"),$M62)) | G62: =IF($M62="","",INDEX(INDIRECT($Z$1&"$G$5:$G$304"),$M62)) | H62: =IF($M62="","",INDEX(INDIRECT($Z$1&"$H$5:$H$304"),$M62)) | I62: =IF($M62="","",INDEX(INDIRECT($Z$1&"$I$5:$I$304"),$M62)) | J62: =IF($M62="","",INDEX(INDIRECT($Z$1&"$J$5:$J$304"),$M62)) | M62: {=IFERROR(SMALL(IF(INDIRECT($Z$1&"$P$5:$P$304")=1,ROW(INDIRECT($Z$1&"$A$5:$A$304"))-ROW(INDIRECT($Z$1&"$A$5"))+1),47),"")}
B63: =IF($M63="","",INDEX(INDIRECT($Z$1&"$A$5:$A$304"),$M63)) | C63: =IF($M63="","",INDEX(INDIRECT($Z$1&"$B$5:$B$304"),$M63)) | D63: =IF($M63="","",INDEX(INDIRECT($Z$1&"$C$5:$C$304"),$M63)) | E63: =IF($M63="","",INDEX(INDIRECT($Z$1&"$E$5:$E$304"),$M63)) | F63: =IF($M63="","",INDEX(INDIRECT($Z$1&"$F$5:$F$304"),$M63)) | G63: =IF($M63="","",INDEX(INDIRECT($Z$1&"$G$5:$G$304"),$M63)) | H63: =IF($M63="","",INDEX(INDIRECT($Z$1&"$H$5:$H$304"),$M63)) | I63: =IF($M63="","",INDEX(INDIRECT($Z$1&"$I$5:$I$304"),$M63)) | J63: =IF($M63="","",INDEX(INDIRECT($Z$1&"$J$5:$J$304"),$M63)) | M63: {=IFERROR(SMALL(IF(INDIRECT($Z$1&"$P$5:$P$304")=1,ROW(INDIRECT($Z$1&"$A$5:$A$304"))-ROW(INDIRECT($Z$1&"$A$5"))+1),48),"")}
B64: =IF($M64="","",INDEX(INDIRECT($Z$1&"$A$5:$A$304"),$M64)) | C64: =IF($M64="","",INDEX(INDIRECT($Z$1&"$B$5:$B$304"),$M64)) | D64: =IF($M64="","",INDEX(INDIRECT($Z$1&"$C$5:$C$304"),$M64)) | E64: =IF($M64="","",INDEX(INDIRECT($Z$1&"$E$5:$E$304"),$M64)) | F64: =IF($M64="","",INDEX(INDIRECT($Z$1&"$F$5:$F$304"),$M64)) | G64: =IF($M64="","",INDEX(INDIRECT($Z$1&"$G$5:$G$304"),$M64)) | H64: =IF($M64="","",INDEX(INDIRECT($Z$1&"$H$5:$H$304"),$M64)) | I64: =IF($M64="","",INDEX(INDIRECT($Z$1&"$I$5:$I$304"),$M64)) | J64: =IF($M64="","",INDEX(INDIRECT($Z$1&"$J$5:$J$304"),$M64)) | M64: {=IFERROR(SMALL(IF(INDIRECT($Z$1&"$P$5:$P$304")=1,ROW(INDIRECT($Z$1&"$A$5:$A$304"))-ROW(INDIRECT($Z$1&"$A$5"))+1),49),"")}
B65: =IF($M65="","",INDEX(INDIRECT($Z$1&"$A$5:$A$304"),$M65)) | C65: =IF($M65="","",INDEX(INDIRECT($Z$1&"$B$5:$B$304"),$M65)) | D65: =IF($M65="","",INDEX(INDIRECT($Z$1&"$C$5:$C$304"),$M65)) | E65: =IF($M65="","",INDEX(INDIRECT($Z$1&"$E$5:$E$304"),$M65)) | F65: =IF($M65="","",INDEX(INDIRECT($Z$1&"$F$5:$F$304"),$M65)) | G65: =IF($M65="","",INDEX(INDIRECT($Z$1&"$G$5:$G$304"),$M65)) | H65: =IF($M65="","",INDEX(INDIRECT($Z$1&"$H$5:$H$304"),$M65)) | I65: =IF($M65="","",INDEX(INDIRECT($Z$1&"$I$5:$I$304"),$M65)) | J65: =IF($M65="","",INDEX(INDIRECT($Z$1&"$J$5:$J$304"),$M65)) | M65: {=IFERROR(SMALL(IF(INDIRECT($Z$1&"$P$5:$P$304")=1,ROW(INDIRECT($Z$1&"$A$5:$A$304"))-ROW(INDIRECT($Z$1&"$A$5"))+1),50),"")}
B66: =IF($M66="","",INDEX(INDIRECT($Z$1&"$A$5:$A$304"),$M66)) | C66: =IF($M66="","",INDEX(INDIRECT($Z$1&"$B$5:$B$304"),$M66)) | D66: =IF($M66="","",INDEX(INDIRECT($Z$1&"$C$5:$C$304"),$M66)) | E66: =IF($M66="","",INDEX(INDIRECT($Z$1&"$E$5:$E$304"),$M66)) | F66: =IF($M66="","",INDEX(INDIRECT($Z$1&"$F$5:$F$304"),$M66)) | G66: =IF($M66="","",INDEX(INDIRECT($Z$1&"$G$5:$G$304"),$M66)) | H66: =IF($M66="","",INDEX(INDIRECT($Z$1&"$H$5:$H$304"),$M66)) | I66: =IF($M66="","",INDEX(INDIRECT($Z$1&"$I$5:$I$304"),$M66)) | J66: =IF($M66="","",INDEX(INDIRECT($Z$1&"$J$5:$J$304"),$M66)) | M66: {=IFERROR(SMALL(IF(INDIRECT($Z$1&"$P$5:$P$304")=1,ROW(INDIRECT($Z$1&"$A$5:$A$304"))-ROW(INDIRECT($Z$1&"$A$5"))+1),51),"")}
B67: =IF($M67="","",INDEX(INDIRECT($Z$1&"$A$5:$A$304"),$M67)) | C67: =IF($M67="","",INDEX(INDIRECT($Z$1&"$B$5:$B$304"),$M67)) | D67: =IF($M67="","",INDEX(INDIRECT($Z$1&"$C$5:$C$304"),$M67)) | E67: =IF($M67="","",INDEX(INDIRECT($Z$1&"$E$5:$E$304"),$M67)) | F67: =IF($M67="","",INDEX(INDIRECT($Z$1&"$F$5:$F$304"),$M67)) | G67: =IF($M67="","",INDEX(INDIRECT($Z$1&"$G$5:$G$304"),$M67)) | H67: =IF($M67="","",INDEX(INDIRECT($Z$1&"$H$5:$H$304"),$M67)) | I67: =IF($M67="","",INDEX(INDIRECT($Z$1&"$I$5:$I$304"),$M67)) | J67: =IF($M67="","",INDEX(INDIRECT($Z$1&"$J$5:$J$304"),$M67)) | M67: {=IFERROR(SMALL(IF(INDIRECT($Z$1&"$P$5:$P$304")=1,ROW(INDIRECT($Z$1&"$A$5:$A$304"))-ROW(INDIRECT($Z$1&"$A$5"))+1),52),"")}
B68: =IF($M68="","",INDEX(INDIRECT($Z$1&"$A$5:$A$304"),$M68)) | C68: =IF($M68="","",INDEX(INDIRECT($Z$1&"$B$5:$B$304"),$M68)) | D68: =IF($M68="","",INDEX(INDIRECT($Z$1&"$C$5:$C$304"),$M68)) | E68: =IF($M68="","",INDEX(INDIRECT($Z$1&"$E$5:$E$304"),$M68)) | F68: =IF($M68="","",INDEX(INDIRECT($Z$1&"$F$5:$F$304"),$M68)) | G68: =IF($M68="","",INDEX(INDIRECT($Z$1&"$G$5:$G$304"),$M68)) | H68: =IF($M68="","",INDEX(INDIRECT($Z$1&"$H$5:$H$304"),$M68)) | I68: =IF($M68="","",INDEX(INDIRECT($Z$1&"$I$5:$I$304"),$M68)) | J68: =IF($M68="","",INDEX(INDIRECT($Z$1&"$J$5:$J$304"),$M68)) | M68: {=IFERROR(SMALL(IF(INDIRECT($Z$1&"$P$5:$P$304")=1,ROW(INDIRECT($Z$1&"$A$5:$A$304"))-ROW(INDIRECT($Z$1&"$A$5"))+1),53),"")}
B69: =IF($M69="","",INDEX(INDIRECT($Z$1&"$A$5:$A$304"),$M69)) | C69: =IF($M69="","",INDEX(INDIRECT($Z$1&"$B$5:$B$304"),$M69)) | D69: =IF($M69="","",INDEX(INDIRECT($Z$1&"$C$5:$C$304"),$M69)) | E69: =IF($M69="","",INDEX(INDIRECT($Z$1&"$E$5:$E$304"),$M69)) | F69: =IF($M69="","",INDEX(INDIRECT($Z$1&"$F$5:$F$304"),$M69)) | G69: =IF($M69="","",INDEX(INDIRECT($Z$1&"$G$5:$G$304"),$M69)) | H69: =IF($M69="","",INDEX(INDIRECT($Z$1&"$H$5:$H$304"),$M69)) | I69: =IF($M69="","",INDEX(INDIRECT($Z$1&"$I$5:$I$304"),$M69)) | J69: =IF($M69="","",INDEX(INDIRECT($Z$1&"$J$5:$J$304"),$M69)) | M69: {=IFERROR(SMALL(IF(INDIRECT($Z$1&"$P$5:$P$304")=1,ROW(INDIRECT($Z$1&"$A$5:$A$304"))-ROW(INDIRECT($Z$1&"$A$5"))+1),54),"")}
B70: =IF($M70="","",INDEX(INDIRECT($Z$1&"$A$5:$A$304"),$M70)) | C70: =IF($M70="","",INDEX(INDIRECT($Z$1&"$B$5:$B$304"),$M70)) | D70: =IF($M70="","",INDEX(INDIRECT($Z$1&"$C$5:$C$304"),$M70)) | E70: =IF($M70="","",INDEX(INDIRECT($Z$1&"$E$5:$E$304"),$M70)) | F70: =IF($M70="","",INDEX(INDIRECT($Z$1&"$F$5:$F$304"),$M70)) | G70: =IF($M70="","",INDEX(INDIRECT($Z$1&"$G$5:$G$304"),$M70)) | H70: =IF($M70="","",INDEX(INDIRECT($Z$1&"$H$5:$H$304"),$M70)) | I70: =IF($M70="","",INDEX(INDIRECT($Z$1&"$I$5:$I$304"),$M70)) | J70: =IF($M70="","",INDEX(INDIRECT($Z$1&"$J$5:$J$304"),$M70)) | M70: {=IFERROR(SMALL(IF(INDIRECT($Z$1&"$P$5:$P$304")=1,ROW(INDIRECT($Z$1&"$A$5:$A$304"))-ROW(INDIRECT($Z$1&"$A$5"))+1),55),"")}
B71: =IF($M71="","",INDEX(INDIRECT($Z$1&"$A$5:$A$304"),$M71)) | C71: =IF($M71="","",INDEX(INDIRECT($Z$1&"$B$5:$B$304"),$M71)) | D71: =IF($M71="","",INDEX(INDIRECT($Z$1&"$C$5:$C$304"),$M71)) | E71: =IF($M71="","",INDEX(INDIRECT($Z$1&"$E$5:$E$304"),$M71)) | F71: =IF($M71="","",INDEX(INDIRECT($Z$1&"$F$5:$F$304"),$M71)) | G71: =IF($M71="","",INDEX(INDIRECT($Z$1&"$G$5:$G$304"),$M71)) | H71: =IF($M71="","",INDEX(INDIRECT($Z$1&"$H$5:$H$304"),$M71)) | I71: =IF($M71="","",INDEX(INDIRECT($Z$1&"$I$5:$I$304"),$M71)) | J71: =IF($M71="","",INDEX(INDIRECT($Z$1&"$J$5:$J$304"),$M71)) | M71: {=IFERROR(SMALL(IF(INDIRECT($Z$1&"$P$5:$P$304")=1,ROW(INDIRECT($Z$1&"$A$5:$A$304"))-ROW(INDIRECT($Z$1&"$A$5"))+1),56),"")}
B72: =IF($M72="","",INDEX(INDIRECT($Z$1&"$A$5:$A$304"),$M72)) | C72: =IF($M72="","",INDEX(INDIRECT($Z$1&"$B$5:$B$304"),$M72)) | D72: =IF($M72="","",INDEX(INDIRECT($Z$1&"$C$5:$C$304"),$M72)) | E72: =IF($M72="","",INDEX(INDIRECT($Z$1&"$E$5:$E$304"),$M72)) | F72: =IF($M72="","",INDEX(INDIRECT($Z$1&"$F$5:$F$304"),$M72)) | G72: =IF($M72="","",INDEX(INDIRECT($Z$1&"$G$5:$G$304"),$M72)) | H72: =IF($M72="","",INDEX(INDIRECT($Z$1&"$H$5:$H$304"),$M72)) | I72: =IF($M72="","",INDEX(INDIRECT($Z$1&"$I$5:$I$304"),$M72)) | J72: =IF($M72="","",INDEX(INDIRECT($Z$1&"$J$5:$J$304"),$M72)) | M72: {=IFERROR(SMALL(IF(INDIRECT($Z$1&"$P$5:$P$304")=1,ROW(INDIRECT($Z$1&"$A$5:$A$304"))-ROW(INDIRECT($Z$1&"$A$5"))+1),57),"")}
B73: =IF($M73="","",INDEX(INDIRECT($Z$1&"$A$5:$A$304"),$M73)) | C73: =IF($M73="","",INDEX(INDIRECT($Z$1&"$B$5:$B$304"),$M73)) | D73: =IF($M73="","",INDEX(INDIRECT($Z$1&"$C$5:$C$304"),$M73)) | E73: =IF($M73="","",INDEX(INDIRECT($Z$1&"$E$5:$E$304"),$M73)) | F73: =IF($M73="","",INDEX(INDIRECT($Z$1&"$F$5:$F$304"),$M73)) | G73: =IF($M73="","",INDEX(INDIRECT($Z$1&"$G$5:$G$304"),$M73)) | H73: =IF($M73="","",INDEX(INDIRECT($Z$1&"$H$5:$H$304"),$M73)) | I73: =IF($M73="","",INDEX(INDIRECT($Z$1&"$I$5:$I$304"),$M73)) | J73: =IF($M73="","",INDEX(INDIRECT($Z$1&"$J$5:$J$304"),$M73)) | M73: {=IFERROR(SMALL(IF(INDIRECT($Z$1&"$P$5:$P$304")=1,ROW(INDIRECT($Z$1&"$A$5:$A$304"))-ROW(INDIRECT($Z$1&"$A$5"))+1),58),"")}
B74: =IF($M74="","",INDEX(INDIRECT($Z$1&"$A$5:$A$304"),$M74)) | C74: =IF($M74="","",INDEX(INDIRECT($Z$1&"$B$5:$B$304"),$M74)) | D74: =IF($M74="","",INDEX(INDIRECT($Z$1&"$C$5:$C$304"),$M74)) | E74: =IF($M74="","",INDEX(INDIRECT($Z$1&"$E$5:$E$304"),$M74)) | F74: =IF($M74="","",INDEX(INDIRECT($Z$1&"$F$5:$F$304"),$M74)) | G74: =IF($M74="","",INDEX(INDIRECT($Z$1&"$G$5:$G$304"),$M74)) | H74: =IF($M74="","",INDEX(INDIRECT($Z$1&"$H$5:$H$304"),$M74)) | I74: =IF($M74="","",INDEX(INDIRECT($Z$1&"$I$5:$I$304"),$M74)) | J74: =IF($M74="","",INDEX(INDIRECT($Z$1&"$J$5:$J$304"),$M74)) | M74: {=IFERROR(SMALL(IF(INDIRECT($Z$1&"$P$5:$P$304")=1,ROW(INDIRECT($Z$1&"$A$5:$A$304"))-ROW(INDIRECT($Z$1&"$A$5"))+1),59),"")}
B75: =IF($M75="","",INDEX(INDIRECT($Z$1&"$A$5:$A$304"),$M75)) | C75: =IF($M75="","",INDEX(INDIRECT($Z$1&"$B$5:$B$304"),$M75)) | D75: =IF($M75="","",INDEX(INDIRECT($Z$1&"$C$5:$C$304"),$M75)) | E75: =IF($M75="","",INDEX(INDIRECT($Z$1&"$E$5:$E$304"),$M75)) | F75: =IF($M75="","",INDEX(INDIRECT($Z$1&"$F$5:$F$304"),$M75)) | G75: =IF($M75="","",INDEX(INDIRECT($Z$1&"$G$5:$G$304"),$M75)) | H75: =IF($M75="","",INDEX(INDIRECT($Z$1&"$H$5:$H$304"),$M75)) | I75: =IF($M75="","",INDEX(INDIRECT($Z$1&"$I$5:$I$304"),$M75)) | J75: =IF($M75="","",INDEX(INDIRECT($Z$1&"$J$5:$J$304"),$M75)) | M75: {=IFERROR(SMALL(IF(INDIRECT($Z$1&"$P$5:$P$304")=1,ROW(INDIRECT($Z$1&"$A$5:$A$304"))-ROW(INDIRECT($Z$1&"$A$5"))+1),60),"")}
B76: =IF($M76="","",INDEX(INDIRECT($Z$1&"$A$5:$A$304"),$M76)) | C76: =IF($M76="","",INDEX(INDIRECT($Z$1&"$B$5:$B$304"),$M76)) | D76: =IF($M76="","",INDEX(INDIRECT($Z$1&"$C$5:$C$304"),$M76)) | E76: =IF($M76="","",INDEX(INDIRECT($Z$1&"$E$5:$E$304"),$M76)) | F76: =IF($M76="","",INDEX(INDIRECT($Z$1&"$F$5:$F$304"),$M76)) | G76: =IF($M76="","",INDEX(INDIRECT($Z$1&"$G$5:$G$304"),$M76)) | H76: =IF($M76="","",INDEX(INDIRECT($Z$1&"$H$5:$H$304"),$M76)) | I76: =IF($M76="","",INDEX(INDIRECT($Z$1&"$I$5:$I$304"),$M76)) | J76: =IF($M76="","",INDEX(INDIRECT($Z$1&"$J$5:$J$304"),$M76)) | M76: {=IFERROR(SMALL(IF(INDIRECT($Z$1&"$P$5:$P$304")=1,ROW(INDIRECT($Z$1&"$A$5:$A$304"))-ROW(INDIRECT($Z$1&"$A$5"))+1),61),"")}
B77: =IF($M77="","",INDEX(INDIRECT($Z$1&"$A$5:$A$304"),$M77)) | C77: =IF($M77="","",INDEX(INDIRECT($Z$1&"$B$5:$B$304"),$M77)) | D77: =IF($M77="","",INDEX(INDIRECT($Z$1&"$C$5:$C$304"),$M77)) | E77: =IF($M77="","",INDEX(INDIRECT($Z$1&"$E$5:$E$304"),$M77)) | F77: =IF($M77="","",INDEX(INDIRECT($Z$1&"$F$5:$F$304"),$M77)) | G77: =IF($M77="","",INDEX(INDIRECT($Z$1&"$G$5:$G$304"),$M77)) | H77: =IF($M77="","",INDEX(INDIRECT($Z$1&"$H$5:$H$304"),$M77)) | I77: =IF($M77="","",INDEX(INDIRECT($Z$1&"$I$5:$I$304"),$M77)) | J77: =IF($M77="","",INDEX(INDIRECT($Z$1&"$J$5:$J$304"),$M77)) | M77: {=IFERROR(SMALL(IF(INDIRECT($Z$1&"$P$5:$P$304")=1,ROW(INDIRECT($Z$1&"$A$5:$A$304"))-ROW(INDIRECT($Z$1&"$A$5"))+1),62),"")}
B78: =IF($M78="","",INDEX(INDIRECT($Z$1&"$A$5:$A$304"),$M78)) | C78: =IF($M78="","",INDEX(INDIRECT($Z$1&"$B$5:$B$304"),$M78)) | D78: =IF($M78="","",INDEX(INDIRECT($Z$1&"$C$5:$C$304"),$M78)) | E78: =IF($M78="","",INDEX(INDIRECT($Z$1&"$E$5:$E$304"),$M78)) | F78: =IF($M78="","",INDEX(INDIRECT($Z$1&"$F$5:$F$304"),$M78)) | G78: =IF($M78="","",INDEX(INDIRECT($Z$1&"$G$5:$G$304"),$M78)) | H78: =IF($M78="","",INDEX(INDIRECT($Z$1&"$H$5:$H$304"),$M78)) | I78: =IF($M78="","",INDEX(INDIRECT($Z$1&"$I$5:$I$304"),$M78)) | J78: =IF($M78="","",INDEX(INDIRECT($Z$1&"$J$5:$J$304"),$M78)) | M78: {=IFERROR(SMALL(IF(INDIRECT($Z$1&"$P$5:$P$304")=1,ROW(INDIRECT($Z$1&"$A$5:$A$304"))-ROW(INDIRECT($Z$1&"$A$5"))+1),63),"")}
B79: =IF($M79="","",INDEX(INDIRECT($Z$1&"$A$5:$A$304"),$M79)) | C79: =IF($M79="","",INDEX(INDIRECT($Z$1&"$B$5:$B$304"),$M79)) | D79: =IF($M79="","",INDEX(INDIRECT($Z$1&"$C$5:$C$304"),$M79)) | E79: =IF($M79="","",INDEX(INDIRECT($Z$1&"$E$5:$E$304"),$M79)) | F79: =IF($M79="","",INDEX(INDIRECT($Z$1&"$F$5:$F$304"),$M79)) | G79: =IF($M79="","",INDEX(INDIRECT($Z$1&"$G$5:$G$304"),$M79)) | H79: =IF($M79="","",INDEX(INDIRECT($Z$1&"$H$5:$H$304"),$M79)) | I79: =IF($M79="","",INDEX(INDIRECT($Z$1&"$I$5:$I$304"),$M79)) | J79: =IF($M79="","",INDEX(INDIRECT($Z$1&"$J$5:$J$304"),$M79)) | M79: {=IFERROR(SMALL(IF(INDIRECT($Z$1&"$P$5:$P$304")=1,ROW(INDIRECT($Z$1&"$A$5:$A$304"))-ROW(INDIRECT($Z$1&"$A$5"))+1),64),"")}
B80: =IF($M80="","",INDEX(INDIRECT($Z$1&"$A$5:$A$304"),$M80)) | C80: =IF($M80="","",INDEX(INDIRECT($Z$1&"$B$5:$B$304"),$M80)) | D80: =IF($M80="","",INDEX(INDIRECT($Z$1&"$C$5:$C$304"),$M80)) | E80: =IF($M80="","",INDEX(INDIRECT($Z$1&"$E$5:$E$304"),$M80)) | F80: =IF($M80="","",INDEX(INDIRECT($Z$1&"$F$5:$F$304"),$M80)) | G80: =IF($M80="","",INDEX(INDIRECT($Z$1&"$G$5:$G$304"),$M80)) | H80: =IF($M80="","",INDEX(INDIRECT($Z$1&"$H$5:$H$304"),$M80)) | I80: =IF($M80="","",INDEX(INDIRECT($Z$1&"$I$5:$I$304"),$M80)) | J80: =IF($M80="","",INDEX(INDIRECT($Z$1&"$J$5:$J$304"),$M80)) | M80: {=IFERROR(SMALL(IF(INDIRECT($Z$1&"$P$5:$P$304")=1,ROW(INDIRECT($Z$1&"$A$5:$A$304"))-ROW(INDIRECT($Z$1&"$A$5"))+1),65),"")}
B81: =IF($M81="","",INDEX(INDIRECT($Z$1&"$A$5:$A$304"),$M81)) | C81: =IF($M81="","",INDEX(INDIRECT($Z$1&"$B$5:$B$304"),$M81)) | D81: =IF($M81="","",INDEX(INDIRECT($Z$1&"$C$5:$C$304"),$M81)) | E81: =IF($M81="","",INDEX(INDIRECT($Z$1&"$E$5:$E$304"),$M81)) | F81: =IF($M81="","",INDEX(INDIRECT($Z$1&"$F$5:$F$304"),$M81)) | G81: =IF($M81="","",INDEX(INDIRECT($Z$1&"$G$5:$G$304"),$M81)) | H81: =IF($M81="","",INDEX(INDIRECT($Z$1&"$H$5:$H$304"),$M81)) | I81: =IF($M81="","",INDEX(INDIRECT($Z$1&"$I$5:$I$304"),$M81)) | J81: =IF($M81="","",INDEX(INDIRECT($Z$1&"$J$5:$J$304"),$M81)) | M81: {=IFERROR(SMALL(IF(INDIRECT($Z$1&"$P$5:$P$304")=1,ROW(INDIRECT($Z$1&"$A$5:$A$304"))-ROW(INDIRECT($Z$1&"$A$5"))+1),66),"")}
B82: =IF($M82="","",INDEX(INDIRECT($Z$1&"$A$5:$A$304"),$M82)) | C82: =IF($M82="","",INDEX(INDIRECT($Z$1&"$B$5:$B$304"),$M82)) | D82: =IF($M82="","",INDEX(INDIRECT($Z$1&"$C$5:$C$304"),$M82)) | E82: =IF($M82="","",INDEX(INDIRECT($Z$1&"$E$5:$E$304"),$M82)) | F82: =IF($M82="","",INDEX(INDIRECT($Z$1&"$F$5:$F$304"),$M82)) | G82: =IF($M82="","",INDEX(INDIRECT($Z$1&"$G$5:$G$304"),$M82)) | H82: =IF($M82="","",INDEX(INDIRECT($Z$1&"$H$5:$H$304"),$M82)) | I82: =IF($M82="","",INDEX(INDIRECT($Z$1&"$I$5:$I$304"),$M82)) | J82: =IF($M82="","",INDEX(INDIRECT($Z$1&"$J$5:$J$304"),$M82)) | M82: {=IFERROR(SMALL(IF(INDIRECT($Z$1&"$P$5:$P$304")=1,ROW(INDIRECT($Z$1&"$A$5:$A$304"))-ROW(INDIRECT($Z$1&"$A$5"))+1),67),"")}
B83: =IF($M83="","",INDEX(INDIRECT($Z$1&"$A$5:$A$304"),$M83)) | C83: =IF($M83="","",INDEX(INDIRECT($Z$1&"$B$5:$B$304"),$M83)) | D83: =IF($M83="","",INDEX(INDIRECT($Z$1&"$C$5:$C$304"),$M83)) | E83: =IF($M83="","",INDEX(INDIRECT($Z$1&"$E$5:$E$304"),$M83)) | F83: =IF($M83="","",INDEX(INDIRECT($Z$1&"$F$5:$F$304"),$M83)) | G83: =IF($M83="","",INDEX(INDIRECT($Z$1&"$G$5:$G$304"),$M83)) | H83: =IF($M83="","",INDEX(INDIRECT($Z$1&"$H$5:$H$304"),$M83)) | I83: =IF($M83="","",INDEX(INDIRECT($Z$1&"$I$5:$I$304"),$M83)) | J83: =IF($M83="","",INDEX(INDIRECT($Z$1&"$J$5:$J$304"),$M83)) | M83: {=IFERROR(SMALL(IF(INDIRECT($Z$1&"$P$5:$P$304")=1,ROW(INDIRECT($Z$1&"$A$5:$A$304"))-ROW(INDIRECT($Z$1&"$A$5"))+1),68),"")}
B84: =IF($M84="","",INDEX(INDIRECT($Z$1&"$A$5:$A$304"),$M84)) | C84: =IF($M84="","",INDEX(INDIRECT($Z$1&"$B$5:$B$304"),$M84)) | D84: =IF($M84="","",INDEX(INDIRECT($Z$1&"$C$5:$C$304"),$M84)) | E84: =IF($M84="","",INDEX(INDIRECT($Z$1&"$E$5:$E$304"),$M84)) | F84: =IF($M84="","",INDEX(INDIRECT($Z$1&"$F$5:$F$304"),$M84)) | G84: =IF($M84="","",INDEX(INDIRECT($Z$1&"$G$5:$G$304"),$M84)) | H84: =IF($M84="","",INDEX(INDIRECT($Z$1&"$H$5:$H$304"),$M84)) | I84: =IF($M84="","",INDEX(INDIRECT($Z$1&"$I$5:$I$304"),$M84)) | J84: =IF($M84="","",INDEX(INDIRECT($Z$1&"$J$5:$J$304"),$M84)) | M84: {=IFERROR(SMALL(IF(INDIRECT($Z$1&"$P$5:$P$304")=1,ROW(INDIRECT($Z$1&"$A$5:$A$304"))-ROW(INDIRECT($Z$1&"$A$5"))+1),69),"")}
B85: =IF($M85="","",INDEX(INDIRECT($Z$1&"$A$5:$A$304"),$M85)) | C85: =IF($M85="","",INDEX(INDIRECT($Z$1&"$B$5:$B$304"),$M85)) | D85: =IF($M85="","",INDEX(INDIRECT($Z$1&"$C$5:$C$304"),$M85)) | E85: =IF($M85="","",INDEX(INDIRECT($Z$1&"$E$5:$E$304"),$M85)) | F85: =IF($M85="","",INDEX(INDIRECT($Z$1&"$F$5:$F$304"),$M85)) | G85: =IF($M85="","",INDEX(INDIRECT($Z$1&"$G$5:$G$304"),$M85)) | H85: =IF($M85="","",INDEX(INDIRECT($Z$1&"$H$5:$H$304"),$M85)) | I85: =IF($M85="","",INDEX(INDIRECT($Z$1&"$I$5:$I$304"),$M85)) | J85: =IF($M85="","",INDEX(INDIRECT($Z$1&"$J$5:$J$304"),$M85)) | M85: {=IFERROR(SMALL(IF(INDIRECT($Z$1&"$P$5:$P$304")=1,ROW(INDIRECT($Z$1&"$A$5:$A$304"))-ROW(INDIRECT($Z$1&"$A$5"))+1),70),"")}
B86: =IF($M86="","",INDEX(INDIRECT($Z$1&"$A$5:$A$304"),$M86)) | C86: =IF($M86="","",INDEX(INDIRECT($Z$1&"$B$5:$B$304"),$M86)) | D86: =IF($M86="","",INDEX(INDIRECT($Z$1&"$C$5:$C$304"),$M86)) | E86: =IF($M86="","",INDEX(INDIRECT($Z$1&"$E$5:$E$304"),$M86)) | F86: =IF($M86="","",INDEX(INDIRECT($Z$1&"$F$5:$F$304"),$M86)) | G86: =IF($M86="","",INDEX(INDIRECT($Z$1&"$G$5:$G$304"),$M86)) | H86: =IF($M86="","",INDEX(INDIRECT($Z$1&"$H$5:$H$304"),$M86)) | I86: =IF($M86="","",INDEX(INDIRECT($Z$1&"$I$5:$I$304"),$M86)) | J86: =IF($M86="","",INDEX(INDIRECT($Z$1&"$J$5:$J$304"),$M86)) | M86: {=IFERROR(SMALL(IF(INDIRECT($Z$1&"$P$5:$P$304")=1,ROW(INDIRECT($Z$1&"$A$5:$A$304"))-ROW(INDIRECT($Z$1&"$A$5"))+1),71),"")}
B87: =IF($M87="","",INDEX(INDIRECT($Z$1&"$A$5:$A$304"),$M87)) | C87: =IF($M87="","",INDEX(INDIRECT($Z$1&"$B$5:$B$304"),$M87)) | D87: =IF($M87="","",INDEX(INDIRECT($Z$1&"$C$5:$C$304"),$M87)) | E87: =IF($M87="","",INDEX(INDIRECT($Z$1&"$E$5:$E$304"),$M87)) | F87: =IF($M87="","",INDEX(INDIRECT($Z$1&"$F$5:$F$304"),$M87)) | G87: =IF($M87="","",INDEX(INDIRECT($Z$1&"$G$5:$G$304"),$M87)) | H87: =IF($M87="","",INDEX(INDIRECT($Z$1&"$H$5:$H$304"),$M87)) | I87: =IF($M87="","",INDEX(INDIRECT($Z$1&"$I$5:$I$304"),$M87)) | J87: =IF($M87="","",INDEX(INDIRECT($Z$1&"$J$5:$J$304"),$M87)) | M87: {=IFERROR(SMALL(IF(INDIRECT($Z$1&"$P$5:$P$304")=1,ROW(INDIRECT($Z$1&"$A$5:$A$304"))-ROW(INDIRECT($Z$1&"$A$5"))+1),72),"")}
B88: =IF($M88="","",INDEX(INDIRECT($Z$1&"$A$5:$A$304"),$M88)) | C88: =IF($M88="","",INDEX(INDIRECT($Z$1&"$B$5:$B$304"),$M88)) | D88: =IF($M88="","",INDEX(INDIRECT($Z$1&"$C$5:$C$304"),$M88)) | E88: =IF($M88="","",INDEX(INDIRECT($Z$1&"$E$5:$E$304"),$M88)) | F88: =IF($M88="","",INDEX(INDIRECT($Z$1&"$F$5:$F$304"),$M88)) | G88: =IF($M88="","",INDEX(INDIRECT($Z$1&"$G$5:$G$304"),$M88)) | H88: =IF($M88="","",INDEX(INDIRECT($Z$1&"$H$5:$H$304"),$M88)) | I88: =IF($M88="","",INDEX(INDIRECT($Z$1&"$I$5:$I$304"),$M88)) | J88: =IF($M88="","",INDEX(INDIRECT($Z$1&"$J$5:$J$304"),$M88)) | M88: {=IFERROR(SMALL(IF(INDIRECT($Z$1&"$P$5:$P$304")=1,ROW(INDIRECT($Z$1&"$A$5:$A$304"))-ROW(INDIRECT($Z$1&"$A$5"))+1),73),"")}
B89: =IF($M89="","",INDEX(INDIRECT($Z$1&"$A$5:$A$304"),$M89)) | C89: =IF($M89="","",INDEX(INDIRECT($Z$1&"$B$5:$B$304"),$M89)) | D89: =IF($M89="","",INDEX(INDIRECT($Z$1&"$C$5:$C$304"),$M89)) | E89: =IF($M89="","",INDEX(INDIRECT($Z$1&"$E$5:$E$304"),$M89)) | F89: =IF($M89="","",INDEX(INDIRECT($Z$1&"$F$5:$F$304"),$M89)) | G89: =IF($M89="","",INDEX(INDIRECT($Z$1&"$G$5:$G$304"),$M89)) | H89: =IF($M89="","",INDEX(INDIRECT($Z$1&"$H$5:$H$304"),$M89)) | I89: =IF($M89="","",INDEX(INDIRECT($Z$1&"$I$5:$I$304"),$M89)) | J89: =IF($M89="","",INDEX(INDIRECT($Z$1&"$J$5:$J$304"),$M89)) | M89: {=IFERROR(SMALL(IF(INDIRECT($Z$1&"$P$5:$P$304")=1,ROW(INDIRECT($Z$1&"$A$5:$A$304"))-ROW(INDIRECT($Z$1&"$A$5"))+1),74),"")}
B90: =IF($M90="","",INDEX(INDIRECT($Z$1&"$A$5:$A$304"),$M90)) | C90: =IF($M90="","",INDEX(INDIRECT($Z$1&"$B$5:$B$304"),$M90)) | D90: =IF($M90="","",INDEX(INDIRECT($Z$1&"$C$5:$C$304"),$M90)) | E90: =IF($M90="","",INDEX(INDIRECT($Z$1&"$E$5:$E$304"),$M90)) | F90: =IF($M90="","",INDEX(INDIRECT($Z$1&"$F$5:$F$304"),$M90)) | G90: =IF($M90="","",INDEX(INDIRECT($Z$1&"$G$5:$G$304"),$M90)) | H90: =IF($M90="","",INDEX(INDIRECT($Z$1&"$H$5:$H$304"),$M90)) | I90: =IF($M90="","",INDEX(INDIRECT($Z$1&"$I$5:$I$304"),$M90)) | J90: =IF($M90="","",INDEX(INDIRECT($Z$1&"$J$5:$J$304"),$M90)) | M90: {=IFERROR(SMALL(IF(INDIRECT($Z$1&"$P$5:$P$304")=1,ROW(INDIRECT($Z$1&"$A$5:$A$304"))-ROW(INDIRECT($Z$1&"$A$5"))+1),75),"")}
B91: =IF($M91="","",INDEX(INDIRECT($Z$1&"$A$5:$A$304"),$M91)) | C91: =IF($M91="","",INDEX(INDIRECT($Z$1&"$B$5:$B$304"),$M91)) | D91: =IF($M91="","",INDEX(INDIRECT($Z$1&"$C$5:$C$304"),$M91)) | E91: =IF($M91="","",INDEX(INDIRECT($Z$1&"$E$5:$E$304"),$M91)) | F91: =IF($M91="","",INDEX(INDIRECT($Z$1&"$F$5:$F$304"),$M91)) | G91: =IF($M91="","",INDEX(INDIRECT($Z$1&"$G$5:$G$304"),$M91)) | H91: =IF($M91="","",INDEX(INDIRECT($Z$1&"$H$5:$H$304"),$M91)) | I91: =IF($M91="","",INDEX(INDIRECT($Z$1&"$I$5:$I$304"),$M91)) | J91: =IF($M91="","",INDEX(INDIRECT($Z$1&"$J$5:$J$304"),$M91)) | M91: {=IFERROR(SMALL(IF(INDIRECT($Z$1&"$P$5:$P$304")=1,ROW(INDIRECT($Z$1&"$A$5:$A$304"))-ROW(INDIRECT($Z$1&"$A$5"))+1),76),"")}
B92: =IF($M92="","",INDEX(INDIRECT($Z$1&"$A$5:$A$304"),$M92)) | C92: =IF($M92="","",INDEX(INDIRECT($Z$1&"$B$5:$B$304"),$M92)) | D92: =IF($M92="","",INDEX(INDIRECT($Z$1&"$C$5:$C$304"),$M92)) | E92: =IF($M92="","",INDEX(INDIRECT($Z$1&"$E$5:$E$304"),$M92)) | F92: =IF($M92="","",INDEX(INDIRECT($Z$1&"$F$5:$F$304"),$M92)) | G92: =IF($M92="","",INDEX(INDIRECT($Z$1&"$G$5:$G$304"),$M92)) | H92: =IF($M92="","",INDEX(INDIRECT($Z$1&"$H$5:$H$304"),$M92)) | I92: =IF($M92="","",INDEX(INDIRECT($Z$1&"$I$5:$I$304"),$M92)) | J92: =IF($M92="","",INDEX(INDIRECT($Z$1&"$J$5:$J$304"),$M92)) | M92: {=IFERROR(SMALL(IF(INDIRECT($Z$1&"$P$5:$P$304")=1,ROW(INDIRECT($Z$1&"$A$5:$A$304"))-ROW(INDIRECT($Z$1&"$A$5"))+1),77),"")}
B93: =IF($M93="","",INDEX(INDIRECT($Z$1&"$A$5:$A$304"),$M93)) | C93: =IF($M93="","",INDEX(INDIRECT($Z$1&"$B$5:$B$304"),$M93)) | D93: =IF($M93="","",INDEX(INDIRECT($Z$1&"$C$5:$C$304"),$M93)) | E93: =IF($M93="","",INDEX(INDIRECT($Z$1&"$E$5:$E$304"),$M93)) | F93: =IF($M93="","",INDEX(INDIRECT($Z$1&"$F$5:$F$304"),$M93)) | G93: =IF($M93="","",INDEX(INDIRECT($Z$1&"$G$5:$G$304"),$M93)) | H93: =IF($M93="","",INDEX(INDIRECT($Z$1&"$H$5:$H$304"),$M93)) | I93: =IF($M93="","",INDEX(INDIRECT($Z$1&"$I$5:$I$304"),$M93)) | J93: =IF($M93="","",INDEX(INDIRECT($Z$1&"$J$5:$J$304"),$M93)) | M93: {=IFERROR(SMALL(IF(INDIRECT($Z$1&"$P$5:$P$304")=1,ROW(INDIRECT($Z$1&"$A$5:$A$304"))-ROW(INDIRECT($Z$1&"$A$5"))+1),78),"")}
B94: =IF($M94="","",INDEX(INDIRECT($Z$1&"$A$5:$A$304"),$M94)) | C94: =IF($M94="","",INDEX(INDIRECT($Z$1&"$B$5:$B$304"),$M94)) | D94: =IF($M94="","",INDEX(INDIRECT($Z$1&"$C$5:$C$304"),$M94)) | E94: =IF($M94="","",INDEX(INDIRECT($Z$1&"$E$5:$E$304"),$M94)) | F94: =IF($M94="","",INDEX(INDIRECT($Z$1&"$F$5:$F$304"),$M94)) | G94: =IF($M94="","",INDEX(INDIRECT($Z$1&"$G$5:$G$304"),$M94)) | H94: =IF($M94="","",INDEX(INDIRECT($Z$1&"$H$5:$H$304"),$M94)) | I94: =IF($M94="","",INDEX(INDIRECT($Z$1&"$I$5:$I$304"),$M94)) | J94: =IF($M94="","",INDEX(INDIRECT($Z$1&"$J$5:$J$304"),$M94)) | M94: {=IFERROR(SMALL(IF(INDIRECT($Z$1&"$P$5:$P$304")=1,ROW(INDIRECT($Z$1&"$A$5:$A$304"))-ROW(INDIRECT($Z$1&"$A$5"))+1),79),"")}
B95: =IF($M95="","",INDEX(INDIRECT($Z$1&"$A$5:$A$304"),$M95)) | C95: =IF($M95="","",INDEX(INDIRECT($Z$1&"$B$5:$B$304"),$M95)) | D95: =IF($M95="","",INDEX(INDIRECT($Z$1&"$C$5:$C$304"),$M95)) | E95: =IF($M95="","",INDEX(INDIRECT($Z$1&"$E$5:$E$304"),$M95)) | F95: =IF($M95="","",INDEX(INDIRECT($Z$1&"$F$5:$F$304"),$M95)) | G95: =IF($M95="","",INDEX(INDIRECT($Z$1&"$G$5:$G$304"),$M95)) | H95: =IF($M95="","",INDEX(INDIRECT($Z$1&"$H$5:$H$304"),$M95)) | I95: =IF($M95="","",INDEX(INDIRECT($Z$1&"$I$5:$I$304"),$M95)) | J95: =IF($M95="","",INDEX(INDIRECT($Z$1&"$J$5:$J$304"),$M95)) | M95: {=IFERROR(SMALL(IF(INDIRECT($Z$1&"$P$5:$P$304")=1,ROW(INDIRECT($Z$1&"$A$5:$A$304"))-ROW(INDIRECT($Z$1&"$A$5"))+1),80),"")}
B96: =IF($M96="","",INDEX(INDIRECT($Z$1&"$A$5:$A$304"),$M96)) | C96: =IF($M96="","",INDEX(INDIRECT($Z$1&"$B$5:$B$304"),$M96)) | D96: =IF($M96="","",INDEX(INDIRECT($Z$1&"$C$5:$C$304"),$M96)) | E96: =IF($M96="","",INDEX(INDIRECT($Z$1&"$E$5:$E$304"),$M96)) | F96: =IF($M96="","",INDEX(INDIRECT($Z$1&"$F$5:$F$304"),$M96)) | G96: =IF($M96="","",INDEX(INDIRECT($Z$1&"$G$5:$G$304"),$M96)) | H96: =IF($M96="","",INDEX(INDIRECT($Z$1&"$H$5:$H$304"),$M96)) | I96: =IF($M96="","",INDEX(INDIRECT($Z$1&"$I$5:$I$304"),$M96)) | J96: =IF($M96="","",INDEX(INDIRECT($Z$1&"$J$5:$J$304"),$M96)) | M96: {=IFERROR(SMALL(IF(INDIRECT($Z$1&"$P$5:$P$304")=1,ROW(INDIRECT($Z$1&"$A$5:$A$304"))-ROW(INDIRECT($Z$1&"$A$5"))+1),81),"")}
B97: =IF($M97="","",INDEX(INDIRECT($Z$1&"$A$5:$A$304"),$M97)) | C97: =IF($M97="","",INDEX(INDIRECT($Z$1&"$B$5:$B$304"),$M97)) | D97: =IF($M97="","",INDEX(INDIRECT($Z$1&"$C$5:$C$304"),$M97)) | E97: =IF($M97="","",INDEX(INDIRECT($Z$1&"$E$5:$E$304"),$M97)) | F97: =IF($M97="","",INDEX(INDIRECT($Z$1&"$F$5:$F$304"),$M97)) | G97: =IF($M97="","",INDEX(INDIRECT($Z$1&"$G$5:$G$304"),$M97)) | H97: =IF($M97="","",INDEX(INDIRECT($Z$1&"$H$5:$H$304"),$M97)) | I97: =IF($M97="","",INDEX(INDIRECT($Z$1&"$I$5:$I$304"),$M97)) | J97: =IF($M97="","",INDEX(INDIRECT($Z$1&"$J$5:$J$304"),$M97)) | M97: {=IFERROR(SMALL(IF(INDIRECT($Z$1&"$P$5:$P$304")=1,ROW(INDIRECT($Z$1&"$A$5:$A$304"))-ROW(INDIRECT($Z$1&"$A$5"))+1),82),"")}
B98: =IF($M98="","",INDEX(INDIRECT($Z$1&"$A$5:$A$304"),$M98)) | C98: =IF($M98="","",INDEX(INDIRECT($Z$1&"$B$5:$B$304"),$M98)) | D98: =IF($M98="","",INDEX(INDIRECT($Z$1&"$C$5:$C$304"),$M98)) | E98: =IF($M98="","",INDEX(INDIRECT($Z$1&"$E$5:$E$304"),$M98)) | F98: =IF($M98="","",INDEX(INDIRECT($Z$1&"$F$5:$F$304"),$M98)) | G98: =IF($M98="","",INDEX(INDIRECT($Z$1&"$G$5:$G$304"),$M98)) | H98: =IF($M98="","",INDEX(INDIRECT($Z$1&"$H$5:$H$304"),$M98)) | I98: =IF($M98="","",INDEX(INDIRECT($Z$1&"$I$5:$I$304"),$M98)) | J98: =IF($M98="","",INDEX(INDIRECT($Z$1&"$J$5:$J$304"),$M98)) | M98: {=IFERROR(SMALL(IF(INDIRECT($Z$1&"$P$5:$P$304")=1,ROW(INDIRECT($Z$1&"$A$5:$A$304"))-ROW(INDIRECT($Z$1&"$A$5"))+1),83),"")}
B99: =IF($M99="","",INDEX(INDIRECT($Z$1&"$A$5:$A$304"),$M99)) | C99: =IF($M99="","",INDEX(INDIRECT($Z$1&"$B$5:$B$304"),$M99)) | D99: =IF($M99="","",INDEX(INDIRECT($Z$1&"$C$5:$C$304"),$M99)) | E99: =IF($M99="","",INDEX(INDIRECT($Z$1&"$E$5:$E$304"),$M99)) | F99: =IF($M99="","",INDEX(INDIRECT($Z$1&"$F$5:$F$304"),$M99)) | G99: =IF($M99="","",INDEX(INDIRECT($Z$1&"$G$5:$G$304"),$M99)) | H99: =IF($M99="","",INDEX(INDIRECT($Z$1&"$H$5:$H$304"),$M99)) | I99: =IF($M99="","",INDEX(INDIRECT($Z$1&"$I$5:$I$304"),$M99)) | J99: =IF($M99="","",INDEX(INDIRECT($Z$1&"$J$5:$J$304"),$M99)) | M99: {=IFERROR(SMALL(IF(INDIRECT($Z$1&"$P$5:$P$304")=1,ROW(INDIRECT($Z$1&"$A$5:$A$304"))-ROW(INDIRECT($Z$1&"$A$5"))+1),84),"")}
B100: =IF($M100="","",INDEX(INDIRECT($Z$1&"$A$5:$A$304"),$M100)) | C100: =IF($M100="","",INDEX(INDIRECT($Z$1&"$B$5:$B$304"),$M100)) | D100: =IF($M100="","",INDEX(INDIRECT($Z$1&"$C$5:$C$304"),$M100)) | E100: =IF($M100="","",INDEX(INDIRECT($Z$1&"$E$5:$E$304"),$M100)) | F100: =IF($M100="","",INDEX(INDIRECT($Z$1&"$F$5:$F$304"),$M100)) | G100: =IF($M100="","",INDEX(INDIRECT($Z$1&"$G$5:$G$304"),$M100)) | H100: =IF($M100="","",INDEX(INDIRECT($Z$1&"$H$5:$H$304"),$M100)) | I100: =IF($M100="","",INDEX(INDIRECT($Z$1&"$I$5:$I$304"),$M100)) | J100: =IF($M100="","",INDEX(INDIRECT($Z$1&"$J$5:$J$304"),$M100)) | M100: {=IFERROR(SMALL(IF(INDIRECT($Z$1&"$P$5:$P$304")=1,ROW(INDIRECT($Z$1&"$A$5:$A$304"))-ROW(INDIRECT($Z$1&"$A$5"))+1),85),"")}
B101: =IF($M101="","",INDEX(INDIRECT($Z$1&"$A$5:$A$304"),$M101)) | C101: =IF($M101="","",INDEX(INDIRECT($Z$1&"$B$5:$B$304"),$M101)) | D101: =IF($M101="","",INDEX(INDIRECT($Z$1&"$C$5:$C$304"),$M101)) | E101: =IF($M101="","",INDEX(INDIRECT($Z$1&"$E$5:$E$304"),$M101)) | F101: =IF($M101="","",INDEX(INDIRECT($Z$1&"$F$5:$F$304"),$M101)) | G101: =IF($M101="","",INDEX(INDIRECT($Z$1&"$G$5:$G$304"),$M101)) | H101: =IF($M101="","",INDEX(INDIRECT($Z$1&"$H$5:$H$304"),$M101)) | I101: =IF($M101="","",INDEX(INDIRECT($Z$1&"$I$5:$I$304"),$M101)) | J101: =IF($M101="","",INDEX(INDIRECT($Z$1&"$J$5:$J$304"),$M101)) | M101: {=IFERROR(SMALL(IF(INDIRECT($Z$1&"$P$5:$P$304")=1,ROW(INDIRECT($Z$1&"$A$5:$A$304"))-ROW(INDIRECT($Z$1&"$A$5"))+1),86),"")}
B102: =IF($M102="","",INDEX(INDIRECT($Z$1&"$A$5:$A$304"),$M102)) | C102: =IF($M102="","",INDEX(INDIRECT($Z$1&"$B$5:$B$304"),$M102)) | D102: =IF($M102="","",INDEX(INDIRECT($Z$1&"$C$5:$C$304"),$M102)) | E102: =IF($M102="","",INDEX(INDIRECT($Z$1&"$E$5:$E$304"),$M102)) | F102: =IF($M102="","",INDEX(INDIRECT($Z$1&"$F$5:$F$304"),$M102)) | G102: =IF($M102="","",INDEX(INDIRECT($Z$1&"$G$5:$G$304"),$M102)) | H102: =IF($M102="","",INDEX(INDIRECT($Z$1&"$H$5:$H$304"),$M102)) | I102: =IF($M102="","",INDEX(INDIRECT($Z$1&"$I$5:$I$304"),$M102)) | J102: =IF($M102="","",INDEX(INDIRECT($Z$1&"$J$5:$J$304"),$M102)) | M102: {=IFERROR(SMALL(IF(INDIRECT($Z$1&"$P$5:$P$304")=1,ROW(INDIRECT($Z$1&"$A$5:$A$304"))-ROW(INDIRECT($Z$1&"$A$5"))+1),87),"")}
...

Sheet R.M Billets Reports

Sheet VRKP
A1: VRKP | Size: 130 x 130 x 6MTR
A2: Heat No. | B2: Dated | C2: Vehicle number | D2: Party | E2: Parameters | K2: Mn/S | L2: No. of Pieces | M2: Weight (MT) | N2: Hold | P2: OutOfSpec
E3: C | F3: S | G3: P | H3: Mn | I3: N | J3: Si
E4: % | F4: % | G4: % | H4: % | I4: ppm | J4: %
A5: =IF($O5="","",INDEX(Master!$D$2:$D$1001,$O5)) | B5: =IF($O5="","",INDEX(Master!$B$2:$B$1001,$O5)) | C5: =IF($O5="","",INDEX(Master!$C$2:$C$1001,$O5)) | D5: =IF($O5="","",INDEX(Master!$A$2:$A$1001,$O5)) | E5: =IF($O5="","",INDEX(Master!$E$2:$E$1001,$O5)) | F5: =IF($O5="","",INDEX(Master!$F$2:$F$1001,$O5)) | G5: =IF($O5="","",INDEX(Master!$G$2:$G$1001,$O5)) | H5: =IF($O5="","",INDEX(Master!$H$2:$H$1001,$O5)) | I5: =IF($O5="","",INDEX(Master!$I$2:$I$1001,$O5)) | J5: =IF($O5="","",INDEX(Master!$J$2:$J$1001,$O5)) | K5: =IF(OR($O5="",$F5="",$F5=0),"",$H5/$F5) | L5: =IF($O5="","",INDEX(Master!$K$2:$K$1001,$O5)) | M5: =IF($O5="","",INDEX(Master!$L$2:$L$1001,$O5)) | O5: {=IFERROR(SMALL(IF(Master!$A$2:$A$1001="VRKP",ROW(Master!$A$2:$A$1001)-ROW(Master!$A$2)+1),1),"")} | P5: =IF($A5="",0,IF(OR(AND($E5<>"",OR($E5>0.12)),AND($F5<>"",OR($F5>0.05)),AND($G5<>"",OR($G5>0.085)),AND($H5<>"",$H5<0.5),AND($I5<>"",$I5>120),AND($J5<>"",OR($J5<0.08))),1,0))
A6: =IF($O6="","",INDEX(Master!$D$2:$D$1001,$O6)) | B6: =IF($O6="","",INDEX(Master!$B$2:$B$1001,$O6)) | C6: =IF($O6="","",INDEX(Master!$C$2:$C$1001,$O6)) | D6: =IF($O6="","",INDEX(Master!$A$2:$A$1001,$O6)) | E6: =IF($O6="","",INDEX(Master!$E$2:$E$1001,$O6)) | F6: =IF($O6="","",INDEX(Master!$F$2:$F$1001,$O6)) | G6: =IF($O6="","",INDEX(Master!$G$2:$G$1001,$O6)) | H6: =IF($O6="","",INDEX(Master!$H$2:$H$1001,$O6)) | I6: =IF($O6="","",INDEX(Master!$I$2:$I$1001,$O6)) | J6: =IF($O6="","",INDEX(Master!$J$2:$J$1001,$O6)) | K6: =IF(OR($O6="",$F6="",$F6=0),"",$H6/$F6) | L6: =IF($O6="","",INDEX(Master!$K$2:$K$1001,$O6)) | M6: =IF($O6="","",INDEX(Master!$L$2:$L$1001,$O6)) | O6: {=IFERROR(SMALL(IF(Master!$A$2:$A$1001="VRKP",ROW(Master!$A$2:$A$1001)-ROW(Master!$A$2)+1),2),"")} | P6: =IF($A6="",0,IF(OR(AND($E6<>"",OR($E6>0.12)),AND($F6<>"",OR($F6>0.05)),AND($G6<>"",OR($G6>0.085)),AND($H6<>"",$H6<0.5),AND($I6<>"",$I6>120),AND($J6<>"",OR($J6<0.08))),1,0))
A7: =IF($O7="","",INDEX(Master!$D$2:$D$1001,$O7)) | B7: =IF($O7="","",INDEX(Master!$B$2:$B$1001,$O7)) | C7: =IF($O7="","",INDEX(Master!$C$2:$C$1001,$O7)) | D7: =IF($O7="","",INDEX(Master!$A$2:$A$1001,$O7)) | E7: =IF($O7="","",INDEX(Master!$E$2:$E$1001,$O7)) | F7: =IF($O7="","",INDEX(Master!$F$2:$F$1001,$O7)) | G7: =IF($O7="","",INDEX(Master!$G$2:$G$1001,$O7)) | H7: =IF($O7="","",INDEX(Master!$H$2:$H$1001,$O7)) | I7: =IF($O7="","",INDEX(Master!$I$2:$I$1001,$O7)) | J7: =IF($O7="","",INDEX(Master!$J$2:$J$1001,$O7)) | K7: =IF(OR($O7="",$F7="",$F7=0),"",$H7/$F7) | L7: =IF($O7="","",INDEX(Master!$K$2:$K$1001,$O7)) | M7: =IF($O7="","",INDEX(Master!$L$2:$L$1001,$O7)) | O7: {=IFERROR(SMALL(IF(Master!$A$2:$A$1001="VRKP",ROW(Master!$A$2:$A$1001)-ROW(Master!$A$2)+1),3),"")} | P7: =IF($A7="",0,IF(OR(AND($E7<>"",OR($E7>0.12)),AND($F7<>"",OR($F7>0.05)),AND($G7<>"",OR($G7>0.085)),AND($H7<>"",$H7<0.5),AND($I7<>"",$I7>120),AND($J7<>"",OR($J7<0.08))),1,0))
A8: =IF($O8="","",INDEX(Master!$D$2:$D$1001,$O8)) | B8: =IF($O8="","",INDEX(Master!$B$2:$B$1001,$O8)) | C8: =IF($O8="","",INDEX(Master!$C$2:$C$1001,$O8)) | D8: =IF($O8="","",INDEX(Master!$A$2:$A$1001,$O8)) | E8: =IF($O8="","",INDEX(Master!$E$2:$E$1001,$O8)) | F8: =IF($O8="","",INDEX(Master!$F$2:$F$1001,$O8)) | G8: =IF($O8="","",INDEX(Master!$G$2:$G$1001,$O8)) | H8: =IF($O8="","",INDEX(Master!$H$2:$H$1001,$O8)) | I8: =IF($O8="","",INDEX(Master!$I$2:$I$1001,$O8)) | J8: =IF($O8="","",INDEX(Master!$J$2:$J$1001,$O8)) | K8: =IF(OR($O8="",$F8="",$F8=0),"",$H8/$F8) | L8: =IF($O8="","",INDEX(Master!$K$2:$K$1001,$O8)) | M8: =IF($O8="","",INDEX(Master!$L$2:$L$1001,$O8)) | O8: {=IFERROR(SMALL(IF(Master!$A$2:$A$1001="VRKP",ROW(Master!$A$2:$A$1001)-ROW(Master!$A$2)+1),4),"")} | P8: =IF($A8="",0,IF(OR(AND($E8<>"",OR($E8>0.12)),AND($F8<>"",OR($F8>0.05)),AND($G8<>"",OR($G8>0.085)),AND($H8<>"",$H8<0.5),AND($I8<>"",$I8>120),AND($J8<>"",OR($J8<0.08))),1,0))
A9: =IF($O9="","",INDEX(Master!$D$2:$D$1001,$O9)) | B9: =IF($O9="","",INDEX(Master!$B$2:$B$1001,$O9)) | C9: =IF($O9="","",INDEX(Master!$C$2:$C$1001,$O9)) | D9: =IF($O9="","",INDEX(Master!$A$2:$A$1001,$O9)) | E9: =IF($O9="","",INDEX(Master!$E$2:$E$1001,$O9)) | F9: =IF($O9="","",INDEX(Master!$F$2:$F$1001,$O9)) | G9: =IF($O9="","",INDEX(Master!$G$2:$G$1001,$O9)) | H9: =IF($O9="","",INDEX(Master!$H$2:$H$1001,$O9)) | I9: =IF($O9="","",INDEX(Master!$I$2:$I$1001,$O9)) | J9: =IF($O9="","",INDEX(Master!$J$2:$J$1001,$O9)) | K9: =IF(OR($O9="",$F9="",$F9=0),"",$H9/$F9) | L9: =IF($O9="","",INDEX(Master!$K$2:$K$1001,$O9)) | M9: =IF($O9="","",INDEX(Master!$L$2:$L$1001,$O9)) | O9: {=IFERROR(SMALL(IF(Master!$A$2:$A$1001="VRKP",ROW(Master!$A$2:$A$1001)-ROW(Master!$A$2)+1),5),"")} | P9: =IF($A9="",0,IF(OR(AND($E9<>"",OR($E9>0.12)),AND($F9<>"",OR($F9>0.05)),AND($G9<>"",OR($G9>0.085)),AND($H9<>"",$H9<0.5),AND($I9<>"",$I9>120),AND($J9<>"",OR($J9<0.08))),1,0))
A10: =IF($O10="","",INDEX(Master!$D$2:$D$1001,$O10)) | B10: =IF($O10="","",INDEX(Master!$B$2:$B$1001,$O10)) | C10: =IF($O10="","",INDEX(Master!$C$2:$C$1001,$O10)) | D10: =IF($O10="","",INDEX(Master!$A$2:$A$1001,$O10)) | E10: =IF($O10="","",INDEX(Master!$E$2:$E$1001,$O10)) | F10: =IF($O10="","",INDEX(Master!$F$2:$F$1001,$O10)) | G10: =IF($O10="","",INDEX(Master!$G$2:$G$1001,$O10)) | H10: =IF($O10="","",INDEX(Master!$H$2:$H$1001,$O10)) | I10: =IF($O10="","",INDEX(Master!$I$2:$I$1001,$O10)) | J10: =IF($O10="","",INDEX(Master!$J$2:$J$1001,$O10)) | K10: =IF(OR($O10="",$F10="",$F10=0),"",$H10/$F10) | L10: =IF($O10="","",INDEX(Master!$K$2:$K$1001,$O10)) | M10: =IF($O10="","",INDEX(Master!$L$2:$L$1001,$O10)) | O10: {=IFERROR(SMALL(IF(Master!$A$2:$A$1001="VRKP",ROW(Master!$A$2:$A$1001)-ROW(Master!$A$2)+1),6),"")} | P10: =IF($A10="",0,IF(OR(AND($E10<>"",OR($E10>0.12)),AND($F10<>"",OR($F10>0.05)),AND($G10<>"",OR($G10>0.085)),AND($H10<>"",$H10<0.5),AND($I10<>"",$I10>120),AND($J10<>"",OR($J10<0.08))),1,0))
A11: =IF($O11="","",INDEX(Master!$D$2:$D$1001,$O11)) | B11: =IF($O11="","",INDEX(Master!$B$2:$B$1001,$O11)) | C11: =IF($O11="","",INDEX(Master!$C$2:$C$1001,$O11)) | D11: =IF($O11="","",INDEX(Master!$A$2:$A$1001,$O11)) | E11: =IF($O11="","",INDEX(Master!$E$2:$E$1001,$O11)) | F11: =IF($O11="","",INDEX(Master!$F$2:$F$1001,$O11)) | G11: =IF($O11="","",INDEX(Master!$G$2:$G$1001,$O11)) | H11: =IF($O11="","",INDEX(Master!$H$2:$H$1001,$O11)) | I11: =IF($O11="","",INDEX(Master!$I$2:$I$1001,$O11)) | J11: =IF($O11="","",INDEX(Master!$J$2:$J$1001,$O11)) | K11: =IF(OR($O11="",$F11="",$F11=0),"",$H11/$F11) | L11: =IF($O11="","",INDEX(Master!$K$2:$K$1001,$O11)) | M11: =IF($O11="","",INDEX(Master!$L$2:$L$1001,$O11)) | O11: {=IFERROR(SMALL(IF(Master!$A$2:$A$1001="VRKP",ROW(Master!$A$2:$A$1001)-ROW(Master!$A$2)+1),7),"")} | P11: =IF($A11="",0,IF(OR(AND($E11<>"",OR($E11>0.12)),AND($F11<>"",OR($F11>0.05)),AND($G11<>"",OR($G11>0.085)),AND($H11<>"",$H11<0.5),AND($I11<>"",$I11>120),AND($J11<>"",OR($J11<0.08))),1,0))
A12: =IF($O12="","",INDEX(Master!$D$2:$D$1001,$O12)) | B12: =IF($O12="","",INDEX(Master!$B$2:$B$1001,$O12)) | C12: =IF($O12="","",INDEX(Master!$C$2:$C$1001,$O12)) | D12: =IF($O12="","",INDEX(Master!$A$2:$A$1001,$O12)) | E12: =IF($O12="","",INDEX(Master!$E$2:$E$1001,$O12)) | F12: =IF($O12="","",INDEX(Master!$F$2:$F$1001,$O12)) | G12: =IF($O12="","",INDEX(Master!$G$2:$G$1001,$O12)) | H12: =IF($O12="","",INDEX(Master!$H$2:$H$1001,$O12)) | I12: =IF($O12="","",INDEX(Master!$I$2:$I$1001,$O12)) | J12: =IF($O12="","",INDEX(Master!$J$2:$J$1001,$O12)) | K12: =IF(OR($O12="",$F12="",$F12=0),"",$H12/$F12) | L12: =IF($O12="","",INDEX(Master!$K$2:$K$1001,$O12)) | M12: =IF($O12="","",INDEX(Master!$L$2:$L$1001,$O12)) | O12: {=IFERROR(SMALL(IF(Master!$A$2:$A$1001="VRKP",ROW(Master!$A$2:$A$1001)-ROW(Master!$A$2)+1),8),"")} | P12: =IF($A12="",0,IF(OR(AND($E12<>"",OR($E12>0.12)),AND($F12<>"",OR($F12>0.05)),AND($G12<>"",OR($G12>0.085)),AND($H12<>"",$H12<0.5),AND($I12<>"",$I12>120),AND($J12<>"",OR($J12<0.08))),1,0))
A13: =IF($O13="","",INDEX(Master!$D$2:$D$1001,$O13)) | B13: =IF($O13="","",INDEX(Master!$B$2:$B$1001,$O13)) | C13: =IF($O13="","",INDEX(Master!$C$2:$C$1001,$O13)) | D13: =IF($O13="","",INDEX(Master!$A$2:$A$1001,$O13)) | E13: =IF($O13="","",INDEX(Master!$E$2:$E$1001,$O13)) | F13: =IF($O13="","",INDEX(Master!$F$2:$F$1001,$O13)) | G13: =IF($O13="","",INDEX(Master!$G$2:$G$1001,$O13)) | H13: =IF($O13="","",INDEX(Master!$H$2:$H$1001,$O13)) | I13: =IF($O13="","",INDEX(Master!$I$2:$I$1001,$O13)) | J13: =IF($O13="","",INDEX(Master!$J$2:$J$1001,$O13)) | K13: =IF(OR($O13="",$F13="",$F13=0),"",$H13/$F13) | L13: =IF($O13="","",INDEX(Master!$K$2:$K$1001,$O13)) | M13: =IF($O13="","",INDEX(Master!$L$2:$L$1001,$O13)) | O13: {=IFERROR(SMALL(IF(Master!$A$2:$A$1001="VRKP",ROW(Master!$A$2:$A$1001)-ROW(Master!$A$2)+1),9),"")} | P13: =IF($A13="",0,IF(OR(AND($E13<>"",OR($E13>0.12)),AND($F13<>"",OR($F13>0.05)),AND($G13<>"",OR($G13>0.085)),AND($H13<>"",$H13<0.5),AND($I13<>"",$I13>120),AND($J13<>"",OR($J13<0.08))),1,0))
A14: =IF($O14="","",INDEX(Master!$D$2:$D$1001,$O14)) | B14: =IF($O14="","",INDEX(Master!$B$2:$B$1001,$O14)) | C14: =IF($O14="","",INDEX(Master!$C$2:$C$1001,$O14)) | D14: =IF($O14="","",INDEX(Master!$A$2:$A$1001,$O14)) | E14: =IF($O14="","",INDEX(Master!$E$2:$E$1001,$O14)) | F14: =IF($O14="","",INDEX(Master!$F$2:$F$1001,$O14)) | G14: =IF($O14="","",INDEX(Master!$G$2:$G$1001,$O14)) | H14: =IF($O14="","",INDEX(Master!$H$2:$H$1001,$O14)) | I14: =IF($O14="","",INDEX(Master!$I$2:$I$1001,$O14)) | J14: =IF($O14="","",INDEX(Master!$J$2:$J$1001,$O14)) | K14: =IF(OR($O14="",$F14="",$F14=0),"",$H14/$F14) | L14: =IF($O14="","",INDEX(Master!$K$2:$K$1001,$O14)) | M14: =IF($O14="","",INDEX(Master!$L$2:$L$1001,$O14)) | O14: {=IFERROR(SMALL(IF(Master!$A$2:$A$1001="VRKP",ROW(Master!$A$2:$A$1001)-ROW(Master!$A$2)+1),10),"")} | P14: =IF($A14="",0,IF(OR(AND($E14<>"",OR($E14>0.12)),AND($F14<>"",OR($F14>0.05)),AND($G14<>"",OR($G14>0.085)),AND($H14<>"",$H14<0.5),AND($I14<>"",$I14>120),AND($J14<>"",OR($J14<0.08))),1,0))
A15: =IF($O15="","",INDEX(Master!$D$2:$D$1001,$O15)) | B15: =IF($O15="","",INDEX(Master!$B$2:$B$1001,$O15)) | C15: =IF($O15="","",INDEX(Master!$C$2:$C$1001,$O15)) | D15: =IF($O15="","",INDEX(Master!$A$2:$A$1001,$O15)) | E15: =IF($O15="","",INDEX(Master!$E$2:$E$1001,$O15)) | F15: =IF($O15="","",INDEX(Master!$F$2:$F$1001,$O15)) | G15: =IF($O15="","",INDEX(Master!$G$2:$G$1001,$O15)) | H15: =IF($O15="","",INDEX(Master!$H$2:$H$1001,$O15)) | I15: =IF($O15="","",INDEX(Master!$I$2:$I$1001,$O15)) | J15: =IF($O15="","",INDEX(Master!$J$2:$J$1001,$O15)) | K15: =IF(OR($O15="",$F15="",$F15=0),"",$H15/$F15) | L15: =IF($O15="","",INDEX(Master!$K$2:$K$1001,$O15)) | M15: =IF($O15="","",INDEX(Master!$L$2:$L$1001,$O15)) | O15: {=IFERROR(SMALL(IF(Master!$A$2:$A$1001="VRKP",ROW(Master!$A$2:$A$1001)-ROW(Master!$A$2)+1),11),"")} | P15: =IF($A15="",0,IF(OR(AND($E15<>"",OR($E15>0.12)),AND($F15<>"",OR($F15>0.05)),AND($G15<>"",OR($G15>0.085)),AND($H15<>"",$H15<0.5),AND($I15<>"",$I15>120),AND($J15<>"",OR($J15<0.08))),1,0))
A16: =IF($O16="","",INDEX(Master!$D$2:$D$1001,$O16)) | B16: =IF($O16="","",INDEX(Master!$B$2:$B$1001,$O16)) | C16: =IF($O16="","",INDEX(Master!$C$2:$C$1001,$O16)) | D16: =IF($O16="","",INDEX(Master!$A$2:$A$1001,$O16)) | E16: =IF($O16="","",INDEX(Master!$E$2:$E$1001,$O16)) | F16: =IF($O16="","",INDEX(Master!$F$2:$F$1001,$O16)) | G16: =IF($O16="","",INDEX(Master!$G$2:$G$1001,$O16)) | H16: =IF($O16="","",INDEX(Master!$H$2:$H$1001,$O16)) | I16: =IF($O16="","",INDEX(Master!$I$2:$I$1001,$O16)) | J16: =IF($O16="","",INDEX(Master!$J$2:$J$1001,$O16)) | K16: =IF(OR($O16="",$F16="",$F16=0),"",$H16/$F16) | L16: =IF($O16="","",INDEX(Master!$K$2:$K$1001,$O16)) | M16: =IF($O16="","",INDEX(Master!$L$2:$L$1001,$O16)) | O16: {=IFERROR(SMALL(IF(Master!$A$2:$A$1001="VRKP",ROW(Master!$A$2:$A$1001)-ROW(Master!$A$2)+1),12),"")} | P16: =IF($A16="",0,IF(OR(AND($E16<>"",OR($E16>0.12)),AND($F16<>"",OR($F16>0.05)),AND($G16<>"",OR($G16>0.085)),AND($H16<>"",$H16<0.5),AND($I16<>"",$I16>120),AND($J16<>"",OR($J16<0.08))),1,0))
A17: =IF($O17="","",INDEX(Master!$D$2:$D$1001,$O17)) | B17: =IF($O17="","",INDEX(Master!$B$2:$B$1001,$O17)) | C17: =IF($O17="","",INDEX(Master!$C$2:$C$1001,$O17)) | D17: =IF($O17="","",INDEX(Master!$A$2:$A$1001,$O17)) | E17: =IF($O17="","",INDEX(Master!$E$2:$E$1001,$O17)) | F17: =IF($O17="","",INDEX(Master!$F$2:$F$1001,$O17)) | G17: =IF($O17="","",INDEX(Master!$G$2:$G$1001,$O17)) | H17: =IF($O17="","",INDEX(Master!$H$2:$H$1001,$O17)) | I17: =IF($O17="","",INDEX(Master!$I$2:$I$1001,$O17)) | J17: =IF($O17="","",INDEX(Master!$J$2:$J$1001,$O17)) | K17: =IF(OR($O17="",$F17="",$F17=0),"",$H17/$F17) | L17: =IF($O17="","",INDEX(Master!$K$2:$K$1001,$O17)) | M17: =IF($O17="","",INDEX(Master!$L$2:$L$1001,$O17)) | O17: {=IFERROR(SMALL(IF(Master!$A$2:$A$1001="VRKP",ROW(Master!$A$2:$A$1001)-ROW(Master!$A$2)+1),13),"")} | P17: =IF($A17="",0,IF(OR(AND($E17<>"",OR($E17>0.12)),AND($F17<>"",OR($F17>0.05)),AND($G17<>"",OR($G17>0.085)),AND($H17<>"",$H17<0.5),AND($I17<>"",$I17>120),AND($J17<>"",OR($J17<0.08))),1,0))
A18: =IF($O18="","",INDEX(Master!$D$2:$D$1001,$O18)) | B18: =IF($O18="","",INDEX(Master!$B$2:$B$1001,$O18)) | C18: =IF($O18="","",INDEX(Master!$C$2:$C$1001,$O18)) | D18: =IF($O18="","",INDEX(Master!$A$2:$A$1001,$O18)) | E18: =IF($O18="","",INDEX(Master!$E$2:$E$1001,$O18)) | F18: =IF($O18="","",INDEX(Master!$F$2:$F$1001,$O18)) | G18: =IF($O18="","",INDEX(Master!$G$2:$G$1001,$O18)) | H18: =IF($O18="","",INDEX(Master!$H$2:$H$1001,$O18)) | I18: =IF($O18="","",INDEX(Master!$I$2:$I$1001,$O18)) | J18: =IF($O18="","",INDEX(Master!$J$2:$J$1001,$O18)) | K18: =IF(OR($O18="",$F18="",$F18=0),"",$H18/$F18) | L18: =IF($O18="","",INDEX(Master!$K$2:$K$1001,$O18)) | M18: =IF($O18="","",INDEX(Master!$L$2:$L$1001,$O18)) | O18: {=IFERROR(SMALL(IF(Master!$A$2:$A$1001="VRKP",ROW(Master!$A$2:$A$1001)-ROW(Master!$A$2)+1),14),"")} | P18: =IF($A18="",0,IF(OR(AND($E18<>"",OR($E18>0.12)),AND($F18<>"",OR($F18>0.05)),AND($G18<>"",OR($G18>0.085)),AND($H18<>"",$H18<0.5),AND($I18<>"",$I18>120),AND($J18<>"",OR($J18<0.08))),1,0))
A19: =IF($O19="","",INDEX(Master!$D$2:$D$1001,$O19)) | B19: =IF($O19="","",INDEX(Master!$B$2:$B$1001,$O19)) | C19: =IF($O19="","",INDEX(Master!$C$2:$C$1001,$O19)) | D19: =IF($O19="","",INDEX(Master!$A$2:$A$1001,$O19)) | E19: =IF($O19="","",INDEX(Master!$E$2:$E$1001,$O19)) | F19: =IF($O19="","",INDEX(Master!$F$2:$F$1001,$O19)) | G19: =IF($O19="","",INDEX(Master!$G$2:$G$1001,$O19)) | H19: =IF($O19="","",INDEX(Master!$H$2:$H$1001,$O19)) | I19: =IF($O19="","",INDEX(Master!$I$2:$I$1001,$O19)) | J19: =IF($O19="","",INDEX(Master!$J$2:$J$1001,$O19)) | K19: =IF(OR($O19="",$F19="",$F19=0),"",$H19/$F19) | L19: =IF($O19="","",INDEX(Master!$K$2:$K$1001,$O19)) | M19: =IF($O19="","",INDEX(Master!$L$2:$L$1001,$O19)) | O19: {=IFERROR(SMALL(IF(Master!$A$2:$A$1001="VRKP",ROW(Master!$A$2:$A$1001)-ROW(Master!$A$2)+1),15),"")} | P19: =IF($A19="",0,IF(OR(AND($E19<>"",OR($E19>0.12)),AND($F19<>"",OR($F19>0.05)),AND($G19<>"",OR($G19>0.085)),AND($H19<>"",$H19<0.5),AND($I19<>"",$I19>120),AND($J19<>"",OR($J19<0.08))),1,0))
A20: =IF($O20="","",INDEX(Master!$D$2:$D$1001,$O20)) | B20: =IF($O20="","",INDEX(Master!$B$2:$B$1001,$O20)) | C20: =IF($O20="","",INDEX(Master!$C$2:$C$1001,$O20)) | D20: =IF($O20="","",INDEX(Master!$A$2:$A$1001,$O20)) | E20: =IF($O20="","",INDEX(Master!$E$2:$E$1001,$O20)) | F20: =IF($O20="","",INDEX(Master!$F$2:$F$1001,$O20)) | G20: =IF($O20="","",INDEX(Master!$G$2:$G$1001,$O20)) | H20: =IF($O20="","",INDEX(Master!$H$2:$H$1001,$O20)) | I20: =IF($O20="","",INDEX(Master!$I$2:$I$1001,$O20)) | J20: =IF($O20="","",INDEX(Master!$J$2:$J$1001,$O20)) | K20: =IF(OR($O20="",$F20="",$F20=0),"",$H20/$F20) | L20: =IF($O20="","",INDEX(Master!$K$2:$K$1001,$O20)) | M20: =IF($O20="","",INDEX(Master!$L$2:$L$1001,$O20)) | O20: {=IFERROR(SMALL(IF(Master!$A$2:$A$1001="VRKP",ROW(Master!$A$2:$A$1001)-ROW(Master!$A$2)+1),16),"")} | P20: =IF($A20="",0,IF(OR(AND($E20<>"",OR($E20>0.12)),AND($F20<>"",OR($F20>0.05)),AND($G20<>"",OR($G20>0.085)),AND($H20<>"",$H20<0.5),AND($I20<>"",$I20>120),AND($J20<>"",OR($J20<0.08))),1,0))
A21: =IF($O21="","",INDEX(Master!$D$2:$D$1001,$O21)) | B21: =IF($O21="","",INDEX(Master!$B$2:$B$1001,$O21)) | C21: =IF($O21="","",INDEX(Master!$C$2:$C$1001,$O21)) | D21: =IF($O21="","",INDEX(Master!$A$2:$A$1001,$O21)) | E21: =IF($O21="","",INDEX(Master!$E$2:$E$1001,$O21)) | F21: =IF($O21="","",INDEX(Master!$F$2:$F$1001,$O21)) | G21: =IF($O21="","",INDEX(Master!$G$2:$G$1001,$O21)) | H21: =IF($O21="","",INDEX(Master!$H$2:$H$1001,$O21)) | I21: =IF($O21="","",INDEX(Master!$I$2:$I$1001,$O21)) | J21: =IF($O21="","",INDEX(Master!$J$2:$J$1001,$O21)) | K21: =IF(OR($O21="",$F21="",$F21=0),"",$H21/$F21) | L21: =IF($O21="","",INDEX(Master!$K$2:$K$1001,$O21)) | M21: =IF($O21="","",INDEX(Master!$L$2:$L$1001,$O21)) | O21: {=IFERROR(SMALL(IF(Master!$A$2:$A$1001="VRKP",ROW(Master!$A$2:$A$1001)-ROW(Master!$A$2)+1),17),"")} | P21: =IF($A21="",0,IF(OR(AND($E21<>"",OR($E21>0.12)),AND($F21<>"",OR($F21>0.05)),AND($G21<>"",OR($G21>0.085)),AND($H21<>"",$H21<0.5),AND($I21<>"",$I21>120),AND($J21<>"",OR($J21<0.08))),1,0))
A22: =IF($O22="","",INDEX(Master!$D$2:$D$1001,$O22)) | B22: =IF($O22="","",INDEX(Master!$B$2:$B$1001,$O22)) | C22: =IF($O22="","",INDEX(Master!$C$2:$C$1001,$O22)) | D22: =IF($O22="","",INDEX(Master!$A$2:$A$1001,$O22)) | E22: =IF($O22="","",INDEX(Master!$E$2:$E$1001,$O22)) | F22: =IF($O22="","",INDEX(Master!$F$2:$F$1001,$O22)) | G22: =IF($O22="","",INDEX(Master!$G$2:$G$1001,$O22)) | H22: =IF($O22="","",INDEX(Master!$H$2:$H$1001,$O22)) | I22: =IF($O22="","",INDEX(Master!$I$2:$I$1001,$O22)) | J22: =IF($O22="","",INDEX(Master!$J$2:$J$1001,$O22)) | K22: =IF(OR($O22="",$F22="",$F22=0),"",$H22/$F22) | L22: =IF($O22="","",INDEX(Master!$K$2:$K$1001,$O22)) | M22: =IF($O22="","",INDEX(Master!$L$2:$L$1001,$O22)) | O22: {=IFERROR(SMALL(IF(Master!$A$2:$A$1001="VRKP",ROW(Master!$A$2:$A$1001)-ROW(Master!$A$2)+1),18),"")} | P22: =IF($A22="",0,IF(OR(AND($E22<>"",OR($E22>0.12)),AND($F22<>"",OR($F22>0.05)),AND($G22<>"",OR($G22>0.085)),AND($H22<>"",$H22<0.5),AND($I22<>"",$I22>120),AND($J22<>"",OR($J22<0.08))),1,0))
A23: =IF($O23="","",INDEX(Master!$D$2:$D$1001,$O23)) | B23: =IF($O23="","",INDEX(Master!$B$2:$B$1001,$O23)) | C23: =IF($O23="","",INDEX(Master!$C$2:$C$1001,$O23)) | D23: =IF($O23="","",INDEX(Master!$A$2:$A$1001,$O23)) | E23: =IF($O23="","",INDEX(Master!$E$2:$E$1001,$O23)) | F23: =IF($O23="","",INDEX(Master!$F$2:$F$1001,$O23)) | G23: =IF($O23="","",INDEX(Master!$G$2:$G$1001,$O23)) | H23: =IF($O23="","",INDEX(Master!$H$2:$H$1001,$O23)) | I23: =IF($O23="","",INDEX(Master!$I$2:$I$1001,$O23)) | J23: =IF($O23="","",INDEX(Master!$J$2:$J$1001,$O23)) | K23: =IF(OR($O23="",$F23="",$F23=0),"",$H23/$F23) | L23: =IF($O23="","",INDEX(Master!$K$2:$K$1001,$O23)) | M23: =IF($O23="","",INDEX(Master!$L$2:$L$1001,$O23)) | O23: {=IFERROR(SMALL(IF(Master!$A$2:$A$1001="VRKP",ROW(Master!$A$2:$A$1001)-ROW(Master!$A$2)+1),19),"")} | P23: =IF($A23="",0,IF(OR(AND($E23<>"",OR($E23>0.12)),AND($F23<>"",OR($F23>0.05)),AND($G23<>"",OR($G23>0.085)),AND($H23<>"",$H23<0.5),AND($I23<>"",$I23>120),AND($J23<>"",OR($J23<0.08))),1,0))
A24: =IF($O24="","",INDEX(Master!$D$2:$D$1001,$O24)) | B24: =IF($O24="","",INDEX(Master!$B$2:$B$1001,$O24)) | C24: =IF($O24="","",INDEX(Master!$C$2:$C$1001,$O24)) | D24: =IF($O24="","",INDEX(Master!$A$2:$A$1001,$O24)) | E24: =IF($O24="","",INDEX(Master!$E$2:$E$1001,$O24)) | F24: =IF($O24="","",INDEX(Master!$F$2:$F$1001,$O24)) | G24: =IF($O24="","",INDEX(Master!$G$2:$G$1001,$O24)) | H24: =IF($O24="","",INDEX(Master!$H$2:$H$1001,$O24)) | I24: =IF($O24="","",INDEX(Master!$I$2:$I$1001,$O24)) | J24: =IF($O24="","",INDEX(Master!$J$2:$J$1001,$O24)) | K24: =IF(OR($O24="",$F24="",$F24=0),"",$H24/$F24) | L24: =IF($O24="","",INDEX(Master!$K$2:$K$1001,$O24)) | M24: =IF($O24="","",INDEX(Master!$L$2:$L$1001,$O24)) | O24: {=IFERROR(SMALL(IF(Master!$A$2:$A$1001="VRKP",ROW(Master!$A$2:$A$1001)-ROW(Master!$A$2)+1),20),"")} | P24: =IF($A24="",0,IF(OR(AND($E24<>"",OR($E24>0.12)),AND($F24<>"",OR($F24>0.05)),AND($G24<>"",OR($G24>0.085)),AND($H24<>"",$H24<0.5),AND($I24<>"",$I24>120),AND($J24<>"",OR($J24<0.08))),1,0))
A25: =IF($O25="","",INDEX(Master!$D$2:$D$1001,$O25)) | B25: =IF($O25="","",INDEX(Master!$B$2:$B$1001,$O25)) | C25: =IF($O25="","",INDEX(Master!$C$2:$C$1001,$O25)) | D25: =IF($O25="","",INDEX(Master!$A$2:$A$1001,$O25)) | E25: =IF($O25="","",INDEX(Master!$E$2:$E$1001,$O25)) | F25: =IF($O25="","",INDEX(Master!$F$2:$F$1001,$O25)) | G25: =IF($O25="","",INDEX(Master!$G$2:$G$1001,$O25)) | H25: =IF($O25="","",INDEX(Master!$H$2:$H$1001,$O25)) | I25: =IF($O25="","",INDEX(Master!$I$2:$I$1001,$O25)) | J25: =IF($O25="","",INDEX(Master!$J$2:$J$1001,$O25)) | K25: =IF(OR($O25="",$F25="",$F25=0),"",$H25/$F25) | L25: =IF($O25="","",INDEX(Master!$K$2:$K$1001,$O25)) | M25: =IF($O25="","",INDEX(Master!$L$2:$L$1001,$O25)) | O25: {=IFERROR(SMALL(IF(Master!$A$2:$A$1001="VRKP",ROW(Master!$A$2:$A$1001)-ROW(Master!$A$2)+1),21),"")} | P25: =IF($A25="",0,IF(OR(AND($E25<>"",OR($E25>0.12)),AND($F25<>"",OR($F25>0.05)),AND($G25<>"",OR($G25>0.085)),AND($H25<>"",$H25<0.5),AND($I25<>"",$I25>120),AND($J25<>"",OR($J25<0.08))),1,0))
A26: =IF($O26="","",INDEX(Master!$D$2:$D$1001,$O26)) | B26: =IF($O26="","",INDEX(Master!$B$2:$B$1001,$O26)) | C26: =IF($O26="","",INDEX(Master!$C$2:$C$1001,$O26)) | D26: =IF($O26="","",INDEX(Master!$A$2:$A$1001,$O26)) | E26: =IF($O26="","",INDEX(Master!$E$2:$E$1001,$O26)) | F26: =IF($O26="","",INDEX(Master!$F$2:$F$1001,$O26)) | G26: =IF($O26="","",INDEX(Master!$G$2:$G$1001,$O26)) | H26: =IF($O26="","",INDEX(Master!$H$2:$H$1001,$O26)) | I26: =IF($O26="","",INDEX(Master!$I$2:$I$1001,$O26)) | J26: =IF($O26="","",INDEX(Master!$J$2:$J$1001,$O26)) | K26: =IF(OR($O26="",$F26="",$F26=0),"",$H26/$F26) | L26: =IF($O26="","",INDEX(Master!$K$2:$K$1001,$O26)) | M26: =IF($O26="","",INDEX(Master!$L$2:$L$1001,$O26)) | O26: {=IFERROR(SMALL(IF(Master!$A$2:$A$1001="VRKP",ROW(Master!$A$2:$A$1001)-ROW(Master!$A$2)+1),22),"")} | P26: =IF($A26="",0,IF(OR(AND($E26<>"",OR($E26>0.12)),AND($F26<>"",OR($F26>0.05)),AND($G26<>"",OR($G26>0.085)),AND($H26<>"",$H26<0.5),AND($I26<>"",$I26>120),AND($J26<>"",OR($J26<0.08))),1,0))
A27: =IF($O27="","",INDEX(Master!$D$2:$D$1001,$O27)) | B27: =IF($O27="","",INDEX(Master!$B$2:$B$1001,$O27)) | C27: =IF($O27="","",INDEX(Master!$C$2:$C$1001,$O27)) | D27: =IF($O27="","",INDEX(Master!$A$2:$A$1001,$O27)) | E27: =IF($O27="","",INDEX(Master!$E$2:$E$1001,$O27)) | F27: =IF($O27="","",INDEX(Master!$F$2:$F$1001,$O27)) | G27: =IF($O27="","",INDEX(Master!$G$2:$G$1001,$O27)) | H27: =IF($O27="","",INDEX(Master!$H$2:$H$1001,$O27)) | I27: =IF($O27="","",INDEX(Master!$I$2:$I$1001,$O27)) | J27: =IF($O27="","",INDEX(Master!$J$2:$J$1001,$O27)) | K27: =IF(OR($O27="",$F27="",$F27=0),"",$H27/$F27) | L27: =IF($O27="","",INDEX(Master!$K$2:$K$1001,$O27)) | M27: =IF($O27="","",INDEX(Master!$L$2:$L$1001,$O27)) | O27: {=IFERROR(SMALL(IF(Master!$A$2:$A$1001="VRKP",ROW(Master!$A$2:$A$1001)-ROW(Master!$A$2)+1),23),"")} | P27: =IF($A27="",0,IF(OR(AND($E27<>"",OR($E27>0.12)),AND($F27<>"",OR($F27>0.05)),AND($G27<>"",OR($G27>0.085)),AND($H27<>"",$H27<0.5),AND($I27<>"",$I27>120),AND($J27<>"",OR($J27<0.08))),1,0))
A28: =IF($O28="","",INDEX(Master!$D$2:$D$1001,$O28)) | B28: =IF($O28="","",INDEX(Master!$B$2:$B$1001,$O28)) | C28: =IF($O28="","",INDEX(Master!$C$2:$C$1001,$O28)) | D28: =IF($O28="","",INDEX(Master!$A$2:$A$1001,$O28)) | E28: =IF($O28="","",INDEX(Master!$E$2:$E$1001,$O28)) | F28: =IF($O28="","",INDEX(Master!$F$2:$F$1001,$O28)) | G28: =IF($O28="","",INDEX(Master!$G$2:$G$1001,$O28)) | H28: =IF($O28="","",INDEX(Master!$H$2:$H$1001,$O28)) | I28: =IF($O28="","",INDEX(Master!$I$2:$I$1001,$O28)) | J28: =IF($O28="","",INDEX(Master!$J$2:$J$1001,$O28)) | K28: =IF(OR($O28="",$F28="",$F28=0),"",$H28/$F28) | L28: =IF($O28="","",INDEX(Master!$K$2:$K$1001,$O28)) | M28: =IF($O28="","",INDEX(Master!$L$2:$L$1001,$O28)) | O28: {=IFERROR(SMALL(IF(Master!$A$2:$A$1001="VRKP",ROW(Master!$A$2:$A$1001)-ROW(Master!$A$2)+1),24),"")} | P28: =IF($A28="",0,IF(OR(AND($E28<>"",OR($E28>0.12)),AND($F28<>"",OR($F28>0.05)),AND($G28<>"",OR($G28>0.085)),AND($H28<>"",$H28<0.5),AND($I28<>"",$I28>120),AND($J28<>"",OR($J28<0.08))),1,0))
A29: =IF($O29="","",INDEX(Master!$D$2:$D$1001,$O29)) | B29: =IF($O29="","",INDEX(Master!$B$2:$B$1001,$O29)) | C29: =IF($O29="","",INDEX(Master!$C$2:$C$1001,$O29)) | D29: =IF($O29="","",INDEX(Master!$A$2:$A$1001,$O29)) | E29: =IF($O29="","",INDEX(Master!$E$2:$E$1001,$O29)) | F29: =IF($O29="","",INDEX(Master!$F$2:$F$1001,$O29)) | G29: =IF($O29="","",INDEX(Master!$G$2:$G$1001,$O29)) | H29: =IF($O29="","",INDEX(Master!$H$2:$H$1001,$O29)) | I29: =IF($O29="","",INDEX(Master!$I$2:$I$1001,$O29)) | J29: =IF($O29="","",INDEX(Master!$J$2:$J$1001,$O29)) | K29: =IF(OR($O29="",$F29="",$F29=0),"",$H29/$F29) | L29: =IF($O29="","",INDEX(Master!$K$2:$K$1001,$O29)) | M29: =IF($O29="","",INDEX(Master!$L$2:$L$1001,$O29)) | O29: {=IFERROR(SMALL(IF(Master!$A$2:$A$1001="VRKP",ROW(Master!$A$2:$A$1001)-ROW(Master!$A$2)+1),25),"")} | P29: =IF($A29="",0,IF(OR(AND($E29<>"",OR($E29>0.12)),AND($F29<>"",OR($F29>0.05)),AND($G29<>"",OR($G29>0.085)),AND($H29<>"",$H29<0.5),AND($I29<>"",$I29>120),AND($J29<>"",OR($J29<0.08))),1,0))
A30: =IF($O30="","",INDEX(Master!$D$2:$D$1001,$O30)) | B30: =IF($O30="","",INDEX(Master!$B$2:$B$1001,$O30)) | C30: =IF($O30="","",INDEX(Master!$C$2:$C$1001,$O30)) | D30: =IF($O30="","",INDEX(Master!$A$2:$A$1001,$O30)) | E30: =IF($O30="","",INDEX(Master!$E$2:$E$1001,$O30)) | F30: =IF($O30="","",INDEX(Master!$F$2:$F$1001,$O30)) | G30: =IF($O30="","",INDEX(Master!$G$2:$G$1001,$O30)) | H30: =IF($O30="","",INDEX(Master!$H$2:$H$1001,$O30)) | I30: =IF($O30="","",INDEX(Master!$I$2:$I$1001,$O30)) | J30: =IF($O30="","",INDEX(Master!$J$2:$J$1001,$O30)) | K30: =IF(OR($O30="",$F30="",$F30=0),"",$H30/$F30) | L30: =IF($O30="","",INDEX(Master!$K$2:$K$1001,$O30)) | M30: =IF($O30="","",INDEX(Master!$L$2:$L$1001,$O30)) | O30: {=IFERROR(SMALL(IF(Master!$A$2:$A$1001="VRKP",ROW(Master!$A$2:$A$1001)-ROW(Master!$A$2)+1),26),"")} | P30: =IF($A30="",0,IF(OR(AND($E30<>"",OR($E30>0.12)),AND($F30<>"",OR($F30>0.05)),AND($G30<>"",OR($G30>0.085)),AND($H30<>"",$H30<0.5),AND($I30<>"",$I30>120),AND($J30<>"",OR($J30<0.08))),1,0))
A31: =IF($O31="","",INDEX(Master!$D$2:$D$1001,$O31)) | B31: =IF($O31="","",INDEX(Master!$B$2:$B$1001,$O31)) | C31: =IF($O31="","",INDEX(Master!$C$2:$C$1001,$O31)) | D31: =IF($O31="","",INDEX(Master!$A$2:$A$1001,$O31)) | E31: =IF($O31="","",INDEX(Master!$E$2:$E$1001,$O31)) | F31: =IF($O31="","",INDEX(Master!$F$2:$F$1001,$O31)) | G31: =IF($O31="","",INDEX(Master!$G$2:$G$1001,$O31)) | H31: =IF($O31="","",INDEX(Master!$H$2:$H$1001,$O31)) | I31: =IF($O31="","",INDEX(Master!$I$2:$I$1001,$O31)) | J31: =IF($O31="","",INDEX(Master!$J$2:$J$1001,$O31)) | K31: =IF(OR($O31="",$F31="",$F31=0),"",$H31/$F31) | L31: =IF($O31="","",INDEX(Master!$K$2:$K$1001,$O31)) | M31: =IF($O31="","",INDEX(Master!$L$2:$L$1001,$O31)) | O31: {=IFERROR(SMALL(IF(Master!$A$2:$A$1001="VRKP",ROW(Master!$A$2:$A$1001)-ROW(Master!$A$2)+1),27),"")} | P31: =IF($A31="",0,IF(OR(AND($E31<>"",OR($E31>0.12)),AND($F31<>"",OR($F31>0.05)),AND($G31<>"",OR($G31>0.085)),AND($H31<>"",$H31<0.5),AND($I31<>"",$I31>120),AND($J31<>"",OR($J31<0.08))),1,0))
A32: =IF($O32="","",INDEX(Master!$D$2:$D$1001,$O32)) | B32: =IF($O32="","",INDEX(Master!$B$2:$B$1001,$O32)) | C32: =IF($O32="","",INDEX(Master!$C$2:$C$1001,$O32)) | D32: =IF($O32="","",INDEX(Master!$A$2:$A$1001,$O32)) | E32: =IF($O32="","",INDEX(Master!$E$2:$E$1001,$O32)) | F32: =IF($O32="","",INDEX(Master!$F$2:$F$1001,$O32)) | G32: =IF($O32="","",INDEX(Master!$G$2:$G$1001,$O32)) | H32: =IF($O32="","",INDEX(Master!$H$2:$H$1001,$O32)) | I32: =IF($O32="","",INDEX(Master!$I$2:$I$1001,$O32)) | J32: =IF($O32="","",INDEX(Master!$J$2:$J$1001,$O32)) | K32: =IF(OR($O32="",$F32="",$F32=0),"",$H32/$F32) | L32: =IF($O32="","",INDEX(Master!$K$2:$K$1001,$O32)) | M32: =IF($O32="","",INDEX(Master!$L$2:$L$1001,$O32)) | O32: {=IFERROR(SMALL(IF(Master!$A$2:$A$1001="VRKP",ROW(Master!$A$2:$A$1001)-ROW(Master!$A$2)+1),28),"")} | P32: =IF($A32="",0,IF(OR(AND($E32<>"",OR($E32>0.12)),AND($F32<>"",OR($F32>0.05)),AND($G32<>"",OR($G32>0.085)),AND($H32<>"",$H32<0.5),AND($I32<>"",$I32>120),AND($J32<>"",OR($J32<0.08))),1,0))
A33: =IF($O33="","",INDEX(Master!$D$2:$D$1001,$O33)) | B33: =IF($O33="","",INDEX(Master!$B$2:$B$1001,$O33)) | C33: =IF($O33="","",INDEX(Master!$C$2:$C$1001,$O33)) | D33: =IF($O33="","",INDEX(Master!$A$2:$A$1001,$O33)) | E33: =IF($O33="","",INDEX(Master!$E$2:$E$1001,$O33)) | F33: =IF($O33="","",INDEX(Master!$F$2:$F$1001,$O33)) | G33: =IF($O33="","",INDEX(Master!$G$2:$G$1001,$O33)) | H33: =IF($O33="","",INDEX(Master!$H$2:$H$1001,$O33)) | I33: =IF($O33="","",INDEX(Master!$I$2:$I$1001,$O33)) | J33: =IF($O33="","",INDEX(Master!$J$2:$J$1001,$O33)) | K33: =IF(OR($O33="",$F33="",$F33=0),"",$H33/$F33) | L33: =IF($O33="","",INDEX(Master!$K$2:$K$1001,$O33)) | M33: =IF($O33="","",INDEX(Master!$L$2:$L$1001,$O33)) | O33: {=IFERROR(SMALL(IF(Master!$A$2:$A$1001="VRKP",ROW(Master!$A$2:$A$1001)-ROW(Master!$A$2)+1),29),"")} | P33: =IF($A33="",0,IF(OR(AND($E33<>"",OR($E33>0.12)),AND($F33<>"",OR($F33>0.05)),AND($G33<>"",OR($G33>0.085)),AND($H33<>"",$H33<0.5),AND($I33<>"",$I33>120),AND($J33<>"",OR($J33<0.08))),1,0))
A34: =IF($O34="","",INDEX(Master!$D$2:$D$1001,$O34)) | B34: =IF($O34="","",INDEX(Master!$B$2:$B$1001,$O34)) | C34: =IF($O34="","",INDEX(Master!$C$2:$C$1001,$O34)) | D34: =IF($O34="","",INDEX(Master!$A$2:$A$1001,$O34)) | E34: =IF($O34="","",INDEX(Master!$E$2:$E$1001,$O34)) | F34: =IF($O34="","",INDEX(Master!$F$2:$F$1001,$O34)) | G34: =IF($O34="","",INDEX(Master!$G$2:$G$1001,$O34)) | H34: =IF($O34="","",INDEX(Master!$H$2:$H$1001,$O34)) | I34: =IF($O34="","",INDEX(Master!$I$2:$I$1001,$O34)) | J34: =IF($O34="","",INDEX(Master!$J$2:$J$1001,$O34)) | K34: =IF(OR($O34="",$F34="",$F34=0),"",$H34/$F34) | L34: =IF($O34="","",INDEX(Master!$K$2:$K$1001,$O34)) | M34: =IF($O34="","",INDEX(Master!$L$2:$L$1001,$O34)) | O34: {=IFERROR(SMALL(IF(Master!$A$2:$A$1001="VRKP",ROW(Master!$A$2:$A$1001)-ROW(Master!$A$2)+1),30),"")} | P34: =IF($A34="",0,IF(OR(AND($E34<>"",OR($E34>0.12)),AND($F34<>"",OR($F34>0.05)),AND($G34<>"",OR($G34>0.085)),AND($H34<>"",$H34<0.5),AND($I34<>"",$I34>120),AND($J34<>"",OR($J34<0.08))),1,0))
A35: =IF($O35="","",INDEX(Master!$D$2:$D$1001,$O35)) | B35: =IF($O35="","",INDEX(Master!$B$2:$B$1001,$O35)) | C35: =IF($O35="","",INDEX(Master!$C$2:$C$1001,$O35)) | D35: =IF($O35="","",INDEX(Master!$A$2:$A$1001,$O35)) | E35: =IF($O35="","",INDEX(Master!$E$2:$E$1001,$O35)) | F35: =IF($O35="","",INDEX(Master!$F$2:$F$1001,$O35)) | G35: =IF($O35="","",INDEX(Master!$G$2:$G$1001,$O35)) | H35: =IF($O35="","",INDEX(Master!$H$2:$H$1001,$O35)) | I35: =IF($O35="","",INDEX(Master!$I$2:$I$1001,$O35)) | J35: =IF($O35="","",INDEX(Master!$J$2:$J$1001,$O35)) | K35: =IF(OR($O35="",$F35="",$F35=0),"",$H35/$F35) | L35: =IF($O35="","",INDEX(Master!$K$2:$K$1001,$O35)) | M35: =IF($O35="","",INDEX(Master!$L$2:$L$1001,$O35)) | O35: {=IFERROR(SMALL(IF(Master!$A$2:$A$1001="VRKP",ROW(Master!$A$2:$A$1001)-ROW(Master!$A$2)+1),31),"")} | P35: =IF($A35="",0,IF(OR(AND($E35<>"",OR($E35>0.12)),AND($F35<>"",OR($F35>0.05)),AND($G35<>"",OR($G35>0.085)),AND($H35<>"",$H35<0.5),AND($I35<>"",$I35>120),AND($J35<>"",OR($J35<0.08))),1,0))
A36: =IF($O36="","",INDEX(Master!$D$2:$D$1001,$O36)) | B36: =IF($O36="","",INDEX(Master!$B$2:$B$1001,$O36)) | C36: =IF($O36="","",INDEX(Master!$C$2:$C$1001,$O36)) | D36: =IF($O36="","",INDEX(Master!$A$2:$A$1001,$O36)) | E36: =IF($O36="","",INDEX(Master!$E$2:$E$1001,$O36)) | F36: =IF($O36="","",INDEX(Master!$F$2:$F$1001,$O36)) | G36: =IF($O36="","",INDEX(Master!$G$2:$G$1001,$O36)) | H36: =IF($O36="","",INDEX(Master!$H$2:$H$1001,$O36)) | I36: =IF($O36="","",INDEX(Master!$I$2:$I$1001,$O36)) | J36: =IF($O36="","",INDEX(Master!$J$2:$J$1001,$O36)) | K36: =IF(OR($O36="",$F36="",$F36=0),"",$H36/$F36) | L36: =IF($O36="","",INDEX(Master!$K$2:$K$1001,$O36)) | M36: =IF($O36="","",INDEX(Master!$L$2:$L$1001,$O36)) | O36: {=IFERROR(SMALL(IF(Master!$A$2:$A$1001="VRKP",ROW(Master!$A$2:$A$1001)-ROW(Master!$A$2)+1),32),"")} | P36: =IF($A36="",0,IF(OR(AND($E36<>"",OR($E36>0.12)),AND($F36<>"",OR($F36>0.05)),AND($G36<>"",OR($G36>0.085)),AND($H36<>"",$H36<0.5),AND($I36<>"",$I36>120),AND($J36<>"",OR($J36<0.08))),1,0))
A37: =IF($O37="","",INDEX(Master!$D$2:$D$1001,$O37)) | B37: =IF($O37="","",INDEX(Master!$B$2:$B$1001,$O37)) | C37: =IF($O37="","",INDEX(Master!$C$2:$C$1001,$O37)) | D37: =IF($O37="","",INDEX(Master!$A$2:$A$1001,$O37)) | E37: =IF($O37="","",INDEX(Master!$E$2:$E$1001,$O37)) | F37: =IF($O37="","",INDEX(Master!$F$2:$F$1001,$O37)) | G37: =IF($O37="","",INDEX(Master!$G$2:$G$1001,$O37)) | H37: =IF($O37="","",INDEX(Master!$H$2:$H$1001,$O37)) | I37: =IF($O37="","",INDEX(Master!$I$2:$I$1001,$O37)) | J37: =IF($O37="","",INDEX(Master!$J$2:$J$1001,$O37)) | K37: =IF(OR($O37="",$F37="",$F37=0),"",$H37/$F37) | L37: =IF($O37="","",INDEX(Master!$K$2:$K$1001,$O37)) | M37: =IF($O37="","",INDEX(Master!$L$2:$L$1001,$O37)) | O37: {=IFERROR(SMALL(IF(Master!$A$2:$A$1001="VRKP",ROW(Master!$A$2:$A$1001)-ROW(Master!$A$2)+1),33),"")} | P37: =IF($A37="",0,IF(OR(AND($E37<>"",OR($E37>0.12)),AND($F37<>"",OR($F37>0.05)),AND($G37<>"",OR($G37>0.085)),AND($H37<>"",$H37<0.5),AND($I37<>"",$I37>120),AND($J37<>"",OR($J37<0.08))),1,0))
A38: =IF($O38="","",INDEX(Master!$D$2:$D$1001,$O38)) | B38: =IF($O38="","",INDEX(Master!$B$2:$B$1001,$O38)) | C38: =IF($O38="","",INDEX(Master!$C$2:$C$1001,$O38)) | D38: =IF($O38="","",INDEX(Master!$A$2:$A$1001,$O38)) | E38: =IF($O38="","",INDEX(Master!$E$2:$E$1001,$O38)) | F38: =IF($O38="","",INDEX(Master!$F$2:$F$1001,$O38)) | G38: =IF($O38="","",INDEX(Master!$G$2:$G$1001,$O38)) | H38: =IF($O38="","",INDEX(Master!$H$2:$H$1001,$O38)) | I38: =IF($O38="","",INDEX(Master!$I$2:$I$1001,$O38)) | J38: =IF($O38="","",INDEX(Master!$J$2:$J$1001,$O38)) | K38: =IF(OR($O38="",$F38="",$F38=0),"",$H38/$F38) | L38: =IF($O38="","",INDEX(Master!$K$2:$K$1001,$O38)) | M38: =IF($O38="","",INDEX(Master!$L$2:$L$1001,$O38)) | O38: {=IFERROR(SMALL(IF(Master!$A$2:$A$1001="VRKP",ROW(Master!$A$2:$A$1001)-ROW(Master!$A$2)+1),34),"")} | P38: =IF($A38="",0,IF(OR(AND($E38<>"",OR($E38>0.12)),AND($F38<>"",OR($F38>0.05)),AND($G38<>"",OR($G38>0.085)),AND($H38<>"",$H38<0.5),AND($I38<>"",$I38>120),AND($J38<>"",OR($J38<0.08))),1,0))
A39: =IF($O39="","",INDEX(Master!$D$2:$D$1001,$O39)) | B39: =IF($O39="","",INDEX(Master!$B$2:$B$1001,$O39)) | C39: =IF($O39="","",INDEX(Master!$C$2:$C$1001,$O39)) | D39: =IF($O39="","",INDEX(Master!$A$2:$A$1001,$O39)) | E39: =IF($O39="","",INDEX(Master!$E$2:$E$1001,$O39)) | F39: =IF($O39="","",INDEX(Master!$F$2:$F$1001,$O39)) | G39: =IF($O39="","",INDEX(Master!$G$2:$G$1001,$O39)) | H39: =IF($O39="","",INDEX(Master!$H$2:$H$1001,$O39)) | I39: =IF($O39="","",INDEX(Master!$I$2:$I$1001,$O39)) | J39: =IF($O39="","",INDEX(Master!$J$2:$J$1001,$O39)) | K39: =IF(OR($O39="",$F39="",$F39=0),"",$H39/$F39) | L39: =IF($O39="","",INDEX(Master!$K$2:$K$1001,$O39)) | M39: =IF($O39="","",INDEX(Master!$L$2:$L$1001,$O39)) | O39: {=IFERROR(SMALL(IF(Master!$A$2:$A$1001="VRKP",ROW(Master!$A$2:$A$1001)-ROW(Master!$A$2)+1),35),"")} | P39: =IF($A39="",0,IF(OR(AND($E39<>"",OR($E39>0.12)),AND($F39<>"",OR($F39>0.05)),AND($G39<>"",OR($G39>0.085)),AND($H39<>"",$H39<0.5),AND($I39<>"",$I39>120),AND($J39<>"",OR($J39<0.08))),1,0))
A40: =IF($O40="","",INDEX(Master!$D$2:$D$1001,$O40)) | B40: =IF($O40="","",INDEX(Master!$B$2:$B$1001,$O40)) | C40: =IF($O40="","",INDEX(Master!$C$2:$C$1001,$O40)) | D40: =IF($O40="","",INDEX(Master!$A$2:$A$1001,$O40)) | E40: =IF($O40="","",INDEX(Master!$E$2:$E$1001,$O40)) | F40: =IF($O40="","",INDEX(Master!$F$2:$F$1001,$O40)) | G40: =IF($O40="","",INDEX(Master!$G$2:$G$1001,$O40)) | H40: =IF($O40="","",INDEX(Master!$H$2:$H$1001,$O40)) | I40: =IF($O40="","",INDEX(Master!$I$2:$I$1001,$O40)) | J40: =IF($O40="","",INDEX(Master!$J$2:$J$1001,$O40)) | K40: =IF(OR($O40="",$F40="",$F40=0),"",$H40/$F40) | L40: =IF($O40="","",INDEX(Master!$K$2:$K$1001,$O40)) | M40: =IF($O40="","",INDEX(Master!$L$2:$L$1001,$O40)) | O40: {=IFERROR(SMALL(IF(Master!$A$2:$A$1001="VRKP",ROW(Master!$A$2:$A$1001)-ROW(Master!$A$2)+1),36),"")} | P40: =IF($A40="",0,IF(OR(AND($E40<>"",OR($E40>0.12)),AND($F40<>"",OR($F40>0.05)),AND($G40<>"",OR($G40>0.085)),AND($H40<>"",$H40<0.5),AND($I40<>"",$I40>120),AND($J40<>"",OR($J40<0.08))),1,0))
A41: =IF($O41="","",INDEX(Master!$D$2:$D$1001,$O41)) | B41: =IF($O41="","",INDEX(Master!$B$2:$B$1001,$O41)) | C41: =IF($O41="","",INDEX(Master!$C$2:$C$1001,$O41)) | D41: =IF($O41="","",INDEX(Master!$A$2:$A$1001,$O41)) | E41: =IF($O41="","",INDEX(Master!$E$2:$E$1001,$O41)) | F41: =IF($O41="","",INDEX(Master!$F$2:$F$1001,$O41)) | G41: =IF($O41="","",INDEX(Master!$G$2:$G$1001,$O41)) | H41: =IF($O41="","",INDEX(Master!$H$2:$H$1001,$O41)) | I41: =IF($O41="","",INDEX(Master!$I$2:$I$1001,$O41)) | J41: =IF($O41="","",INDEX(Master!$J$2:$J$1001,$O41)) | K41: =IF(OR($O41="",$F41="",$F41=0),"",$H41/$F41) | L41: =IF($O41="","",INDEX(Master!$K$2:$K$1001,$O41)) | M41: =IF($O41="","",INDEX(Master!$L$2:$L$1001,$O41)) | O41: {=IFERROR(SMALL(IF(Master!$A$2:$A$1001="VRKP",ROW(Master!$A$2:$A$1001)-ROW(Master!$A$2)+1),37),"")} | P41: =IF($A41="",0,IF(OR(AND($E41<>"",OR($E41>0.12)),AND($F41<>"",OR($F41>0.05)),AND($G41<>"",OR($G41>0.085)),AND($H41<>"",$H41<0.5),AND($I41<>"",$I41>120),AND($J41<>"",OR($J41<0.08))),1,0))
A42: =IF($O42="","",INDEX(Master!$D$2:$D$1001,$O42)) | B42: =IF($O42="","",INDEX(Master!$B$2:$B$1001,$O42)) | C42: =IF($O42="","",INDEX(Master!$C$2:$C$1001,$O42)) | D42: =IF($O42="","",INDEX(Master!$A$2:$A$1001,$O42)) | E42: =IF($O42="","",INDEX(Master!$E$2:$E$1001,$O42)) | F42: =IF($O42="","",INDEX(Master!$F$2:$F$1001,$O42)) | G42: =IF($O42="","",INDEX(Master!$G$2:$G$1001,$O42)) | H42: =IF($O42="","",INDEX(Master!$H$2:$H$1001,$O42)) | I42: =IF($O42="","",INDEX(Master!$I$2:$I$1001,$O42)) | J42: =IF($O42="","",INDEX(Master!$J$2:$J$1001,$O42)) | K42: =IF(OR($O42="",$F42="",$F42=0),"",$H42/$F42) | L42: =IF($O42="","",INDEX(Master!$K$2:$K$1001,$O42)) | M42: =IF($O42="","",INDEX(Master!$L$2:$L$1001,$O42)) | O42: {=IFERROR(SMALL(IF(Master!$A$2:$A$1001="VRKP",ROW(Master!$A$2:$A$1001)-ROW(Master!$A$2)+1),38),"")} | P42: =IF($A42="",0,IF(OR(AND($E42<>"",OR($E42>0.12)),AND($F42<>"",OR($F42>0.05)),AND($G42<>"",OR($G42>0.085)),AND($H42<>"",$H42<0.5),AND($I42<>"",$I42>120),AND($J42<>"",OR($J42<0.08))),1,0))
A43: =IF($O43="","",INDEX(Master!$D$2:$D$1001,$O43)) | B43: =IF($O43="","",INDEX(Master!$B$2:$B$1001,$O43)) | C43: =IF($O43="","",INDEX(Master!$C$2:$C$1001,$O43)) | D43: =IF($O43="","",INDEX(Master!$A$2:$A$1001,$O43)) | E43: =IF($O43="","",INDEX(Master!$E$2:$E$1001,$O43)) | F43: =IF($O43="","",INDEX(Master!$F$2:$F$1001,$O43)) | G43: =IF($O43="","",INDEX(Master!$G$2:$G$1001,$O43)) | H43: =IF($O43="","",INDEX(Master!$H$2:$H$1001,$O43)) | I43: =IF($O43="","",INDEX(Master!$I$2:$I$1001,$O43)) | J43: =IF($O43="","",INDEX(Master!$J$2:$J$1001,$O43)) | K43: =IF(OR($O43="",$F43="",$F43=0),"",$H43/$F43) | L43: =IF($O43="","",INDEX(Master!$K$2:$K$1001,$O43)) | M43: =IF($O43="","",INDEX(Master!$L$2:$L$1001,$O43)) | O43: {=IFERROR(SMALL(IF(Master!$A$2:$A$1001="VRKP",ROW(Master!$A$2:$A$1001)-ROW(Master!$A$2)+1),39),"")} | P43: =IF($A43="",0,IF(OR(AND($E43<>"",OR($E43>0.12)),AND($F43<>"",OR($F43>0.05)),AND($G43<>"",OR($G43>0.085)),AND($H43<>"",$H43<0.5),AND($I43<>"",$I43>120),AND($J43<>"",OR($J43<0.08))),1,0))
A44: =IF($O44="","",INDEX(Master!$D$2:$D$1001,$O44)) | B44: =IF($O44="","",INDEX(Master!$B$2:$B$1001,$O44)) | C44: =IF($O44="","",INDEX(Master!$C$2:$C$1001,$O44)) | D44: =IF($O44="","",INDEX(Master!$A$2:$A$1001,$O44)) | E44: =IF($O44="","",INDEX(Master!$E$2:$E$1001,$O44)) | F44: =IF($O44="","",INDEX(Master!$F$2:$F$1001,$O44)) | G44: =IF($O44="","",INDEX(Master!$G$2:$G$1001,$O44)) | H44: =IF($O44="","",INDEX(Master!$H$2:$H$1001,$O44)) | I44: =IF($O44="","",INDEX(Master!$I$2:$I$1001,$O44)) | J44: =IF($O44="","",INDEX(Master!$J$2:$J$1001,$O44)) | K44: =IF(OR($O44="",$F44="",$F44=0),"",$H44/$F44) | L44: =IF($O44="","",INDEX(Master!$K$2:$K$1001,$O44)) | M44: =IF($O44="","",INDEX(Master!$L$2:$L$1001,$O44)) | O44: {=IFERROR(SMALL(IF(Master!$A$2:$A$1001="VRKP",ROW(Master!$A$2:$A$1001)-ROW(Master!$A$2)+1),40),"")} | P44: =IF($A44="",0,IF(OR(AND($E44<>"",OR($E44>0.12)),AND($F44<>"",OR($F44>0.05)),AND($G44<>"",OR($G44>0.085)),AND($H44<>"",$H44<0.5),AND($I44<>"",$I44>120),AND($J44<>"",OR($J44<0.08))),1,0))
A45: =IF($O45="","",INDEX(Master!$D$2:$D$1001,$O45)) | B45: =IF($O45="","",INDEX(Master!$B$2:$B$1001,$O45)) | C45: =IF($O45="","",INDEX(Master!$C$2:$C$1001,$O45)) | D45: =IF($O45="","",INDEX(Master!$A$2:$A$1001,$O45)) | E45: =IF($O45="","",INDEX(Master!$E$2:$E$1001,$O45)) | F45: =IF($O45="","",INDEX(Master!$F$2:$F$1001,$O45)) | G45: =IF($O45="","",INDEX(Master!$G$2:$G$1001,$O45)) | H45: =IF($O45="","",INDEX(Master!$H$2:$H$1001,$O45)) | I45: =IF($O45="","",INDEX(Master!$I$2:$I$1001,$O45)) | J45: =IF($O45="","",INDEX(Master!$J$2:$J$1001,$O45)) | K45: =IF(OR($O45="",$F45="",$F45=0),"",$H45/$F45) | L45: =IF($O45="","",INDEX(Master!$K$2:$K$1001,$O45)) | M45: =IF($O45="","",INDEX(Master!$L$2:$L$1001,$O45)) | O45: {=IFERROR(SMALL(IF(Master!$A$2:$A$1001="VRKP",ROW(Master!$A$2:$A$1001)-ROW(Master!$A$2)+1),41),"")} | P45: =IF($A45="",0,IF(OR(AND($E45<>"",OR($E45>0.12)),AND($F45<>"",OR($F45>0.05)),AND($G45<>"",OR($G45>0.085)),AND($H45<>"",$H45<0.5),AND($I45<>"",$I45>120),AND($J45<>"",OR($J45<0.08))),1,0))
A46: =IF($O46="","",INDEX(Master!$D$2:$D$1001,$O46)) | B46: =IF($O46="","",INDEX(Master!$B$2:$B$1001,$O46)) | C46: =IF($O46="","",INDEX(Master!$C$2:$C$1001,$O46)) | D46: =IF($O46="","",INDEX(Master!$A$2:$A$1001,$O46)) | E46: =IF($O46="","",INDEX(Master!$E$2:$E$1001,$O46)) | F46: =IF($O46="","",INDEX(Master!$F$2:$F$1001,$O46)) | G46: =IF($O46="","",INDEX(Master!$G$2:$G$1001,$O46)) | H46: =IF($O46="","",INDEX(Master!$H$2:$H$1001,$O46)) | I46: =IF($O46="","",INDEX(Master!$I$2:$I$1001,$O46)) | J46: =IF($O46="","",INDEX(Master!$J$2:$J$1001,$O46)) | K46: =IF(OR($O46="",$F46="",$F46=0),"",$H46/$F46) | L46: =IF($O46="","",INDEX(Master!$K$2:$K$1001,$O46)) | M46: =IF($O46="","",INDEX(Master!$L$2:$L$1001,$O46)) | O46: {=IFERROR(SMALL(IF(Master!$A$2:$A$1001="VRKP",ROW(Master!$A$2:$A$1001)-ROW(Master!$A$2)+1),42),"")} | P46: =IF($A46="",0,IF(OR(AND($E46<>"",OR($E46>0.12)),AND($F46<>"",OR($F46>0.05)),AND($G46<>"",OR($G46>0.085)),AND($H46<>"",$H46<0.5),AND($I46<>"",$I46>120),AND($J46<>"",OR($J46<0.08))),1,0))
A47: =IF($O47="","",INDEX(Master!$D$2:$D$1001,$O47)) | B47: =IF($O47="","",INDEX(Master!$B$2:$B$1001,$O47)) | C47: =IF($O47="","",INDEX(Master!$C$2:$C$1001,$O47)) | D47: =IF($O47="","",INDEX(Master!$A$2:$A$1001,$O47)) | E47: =IF($O47="","",INDEX(Master!$E$2:$E$1001,$O47)) | F47: =IF($O47="","",INDEX(Master!$F$2:$F$1001,$O47)) | G47: =IF($O47="","",INDEX(Master!$G$2:$G$1001,$O47)) | H47: =IF($O47="","",INDEX(Master!$H$2:$H$1001,$O47)) | I47: =IF($O47="","",INDEX(Master!$I$2:$I$1001,$O47)) | J47: =IF($O47="","",INDEX(Master!$J$2:$J$1001,$O47)) | K47: =IF(OR($O47="",$F47="",$F47=0),"",$H47/$F47) | L47: =IF($O47="","",INDEX(Master!$K$2:$K$1001,$O47)) | M47: =IF($O47="","",INDEX(Master!$L$2:$L$1001,$O47)) | O47: {=IFERROR(SMALL(IF(Master!$A$2:$A$1001="VRKP",ROW(Master!$A$2:$A$1001)-ROW(Master!$A$2)+1),43),"")} | P47: =IF($A47="",0,IF(OR(AND($E47<>"",OR($E47>0.12)),AND($F47<>"",OR($F47>0.05)),AND($G47<>"",OR($G47>0.085)),AND($H47<>"",$H47<0.5),AND($I47<>"",$I47>120),AND($J47<>"",OR($J47<0.08))),1,0))
A48: =IF($O48="","",INDEX(Master!$D$2:$D$1001,$O48)) | B48: =IF($O48="","",INDEX(Master!$B$2:$B$1001,$O48)) | C48: =IF($O48="","",INDEX(Master!$C$2:$C$1001,$O48)) | D48: =IF($O48="","",INDEX(Master!$A$2:$A$1001,$O48)) | E48: =IF($O48="","",INDEX(Master!$E$2:$E$1001,$O48)) | F48: =IF($O48="","",INDEX(Master!$F$2:$F$1001,$O48)) | G48: =IF($O48="","",INDEX(Master!$G$2:$G$1001,$O48)) | H48: =IF($O48="","",INDEX(Master!$H$2:$H$1001,$O48)) | I48: =IF($O48="","",INDEX(Master!$I$2:$I$1001,$O48)) | J48: =IF($O48="","",INDEX(Master!$J$2:$J$1001,$O48)) | K48: =IF(OR($O48="",$F48="",$F48=0),"",$H48/$F48) | L48: =IF($O48="","",INDEX(Master!$K$2:$K$1001,$O48)) | M48: =IF($O48="","",INDEX(Master!$L$2:$L$1001,$O48)) | O48: {=IFERROR(SMALL(IF(Master!$A$2:$A$1001="VRKP",ROW(Master!$A$2:$A$1001)-ROW(Master!$A$2)+1),44),"")} | P48: =IF($A48="",0,IF(OR(AND($E48<>"",OR($E48>0.12)),AND($F48<>"",OR($F48>0.05)),AND($G48<>"",OR($G48>0.085)),AND($H48<>"",$H48<0.5),AND($I48<>"",$I48>120),AND($J48<>"",OR($J48<0.08))),1,0))
A49: =IF($O49="","",INDEX(Master!$D$2:$D$1001,$O49)) | B49: =IF($O49="","",INDEX(Master!$B$2:$B$1001,$O49)) | C49: =IF($O49="","",INDEX(Master!$C$2:$C$1001,$O49)) | D49: =IF($O49="","",INDEX(Master!$A$2:$A$1001,$O49)) | E49: =IF($O49="","",INDEX(Master!$E$2:$E$1001,$O49)) | F49: =IF($O49="","",INDEX(Master!$F$2:$F$1001,$O49)) | G49: =IF($O49="","",INDEX(Master!$G$2:$G$1001,$O49)) | H49: =IF($O49="","",INDEX(Master!$H$2:$H$1001,$O49)) | I49: =IF($O49="","",INDEX(Master!$I$2:$I$1001,$O49)) | J49: =IF($O49="","",INDEX(Master!$J$2:$J$1001,$O49)) | K49: =IF(OR($O49="",$F49="",$F49=0),"",$H49/$F49) | L49: =IF($O49="","",INDEX(Master!$K$2:$K$1001,$O49)) | M49: =IF($O49="","",INDEX(Master!$L$2:$L$1001,$O49)) | O49: {=IFERROR(SMALL(IF(Master!$A$2:$A$1001="VRKP",ROW(Master!$A$2:$A$1001)-ROW(Master!$A$2)+1),45),"")} | P49: =IF($A49="",0,IF(OR(AND($E49<>"",OR($E49>0.12)),AND($F49<>"",OR($F49>0.05)),AND($G49<>"",OR($G49>0.085)),AND($H49<>"",$H49<0.5),AND($I49<>"",$I49>120),AND($J49<>"",OR($J49<0.08))),1,0))
A50: =IF($O50="","",INDEX(Master!$D$2:$D$1001,$O50)) | B50: =IF($O50="","",INDEX(Master!$B$2:$B$1001,$O50)) | C50: =IF($O50="","",INDEX(Master!$C$2:$C$1001,$O50)) | D50: =IF($O50="","",INDEX(Master!$A$2:$A$1001,$O50)) | E50: =IF($O50="","",INDEX(Master!$E$2:$E$1001,$O50)) | F50: =IF($O50="","",INDEX(Master!$F$2:$F$1001,$O50)) | G50: =IF($O50="","",INDEX(Master!$G$2:$G$1001,$O50)) | H50: =IF($O50="","",INDEX(Master!$H$2:$H$1001,$O50)) | I50: =IF($O50="","",INDEX(Master!$I$2:$I$1001,$O50)) | J50: =IF($O50="","",INDEX(Master!$J$2:$J$1001,$O50)) | K50: =IF(OR($O50="",$F50="",$F50=0),"",$H50/$F50) | L50: =IF($O50="","",INDEX(Master!$K$2:$K$1001,$O50)) | M50: =IF($O50="","",INDEX(Master!$L$2:$L$1001,$O50)) | O50: {=IFERROR(SMALL(IF(Master!$A$2:$A$1001="VRKP",ROW(Master!$A$2:$A$1001)-ROW(Master!$A$2)+1),46),"")} | P50: =IF($A50="",0,IF(OR(AND($E50<>"",OR($E50>0.12)),AND($F50<>"",OR($F50>0.05)),AND($G50<>"",OR($G50>0.085)),AND($H50<>"",$H50<0.5),AND($I50<>"",$I50>120),AND($J50<>"",OR($J50<0.08))),1,0))
A51: =IF($O51="","",INDEX(Master!$D$2:$D$1001,$O51)) | B51: =IF($O51="","",INDEX(Master!$B$2:$B$1001,$O51)) | C51: =IF($O51="","",INDEX(Master!$C$2:$C$1001,$O51)) | D51: =IF($O51="","",INDEX(Master!$A$2:$A$1001,$O51)) | E51: =IF($O51="","",INDEX(Master!$E$2:$E$1001,$O51)) | F51: =IF($O51="","",INDEX(Master!$F$2:$F$1001,$O51)) | G51: =IF($O51="","",INDEX(Master!$G$2:$G$1001,$O51)) | H51: =IF($O51="","",INDEX(Master!$H$2:$H$1001,$O51)) | I51: =IF($O51="","",INDEX(Master!$I$2:$I$1001,$O51)) | J51: =IF($O51="","",INDEX(Master!$J$2:$J$1001,$O51)) | K51: =IF(OR($O51="",$F51="",$F51=0),"",$H51/$F51) | L51: =IF($O51="","",INDEX(Master!$K$2:$K$1001,$O51)) | M51: =IF($O51="","",INDEX(Master!$L$2:$L$1001,$O51)) | O51: {=IFERROR(SMALL(IF(Master!$A$2:$A$1001="VRKP",ROW(Master!$A$2:$A$1001)-ROW(Master!$A$2)+1),47),"")} | P51: =IF($A51="",0,IF(OR(AND($E51<>"",OR($E51>0.12)),AND($F51<>"",OR($F51>0.05)),AND($G51<>"",OR($G51>0.085)),AND($H51<>"",$H51<0.5),AND($I51<>"",$I51>120),AND($J51<>"",OR($J51<0.08))),1,0))
A52: =IF($O52="","",INDEX(Master!$D$2:$D$1001,$O52)) | B52: =IF($O52="","",INDEX(Master!$B$2:$B$1001,$O52)) | C52: =IF($O52="","",INDEX(Master!$C$2:$C$1001,$O52)) | D52: =IF($O52="","",INDEX(Master!$A$2:$A$1001,$O52)) | E52: =IF($O52="","",INDEX(Master!$E$2:$E$1001,$O52)) | F52: =IF($O52="","",INDEX(Master!$F$2:$F$1001,$O52)) | G52: =IF($O52="","",INDEX(Master!$G$2:$G$1001,$O52)) | H52: =IF($O52="","",INDEX(Master!$H$2:$H$1001,$O52)) | I52: =IF($O52="","",INDEX(Master!$I$2:$I$1001,$O52)) | J52: =IF($O52="","",INDEX(Master!$J$2:$J$1001,$O52)) | K52: =IF(OR($O52="",$F52="",$F52=0),"",$H52/$F52) | L52: =IF($O52="","",INDEX(Master!$K$2:$K$1001,$O52)) | M52: =IF($O52="","",INDEX(Master!$L$2:$L$1001,$O52)) | O52: {=IFERROR(SMALL(IF(Master!$A$2:$A$1001="VRKP",ROW(Master!$A$2:$A$1001)-ROW(Master!$A$2)+1),48),"")} | P52: =IF($A52="",0,IF(OR(AND($E52<>"",OR($E52>0.12)),AND($F52<>"",OR($F52>0.05)),AND($G52<>"",OR($G52>0.085)),AND($H52<>"",$H52<0.5),AND($I52<>"",$I52>120),AND($J52<>"",OR($J52<0.08))),1,0))
A53: =IF($O53="","",INDEX(Master!$D$2:$D$1001,$O53)) | B53: =IF($O53="","",INDEX(Master!$B$2:$B$1001,$O53)) | C53: =IF($O53="","",INDEX(Master!$C$2:$C$1001,$O53)) | D53: =IF($O53="","",INDEX(Master!$A$2:$A$1001,$O53)) | E53: =IF($O53="","",INDEX(Master!$E$2:$E$1001,$O53)) | F53: =IF($O53="","",INDEX(Master!$F$2:$F$1001,$O53)) | G53: =IF($O53="","",INDEX(Master!$G$2:$G$1001,$O53)) | H53: =IF($O53="","",INDEX(Master!$H$2:$H$1001,$O53)) | I53: =IF($O53="","",INDEX(Master!$I$2:$I$1001,$O53)) | J53: =IF($O53="","",INDEX(Master!$J$2:$J$1001,$O53)) | K53: =IF(OR($O53="",$F53="",$F53=0),"",$H53/$F53) | L53: =IF($O53="","",INDEX(Master!$K$2:$K$1001,$O53)) | M53: =IF($O53="","",INDEX(Master!$L$2:$L$1001,$O53)) | O53: {=IFERROR(SMALL(IF(Master!$A$2:$A$1001="VRKP",ROW(Master!$A$2:$A$1001)-ROW(Master!$A$2)+1),49),"")} | P53: =IF($A53="",0,IF(OR(AND($E53<>"",OR($E53>0.12)),AND($F53<>"",OR($F53>0.05)),AND($G53<>"",OR($G53>0.085)),AND($H53<>"",$H53<0.5),AND($I53<>"",$I53>120),AND($J53<>"",OR($J53<0.08))),1,0))
A54: =IF($O54="","",INDEX(Master!$D$2:$D$1001,$O54)) | B54: =IF($O54="","",INDEX(Master!$B$2:$B$1001,$O54)) | C54: =IF($O54="","",INDEX(Master!$C$2:$C$1001,$O54)) | D54: =IF($O54="","",INDEX(Master!$A$2:$A$1001,$O54)) | E54: =IF($O54="","",INDEX(Master!$E$2:$E$1001,$O54)) | F54: =IF($O54="","",INDEX(Master!$F$2:$F$1001,$O54)) | G54: =IF($O54="","",INDEX(Master!$G$2:$G$1001,$O54)) | H54: =IF($O54="","",INDEX(Master!$H$2:$H$1001,$O54)) | I54: =IF($O54="","",INDEX(Master!$I$2:$I$1001,$O54)) | J54: =IF($O54="","",INDEX(Master!$J$2:$J$1001,$O54)) | K54: =IF(OR($O54="",$F54="",$F54=0),"",$H54/$F54) | L54: =IF($O54="","",INDEX(Master!$K$2:$K$1001,$O54)) | M54: =IF($O54="","",INDEX(Master!$L$2:$L$1001,$O54)) | O54: {=IFERROR(SMALL(IF(Master!$A$2:$A$1001="VRKP",ROW(Master!$A$2:$A$1001)-ROW(Master!$A$2)+1),50),"")} | P54: =IF($A54="",0,IF(OR(AND($E54<>"",OR($E54>0.12)),AND($F54<>"",OR($F54>0.05)),AND($G54<>"",OR($G54>0.085)),AND($H54<>"",$H54<0.5),AND($I54<>"",$I54>120),AND($J54<>"",OR($J54<0.08))),1,0))
A55: =IF($O55="","",INDEX(Master!$D$2:$D$1001,$O55)) | B55: =IF($O55="","",INDEX(Master!$B$2:$B$1001,$O55)) | C55: =IF($O55="","",INDEX(Master!$C$2:$C$1001,$O55)) | D55: =IF($O55="","",INDEX(Master!$A$2:$A$1001,$O55)) | E55: =IF($O55="","",INDEX(Master!$E$2:$E$1001,$O55)) | F55: =IF($O55="","",INDEX(Master!$F$2:$F$1001,$O55)) | G55: =IF($O55="","",INDEX(Master!$G$2:$G$1001,$O55)) | H55: =IF($O55="","",INDEX(Master!$H$2:$H$1001,$O55)) | I55: =IF($O55="","",INDEX(Master!$I$2:$I$1001,$O55)) | J55: =IF($O55="","",INDEX(Master!$J$2:$J$1001,$O55)) | K55: =IF(OR($O55="",$F55="",$F55=0),"",$H55/$F55) | L55: =IF($O55="","",INDEX(Master!$K$2:$K$1001,$O55)) | M55: =IF($O55="","",INDEX(Master!$L$2:$L$1001,$O55)) | O55: {=IFERROR(SMALL(IF(Master!$A$2:$A$1001="VRKP",ROW(Master!$A$2:$A$1001)-ROW(Master!$A$2)+1),51),"")} | P55: =IF($A55="",0,IF(OR(AND($E55<>"",OR($E55>0.12)),AND($F55<>"",OR($F55>0.05)),AND($G55<>"",OR($G55>0.085)),AND($H55<>"",$H55<0.5),AND($I55<>"",$I55>120),AND($J55<>"",OR($J55<0.08))),1,0))
A56: =IF($O56="","",INDEX(Master!$D$2:$D$1001,$O56)) | B56: =IF($O56="","",INDEX(Master!$B$2:$B$1001,$O56)) | C56: =IF($O56="","",INDEX(Master!$C$2:$C$1001,$O56)) | D56: =IF($O56="","",INDEX(Master!$A$2:$A$1001,$O56)) | E56: =IF($O56="","",INDEX(Master!$E$2:$E$1001,$O56)) | F56: =IF($O56="","",INDEX(Master!$F$2:$F$1001,$O56)) | G56: =IF($O56="","",INDEX(Master!$G$2:$G$1001,$O56)) | H56: =IF($O56="","",INDEX(Master!$H$2:$H$1001,$O56)) | I56: =IF($O56="","",INDEX(Master!$I$2:$I$1001,$O56)) | J56: =IF($O56="","",INDEX(Master!$J$2:$J$1001,$O56)) | K56: =IF(OR($O56="",$F56="",$F56=0),"",$H56/$F56) | L56: =IF($O56="","",INDEX(Master!$K$2:$K$1001,$O56)) | M56: =IF($O56="","",INDEX(Master!$L$2:$L$1001,$O56)) | O56: {=IFERROR(SMALL(IF(Master!$A$2:$A$1001="VRKP",ROW(Master!$A$2:$A$1001)-ROW(Master!$A$2)+1),52),"")} | P56: =IF($A56="",0,IF(OR(AND($E56<>"",OR($E56>0.12)),AND($F56<>"",OR($F56>0.05)),AND($G56<>"",OR($G56>0.085)),AND($H56<>"",$H56<0.5),AND($I56<>"",$I56>120),AND($J56<>"",OR($J56<0.08))),1,0))
A57: =IF($O57="","",INDEX(Master!$D$2:$D$1001,$O57)) | B57: =IF($O57="","",INDEX(Master!$B$2:$B$1001,$O57)) | C57: =IF($O57="","",INDEX(Master!$C$2:$C$1001,$O57)) | D57: =IF($O57="","",INDEX(Master!$A$2:$A$1001,$O57)) | E57: =IF($O57="","",INDEX(Master!$E$2:$E$1001,$O57)) | F57: =IF($O57="","",INDEX(Master!$F$2:$F$1001,$O57)) | G57: =IF($O57="","",INDEX(Master!$G$2:$G$1001,$O57)) | H57: =IF($O57="","",INDEX(Master!$H$2:$H$1001,$O57)) | I57: =IF($O57="","",INDEX(Master!$I$2:$I$1001,$O57)) | J57: =IF($O57="","",INDEX(Master!$J$2:$J$1001,$O57)) | K57: =IF(OR($O57="",$F57="",$F57=0),"",$H57/$F57) | L57: =IF($O57="","",INDEX(Master!$K$2:$K$1001,$O57)) | M57: =IF($O57="","",INDEX(Master!$L$2:$L$1001,$O57)) | O57: {=IFERROR(SMALL(IF(Master!$A$2:$A$1001="VRKP",ROW(Master!$A$2:$A$1001)-ROW(Master!$A$2)+1),53),"")} | P57: =IF($A57="",0,IF(OR(AND($E57<>"",OR($E57>0.12)),AND($F57<>"",OR($F57>0.05)),AND($G57<>"",OR($G57>0.085)),AND($H57<>"",$H57<0.5),AND($I57<>"",$I57>120),AND($J57<>"",OR($J57<0.08))),1,0))
A58: =IF($O58="","",INDEX(Master!$D$2:$D$1001,$O58)) | B58: =IF($O58="","",INDEX(Master!$B$2:$B$1001,$O58)) | C58: =IF($O58="","",INDEX(Master!$C$2:$C$1001,$O58)) | D58: =IF($O58="","",INDEX(Master!$A$2:$A$1001,$O58)) | E58: =IF($O58="","",INDEX(Master!$E$2:$E$1001,$O58)) | F58: =IF($O58="","",INDEX(Master!$F$2:$F$1001,$O58)) | G58: =IF($O58="","",INDEX(Master!$G$2:$G$1001,$O58)) | H58: =IF($O58="","",INDEX(Master!$H$2:$H$1001,$O58)) | I58: =IF($O58="","",INDEX(Master!$I$2:$I$1001,$O58)) | J58: =IF($O58="","",INDEX(Master!$J$2:$J$1001,$O58)) | K58: =IF(OR($O58="",$F58="",$F58=0),"",$H58/$F58) | L58: =IF($O58="","",INDEX(Master!$K$2:$K$1001,$O58)) | M58: =IF($O58="","",INDEX(Master!$L$2:$L$1001,$O58)) | O58: {=IFERROR(SMALL(IF(Master!$A$2:$A$1001="VRKP",ROW(Master!$A$2:$A$1001)-ROW(Master!$A$2)+1),54),"")} | P58: =IF($A58="",0,IF(OR(AND($E58<>"",OR($E58>0.12)),AND($F58<>"",OR($F58>0.05)),AND($G58<>"",OR($G58>0.085)),AND($H58<>"",$H58<0.5),AND($I58<>"",$I58>120),AND($J58<>"",OR($J58<0.08))),1,0))
A59: =IF($O59="","",INDEX(Master!$D$2:$D$1001,$O59)) | B59: =IF($O59="","",INDEX(Master!$B$2:$B$1001,$O59)) | C59: =IF($O59="","",INDEX(Master!$C$2:$C$1001,$O59)) | D59: =IF($O59="","",INDEX(Master!$A$2:$A$1001,$O59)) | E59: =IF($O59="","",INDEX(Master!$E$2:$E$1001,$O59)) | F59: =IF($O59="","",INDEX(Master!$F$2:$F$1001,$O59)) | G59: =IF($O59="","",INDEX(Master!$G$2:$G$1001,$O59)) | H59: =IF($O59="","",INDEX(Master!$H$2:$H$1001,$O59)) | I59: =IF($O59="","",INDEX(Master!$I$2:$I$1001,$O59)) | J59: =IF($O59="","",INDEX(Master!$J$2:$J$1001,$O59)) | K59: =IF(OR($O59="",$F59="",$F59=0),"",$H59/$F59) | L59: =IF($O59="","",INDEX(Master!$K$2:$K$1001,$O59)) | M59: =IF($O59="","",INDEX(Master!$L$2:$L$1001,$O59)) | O59: {=IFERROR(SMALL(IF(Master!$A$2:$A$1001="VRKP",ROW(Master!$A$2:$A$1001)-ROW(Master!$A$2)+1),55),"")} | P59: =IF($A59="",0,IF(OR(AND($E59<>"",OR($E59>0.12)),AND($F59<>"",OR($F59>0.05)),AND($G59<>"",OR($G59>0.085)),AND($H59<>"",$H59<0.5),AND($I59<>"",$I59>120),AND($J59<>"",OR($J59<0.08))),1,0))
A60: =IF($O60="","",INDEX(Master!$D$2:$D$1001,$O60)) | B60: =IF($O60="","",INDEX(Master!$B$2:$B$1001,$O60)) | C60: =IF($O60="","",INDEX(Master!$C$2:$C$1001,$O60)) | D60: =IF($O60="","",INDEX(Master!$A$2:$A$1001,$O60)) | E60: =IF($O60="","",INDEX(Master!$E$2:$E$1001,$O60)) | F60: =IF($O60="","",INDEX(Master!$F$2:$F$1001,$O60)) | G60: =IF($O60="","",INDEX(Master!$G$2:$G$1001,$O60)) | H60: =IF($O60="","",INDEX(Master!$H$2:$H$1001,$O60)) | I60: =IF($O60="","",INDEX(Master!$I$2:$I$1001,$O60)) | J60: =IF($O60="","",INDEX(Master!$J$2:$J$1001,$O60)) | K60: =IF(OR($O60="",$F60="",$F60=0),"",$H60/$F60) | L60: =IF($O60="","",INDEX(Master!$K$2:$K$1001,$O60)) | M60: =IF($O60="","",INDEX(Master!$L$2:$L$1001,$O60)) | O60: {=IFERROR(SMALL(IF(Master!$A$2:$A$1001="VRKP",ROW(Master!$A$2:$A$1001)-ROW(Master!$A$2)+1),56),"")} | P60: =IF($A60="",0,IF(OR(AND($E60<>"",OR($E60>0.12)),AND($F60<>"",OR($F60>0.05)),AND($G60<>"",OR($G60>0.085)),AND($H60<>"",$H60<0.5),AND($I60<>"",$I60>120),AND($J60<>"",OR($J60<0.08))),1,0))
A61: =IF($O61="","",INDEX(Master!$D$2:$D$1001,$O61)) | B61: =IF($O61="","",INDEX(Master!$B$2:$B$1001,$O61)) | C61: =IF($O61="","",INDEX(Master!$C$2:$C$1001,$O61)) | D61: =IF($O61="","",INDEX(Master!$A$2:$A$1001,$O61)) | E61: =IF($O61="","",INDEX(Master!$E$2:$E$1001,$O61)) | F61: =IF($O61="","",INDEX(Master!$F$2:$F$1001,$O61)) | G61: =IF($O61="","",INDEX(Master!$G$2:$G$1001,$O61)) | H61: =IF($O61="","",INDEX(Master!$H$2:$H$1001,$O61)) | I61: =IF($O61="","",INDEX(Master!$I$2:$I$1001,$O61)) | J61: =IF($O61="","",INDEX(Master!$J$2:$J$1001,$O61)) | K61: =IF(OR($O61="",$F61="",$F61=0),"",$H61/$F61) | L61: =IF($O61="","",INDEX(Master!$K$2:$K$1001,$O61)) | M61: =IF($O61="","",INDEX(Master!$L$2:$L$1001,$O61)) | O61: {=IFERROR(SMALL(IF(Master!$A$2:$A$1001="VRKP",ROW(Master!$A$2:$A$1001)-ROW(Master!$A$2)+1),57),"")} | P61: =IF($A61="",0,IF(OR(AND($E61<>"",OR($E61>0.12)),AND($F61<>"",OR($F61>0.05)),AND($G61<>"",OR($G61>0.085)),AND($H61<>"",$H61<0.5),AND($I61<>"",$I61>120),AND($J61<>"",OR($J61<0.08))),1,0))
A62: =IF($O62="","",INDEX(Master!$D$2:$D$1001,$O62)) | B62: =IF($O62="","",INDEX(Master!$B$2:$B$1001,$O62)) | C62: =IF($O62="","",INDEX(Master!$C$2:$C$1001,$O62)) | D62: =IF($O62="","",INDEX(Master!$A$2:$A$1001,$O62)) | E62: =IF($O62="","",INDEX(Master!$E$2:$E$1001,$O62)) | F62: =IF($O62="","",INDEX(Master!$F$2:$F$1001,$O62)) | G62: =IF($O62="","",INDEX(Master!$G$2:$G$1001,$O62)) | H62: =IF($O62="","",INDEX(Master!$H$2:$H$1001,$O62)) | I62: =IF($O62="","",INDEX(Master!$I$2:$I$1001,$O62)) | J62: =IF($O62="","",INDEX(Master!$J$2:$J$1001,$O62)) | K62: =IF(OR($O62="",$F62="",$F62=0),"",$H62/$F62) | L62: =IF($O62="","",INDEX(Master!$K$2:$K$1001,$O62)) | M62: =IF($O62="","",INDEX(Master!$L$2:$L$1001,$O62)) | O62: {=IFERROR(SMALL(IF(Master!$A$2:$A$1001="VRKP",ROW(Master!$A$2:$A$1001)-ROW(Master!$A$2)+1),58),"")} | P62: =IF($A62="",0,IF(OR(AND($E62<>"",OR($E62>0.12)),AND($F62<>"",OR($F62>0.05)),AND($G62<>"",OR($G62>0.085)),AND($H62<>"",$H62<0.5),AND($I62<>"",$I62>120),AND($J62<>"",OR($J62<0.08))),1,0))
A63: =IF($O63="","",INDEX(Master!$D$2:$D$1001,$O63)) | B63: =IF($O63="","",INDEX(Master!$B$2:$B$1001,$O63)) | C63: =IF($O63="","",INDEX(Master!$C$2:$C$1001,$O63)) | D63: =IF($O63="","",INDEX(Master!$A$2:$A$1001,$O63)) | E63: =IF($O63="","",INDEX(Master!$E$2:$E$1001,$O63)) | F63: =IF($O63="","",INDEX(Master!$F$2:$F$1001,$O63)) | G63: =IF($O63="","",INDEX(Master!$G$2:$G$1001,$O63)) | H63: =IF($O63="","",INDEX(Master!$H$2:$H$1001,$O63)) | I63: =IF($O63="","",INDEX(Master!$I$2:$I$1001,$O63)) | J63: =IF($O63="","",INDEX(Master!$J$2:$J$1001,$O63)) | K63: =IF(OR($O63="",$F63="",$F63=0),"",$H63/$F63) | L63: =IF($O63="","",INDEX(Master!$K$2:$K$1001,$O63)) | M63: =IF($O63="","",INDEX(Master!$L$2:$L$1001,$O63)) | O63: {=IFERROR(SMALL(IF(Master!$A$2:$A$1001="VRKP",ROW(Master!$A$2:$A$1001)-ROW(Master!$A$2)+1),59),"")} | P63: =IF($A63="",0,IF(OR(AND($E63<>"",OR($E63>0.12)),AND($F63<>"",OR($F63>0.05)),AND($G63<>"",OR($G63>0.085)),AND($H63<>"",$H63<0.5),AND($I63<>"",$I63>120),AND($J63<>"",OR($J63<0.08))),1,0))
A64: =IF($O64="","",INDEX(Master!$D$2:$D$1001,$O64)) | B64: =IF($O64="","",INDEX(Master!$B$2:$B$1001,$O64)) | C64: =IF($O64="","",INDEX(Master!$C$2:$C$1001,$O64)) | D64: =IF($O64="","",INDEX(Master!$A$2:$A$1001,$O64)) | E64: =IF($O64="","",INDEX(Master!$E$2:$E$1001,$O64)) | F64: =IF($O64="","",INDEX(Master!$F$2:$F$1001,$O64)) | G64: =IF($O64="","",INDEX(Master!$G$2:$G$1001,$O64)) | H64: =IF($O64="","",INDEX(Master!$H$2:$H$1001,$O64)) | I64: =IF($O64="","",INDEX(Master!$I$2:$I$1001,$O64)) | J64: =IF($O64="","",INDEX(Master!$J$2:$J$1001,$O64)) | K64: =IF(OR($O64="",$F64="",$F64=0),"",$H64/$F64) | L64: =IF($O64="","",INDEX(Master!$K$2:$K$1001,$O64)) | M64: =IF($O64="","",INDEX(Master!$L$2:$L$1001,$O64)) | O64: {=IFERROR(SMALL(IF(Master!$A$2:$A$1001="VRKP",ROW(Master!$A$2:$A$1001)-ROW(Master!$A$2)+1),60),"")} | P64: =IF($A64="",0,IF(OR(AND($E64<>"",OR($E64>0.12)),AND($F64<>"",OR($F64>0.05)),AND($G64<>"",OR($G64>0.085)),AND($H64<>"",$H64<0.5),AND($I64<>"",$I64>120),AND($J64<>"",OR($J64<0.08))),1,0))
A65: =IF($O65="","",INDEX(Master!$D$2:$D$1001,$O65)) | B65: =IF($O65="","",INDEX(Master!$B$2:$B$1001,$O65)) | C65: =IF($O65="","",INDEX(Master!$C$2:$C$1001,$O65)) | D65: =IF($O65="","",INDEX(Master!$A$2:$A$1001,$O65)) | E65: =IF($O65="","",INDEX(Master!$E$2:$E$1001,$O65)) | F65: =IF($O65="","",INDEX(Master!$F$2:$F$1001,$O65)) | G65: =IF($O65="","",INDEX(Master!$G$2:$G$1001,$O65)) | H65: =IF($O65="","",INDEX(Master!$H$2:$H$1001,$O65)) | I65: =IF($O65="","",INDEX(Master!$I$2:$I$1001,$O65)) | J65: =IF($O65="","",INDEX(Master!$J$2:$J$1001,$O65)) | K65: =IF(OR($O65="",$F65="",$F65=0),"",$H65/$F65) | L65: =IF($O65="","",INDEX(Master!$K$2:$K$1001,$O65)) | M65: =IF($O65="","",INDEX(Master!$L$2:$L$1001,$O65)) | O65: {=IFERROR(SMALL(IF(Master!$A$2:$A$1001="VRKP",ROW(Master!$A$2:$A$1001)-ROW(Master!$A$2)+1),61),"")} | P65: =IF($A65="",0,IF(OR(AND($E65<>"",OR($E65>0.12)),AND($F65<>"",OR($F65>0.05)),AND($G65<>"",OR($G65>0.085)),AND($H65<>"",$H65<0.5),AND($I65<>"",$I65>120),AND($J65<>"",OR($J65<0.08))),1,0))
A66: =IF($O66="","",INDEX(Master!$D$2:$D$1001,$O66)) | B66: =IF($O66="","",INDEX(Master!$B$2:$B$1001,$O66)) | C66: =IF($O66="","",INDEX(Master!$C$2:$C$1001,$O66)) | D66: =IF($O66="","",INDEX(Master!$A$2:$A$1001,$O66)) | E66: =IF($O66="","",INDEX(Master!$E$2:$E$1001,$O66)) | F66: =IF($O66="","",INDEX(Master!$F$2:$F$1001,$O66)) | G66: =IF($O66="","",INDEX(Master!$G$2:$G$1001,$O66)) | H66: =IF($O66="","",INDEX(Master!$H$2:$H$1001,$O66)) | I66: =IF($O66="","",INDEX(Master!$I$2:$I$1001,$O66)) | J66: =IF($O66="","",INDEX(Master!$J$2:$J$1001,$O66)) | K66: =IF(OR($O66="",$F66="",$F66=0),"",$H66/$F66) | L66: =IF($O66="","",INDEX(Master!$K$2:$K$1001,$O66)) | M66: =IF($O66="","",INDEX(Master!$L$2:$L$1001,$O66)) | O66: {=IFERROR(SMALL(IF(Master!$A$2:$A$1001="VRKP",ROW(Master!$A$2:$A$1001)-ROW(Master!$A$2)+1),62),"")} | P66: =IF($A66="",0,IF(OR(AND($E66<>"",OR($E66>0.12)),AND($F66<>"",OR($F66>0.05)),AND($G66<>"",OR($G66>0.085)),AND($H66<>"",$H66<0.5),AND($I66<>"",$I66>120),AND($J66<>"",OR($J66<0.08))),1,0))
A67: =IF($O67="","",INDEX(Master!$D$2:$D$1001,$O67)) | B67: =IF($O67="","",INDEX(Master!$B$2:$B$1001,$O67)) | C67: =IF($O67="","",INDEX(Master!$C$2:$C$1001,$O67)) | D67: =IF($O67="","",INDEX(Master!$A$2:$A$1001,$O67)) | E67: =IF($O67="","",INDEX(Master!$E$2:$E$1001,$O67)) | F67: =IF($O67="","",INDEX(Master!$F$2:$F$1001,$O67)) | G67: =IF($O67="","",INDEX(Master!$G$2:$G$1001,$O67)) | H67: =IF($O67="","",INDEX(Master!$H$2:$H$1001,$O67)) | I67: =IF($O67="","",INDEX(Master!$I$2:$I$1001,$O67)) | J67: =IF($O67="","",INDEX(Master!$J$2:$J$1001,$O67)) | K67: =IF(OR($O67="",$F67="",$F67=0),"",$H67/$F67) | L67: =IF($O67="","",INDEX(Master!$K$2:$K$1001,$O67)) | M67: =IF($O67="","",INDEX(Master!$L$2:$L$1001,$O67)) | O67: {=IFERROR(SMALL(IF(Master!$A$2:$A$1001="VRKP",ROW(Master!$A$2:$A$1001)-ROW(Master!$A$2)+1),63),"")} | P67: =IF($A67="",0,IF(OR(AND($E67<>"",OR($E67>0.12)),AND($F67<>"",OR($F67>0.05)),AND($G67<>"",OR($G67>0.085)),AND($H67<>"",$H67<0.5),AND($I67<>"",$I67>120),AND($J67<>"",OR($J67<0.08))),1,0))
A68: =IF($O68="","",INDEX(Master!$D$2:$D$1001,$O68)) | B68: =IF($O68="","",INDEX(Master!$B$2:$B$1001,$O68)) | C68: =IF($O68="","",INDEX(Master!$C$2:$C$1001,$O68)) | D68: =IF($O68="","",INDEX(Master!$A$2:$A$1001,$O68)) | E68: =IF($O68="","",INDEX(Master!$E$2:$E$1001,$O68)) | F68: =IF($O68="","",INDEX(Master!$F$2:$F$1001,$O68)) | G68: =IF($O68="","",INDEX(Master!$G$2:$G$1001,$O68)) | H68: =IF($O68="","",INDEX(Master!$H$2:$H$1001,$O68)) | I68: =IF($O68="","",INDEX(Master!$I$2:$I$1001,$O68)) | J68: =IF($O68="","",INDEX(Master!$J$2:$J$1001,$O68)) | K68: =IF(OR($O68="",$F68="",$F68=0),"",$H68/$F68) | L68: =IF($O68="","",INDEX(Master!$K$2:$K$1001,$O68)) | M68: =IF($O68="","",INDEX(Master!$L$2:$L$1001,$O68)) | O68: {=IFERROR(SMALL(IF(Master!$A$2:$A$1001="VRKP",ROW(Master!$A$2:$A$1001)-ROW(Master!$A$2)+1),64),"")} | P68: =IF($A68="",0,IF(OR(AND($E68<>"",OR($E68>0.12)),AND($F68<>"",OR($F68>0.05)),AND($G68<>"",OR($G68>0.085)),AND($H68<>"",$H68<0.5),AND($I68<>"",$I68>120),AND($J68<>"",OR($J68<0.08))),1,0))
A69: =IF($O69="","",INDEX(Master!$D$2:$D$1001,$O69)) | B69: =IF($O69="","",INDEX(Master!$B$2:$B$1001,$O69)) | C69: =IF($O69="","",INDEX(Master!$C$2:$C$1001,$O69)) | D69: =IF($O69="","",INDEX(Master!$A$2:$A$1001,$O69)) | E69: =IF($O69="","",INDEX(Master!$E$2:$E$1001,$O69)) | F69: =IF($O69="","",INDEX(Master!$F$2:$F$1001,$O69)) | G69: =IF($O69="","",INDEX(Master!$G$2:$G$1001,$O69)) | H69: =IF($O69="","",INDEX(Master!$H$2:$H$1001,$O69)) | I69: =IF($O69="","",INDEX(Master!$I$2:$I$1001,$O69)) | J69: =IF($O69="","",INDEX(Master!$J$2:$J$1001,$O69)) | K69: =IF(OR($O69="",$F69="",$F69=0),"",$H69/$F69) | L69: =IF($O69="","",INDEX(Master!$K$2:$K$1001,$O69)) | M69: =IF($O69="","",INDEX(Master!$L$2:$L$1001,$O69)) | O69: {=IFERROR(SMALL(IF(Master!$A$2:$A$1001="VRKP",ROW(Master!$A$2:$A$1001)-ROW(Master!$A$2)+1),65),"")} | P69: =IF($A69="",0,IF(OR(AND($E69<>"",OR($E69>0.12)),AND($F69<>"",OR($F69>0.05)),AND($G69<>"",OR($G69>0.085)),AND($H69<>"",$H69<0.5),AND($I69<>"",$I69>120),AND($J69<>"",OR($J69<0.08))),1,0))
A70: =IF($O70="","",INDEX(Master!$D$2:$D$1001,$O70)) | B70: =IF($O70="","",INDEX(Master!$B$2:$B$1001,$O70)) | C70: =IF($O70="","",INDEX(Master!$C$2:$C$1001,$O70)) | D70: =IF($O70="","",INDEX(Master!$A$2:$A$1001,$O70)) | E70: =IF($O70="","",INDEX(Master!$E$2:$E$1001,$O70)) | F70: =IF($O70="","",INDEX(Master!$F$2:$F$1001,$O70)) | G70: =IF($O70="","",INDEX(Master!$G$2:$G$1001,$O70)) | H70: =IF($O70="","",INDEX(Master!$H$2:$H$1001,$O70)) | I70: =IF($O70="","",INDEX(Master!$I$2:$I$1001,$O70)) | J70: =IF($O70="","",INDEX(Master!$J$2:$J$1001,$O70)) | K70: =IF(OR($O70="",$F70="",$F70=0),"",$H70/$F70) | L70: =IF($O70="","",INDEX(Master!$K$2:$K$1001,$O70)) | M70: =IF($O70="","",INDEX(Master!$L$2:$L$1001,$O70)) | O70: {=IFERROR(SMALL(IF(Master!$A$2:$A$1001="VRKP",ROW(Master!$A$2:$A$1001)-ROW(Master!$A$2)+1),66),"")} | P70: =IF($A70="",0,IF(OR(AND($E70<>"",OR($E70>0.12)),AND($F70<>"",OR($F70>0.05)),AND($G70<>"",OR($G70>0.085)),AND($H70<>"",$H70<0.5),AND($I70<>"",$I70>120),AND($J70<>"",OR($J70<0.08))),1,0))
A71: =IF($O71="","",INDEX(Master!$D$2:$D$1001,$O71)) | B71: =IF($O71="","",INDEX(Master!$B$2:$B$1001,$O71)) | C71: =IF($O71="","",INDEX(Master!$C$2:$C$1001,$O71)) | D71: =IF($O71="","",INDEX(Master!$A$2:$A$1001,$O71)) | E71: =IF($O71="","",INDEX(Master!$E$2:$E$1001,$O71)) | F71: =IF($O71="","",INDEX(Master!$F$2:$F$1001,$O71)) | G71: =IF($O71="","",INDEX(Master!$G$2:$G$1001,$O71)) | H71: =IF($O71="","",INDEX(Master!$H$2:$H$1001,$O71)) | I71: =IF($O71="","",INDEX(Master!$I$2:$I$1001,$O71)) | J71: =IF($O71="","",INDEX(Master!$J$2:$J$1001,$O71)) | K71: =IF(OR($O71="",$F71="",$F71=0),"",$H71/$F71) | L71: =IF($O71="","",INDEX(Master!$K$2:$K$1001,$O71)) | M71: =IF($O71="","",INDEX(Master!$L$2:$L$1001,$O71)) | O71: {=IFERROR(SMALL(IF(Master!$A$2:$A$1001="VRKP",ROW(Master!$A$2:$A$1001)-ROW(Master!$A$2)+1),67),"")} | P71: =IF($A71="",0,IF(OR(AND($E71<>"",OR($E71>0.12)),AND($F71<>"",OR($F71>0.05)),AND($G71<>"",OR($G71>0.085)),AND($H71<>"",$H71<0.5),AND($I71<>"",$I71>120),AND($J71<>"",OR($J71<0.08))),1,0))
A72: =IF($O72="","",INDEX(Master!$D$2:$D$1001,$O72)) | B72: =IF($O72="","",INDEX(Master!$B$2:$B$1001,$O72)) | C72: =IF($O72="","",INDEX(Master!$C$2:$C$1001,$O72)) | D72: =IF($O72="","",INDEX(Master!$A$2:$A$1001,$O72)) | E72: =IF($O72="","",INDEX(Master!$E$2:$E$1001,$O72)) | F72: =IF($O72="","",INDEX(Master!$F$2:$F$1001,$O72)) | G72: =IF($O72="","",INDEX(Master!$G$2:$G$1001,$O72)) | H72: =IF($O72="","",INDEX(Master!$H$2:$H$1001,$O72)) | I72: =IF($O72="","",INDEX(Master!$I$2:$I$1001,$O72)) | J72: =IF($O72="","",INDEX(Master!$J$2:$J$1001,$O72)) | K72: =IF(OR($O72="",$F72="",$F72=0),"",$H72/$F72) | L72: =IF($O72="","",INDEX(Master!$K$2:$K$1001,$O72)) | M72: =IF($O72="","",INDEX(Master!$L$2:$L$1001,$O72)) | O72: {=IFERROR(SMALL(IF(Master!$A$2:$A$1001="VRKP",ROW(Master!$A$2:$A$1001)-ROW(Master!$A$2)+1),68),"")} | P72: =IF($A72="",0,IF(OR(AND($E72<>"",OR($E72>0.12)),AND($F72<>"",OR($F72>0.05)),AND($G72<>"",OR($G72>0.085)),AND($H72<>"",$H72<0.5),AND($I72<>"",$I72>120),AND($J72<>"",OR($J72<0.08))),1,0))
A73: =IF($O73="","",INDEX(Master!$D$2:$D$1001,$O73)) | B73: =IF($O73="","",INDEX(Master!$B$2:$B$1001,$O73)) | C73: =IF($O73="","",INDEX(Master!$C$2:$C$1001,$O73)) | D73: =IF($O73="","",INDEX(Master!$A$2:$A$1001,$O73)) | E73: =IF($O73="","",INDEX(Master!$E$2:$E$1001,$O73)) | F73: =IF($O73="","",INDEX(Master!$F$2:$F$1001,$O73)) | G73: =IF($O73="","",INDEX(Master!$G$2:$G$1001,$O73)) | H73: =IF($O73="","",INDEX(Master!$H$2:$H$1001,$O73)) | I73: =IF($O73="","",INDEX(Master!$I$2:$I$1001,$O73)) | J73: =IF($O73="","",INDEX(Master!$J$2:$J$1001,$O73)) | K73: =IF(OR($O73="",$F73="",$F73=0),"",$H73/$F73) | L73: =IF($O73="","",INDEX(Master!$K$2:$K$1001,$O73)) | M73: =IF($O73="","",INDEX(Master!$L$2:$L$1001,$O73)) | O73: {=IFERROR(SMALL(IF(Master!$A$2:$A$1001="VRKP",ROW(Master!$A$2:$A$1001)-ROW(Master!$A$2)+1),69),"")} | P73: =IF($A73="",0,IF(OR(AND($E73<>"",OR($E73>0.12)),AND($F73<>"",OR($F73>0.05)),AND($G73<>"",OR($G73>0.085)),AND($H73<>"",$H73<0.5),AND($I73<>"",$I73>120),AND($J73<>"",OR($J73<0.08))),1,0))
A74: =IF($O74="","",INDEX(Master!$D$2:$D$1001,$O74)) | B74: =IF($O74="","",INDEX(Master!$B$2:$B$1001,$O74)) | C74: =IF($O74="","",INDEX(Master!$C$2:$C$1001,$O74)) | D74: =IF($O74="","",INDEX(Master!$A$2:$A$1001,$O74)) | E74: =IF($O74="","",INDEX(Master!$E$2:$E$1001,$O74)) | F74: =IF($O74="","",INDEX(Master!$F$2:$F$1001,$O74)) | G74: =IF($O74="","",INDEX(Master!$G$2:$G$1001,$O74)) | H74: =IF($O74="","",INDEX(Master!$H$2:$H$1001,$O74)) | I74: =IF($O74="","",INDEX(Master!$I$2:$I$1001,$O74)) | J74: =IF($O74="","",INDEX(Master!$J$2:$J$1001,$O74)) | K74: =IF(OR($O74="",$F74="",$F74=0),"",$H74/$F74) | L74: =IF($O74="","",INDEX(Master!$K$2:$K$1001,$O74)) | M74: =IF($O74="","",INDEX(Master!$L$2:$L$1001,$O74)) | O74: {=IFERROR(SMALL(IF(Master!$A$2:$A$1001="VRKP",ROW(Master!$A$2:$A$1001)-ROW(Master!$A$2)+1),70),"")} | P74: =IF($A74="",0,IF(OR(AND($E74<>"",OR($E74>0.12)),AND($F74<>"",OR($F74>0.05)),AND($G74<>"",OR($G74>0.085)),AND($H74<>"",$H74<0.5),AND($I74<>"",$I74>120),AND($J74<>"",OR($J74<0.08))),1,0))
A75: =IF($O75="","",INDEX(Master!$D$2:$D$1001,$O75)) | B75: =IF($O75="","",INDEX(Master!$B$2:$B$1001,$O75)) | C75: =IF($O75="","",INDEX(Master!$C$2:$C$1001,$O75)) | D75: =IF($O75="","",INDEX(Master!$A$2:$A$1001,$O75)) | E75: =IF($O75="","",INDEX(Master!$E$2:$E$1001,$O75)) | F75: =IF($O75="","",INDEX(Master!$F$2:$F$1001,$O75)) | G75: =IF($O75="","",INDEX(Master!$G$2:$G$1001,$O75)) | H75: =IF($O75="","",INDEX(Master!$H$2:$H$1001,$O75)) | I75: =IF($O75="","",INDEX(Master!$I$2:$I$1001,$O75)) | J75: =IF($O75="","",INDEX(Master!$J$2:$J$1001,$O75)) | K75: =IF(OR($O75="",$F75="",$F75=0),"",$H75/$F75) | L75: =IF($O75="","",INDEX(Master!$K$2:$K$1001,$O75)) | M75: =IF($O75="","",INDEX(Master!$L$2:$L$1001,$O75)) | O75: {=IFERROR(SMALL(IF(Master!$A$2:$A$1001="VRKP",ROW(Master!$A$2:$A$1001)-ROW(Master!$A$2)+1),71),"")} | P75: =IF($A75="",0,IF(OR(AND($E75<>"",OR($E75>0.12)),AND($F75<>"",OR($F75>0.05)),AND($G75<>"",OR($G75>0.085)),AND($H75<>"",$H75<0.5),AND($I75<>"",$I75>120),AND($J75<>"",OR($J75<0.08))),1,0))
A76: =IF($O76="","",INDEX(Master!$D$2:$D$1001,$O76)) | B76: =IF($O76="","",INDEX(Master!$B$2:$B$1001,$O76)) | C76: =IF($O76="","",INDEX(Master!$C$2:$C$1001,$O76)) | D76: =IF($O76="","",INDEX(Master!$A$2:$A$1001,$O76)) | E76: =IF($O76="","",INDEX(Master!$E$2:$E$1001,$O76)) | F76: =IF($O76="","",INDEX(Master!$F$2:$F$1001,$O76)) | G76: =IF($O76="","",INDEX(Master!$G$2:$G$1001,$O76)) | H76: =IF($O76="","",INDEX(Master!$H$2:$H$1001,$O76)) | I76: =IF($O76="","",INDEX(Master!$I$2:$I$1001,$O76)) | J76: =IF($O76="","",INDEX(Master!$J$2:$J$1001,$O76)) | K76: =IF(OR($O76="",$F76="",$F76=0),"",$H76/$F76) | L76: =IF($O76="","",INDEX(Master!$K$2:$K$1001,$O76)) | M76: =IF($O76="","",INDEX(Master!$L$2:$L$1001,$O76)) | O76: {=IFERROR(SMALL(IF(Master!$A$2:$A$1001="VRKP",ROW(Master!$A$2:$A$1001)-ROW(Master!$A$2)+1),72),"")} | P76: =IF($A76="",0,IF(OR(AND($E76<>"",OR($E76>0.12)),AND($F76<>"",OR($F76>0.05)),AND($G76<>"",OR($G76>0.085)),AND($H76<>"",$H76<0.5),AND($I76<>"",$I76>120),AND($J76<>"",OR($J76<0.08))),1,0))
A77: =IF($O77="","",INDEX(Master!$D$2:$D$1001,$O77)) | B77: =IF($O77="","",INDEX(Master!$B$2:$B$1001,$O77)) | C77: =IF($O77="","",INDEX(Master!$C$2:$C$1001,$O77)) | D77: =IF($O77="","",INDEX(Master!$A$2:$A$1001,$O77)) | E77: =IF($O77="","",INDEX(Master!$E$2:$E$1001,$O77)) | F77: =IF($O77="","",INDEX(Master!$F$2:$F$1001,$O77)) | G77: =IF($O77="","",INDEX(Master!$G$2:$G$1001,$O77)) | H77: =IF($O77="","",INDEX(Master!$H$2:$H$1001,$O77)) | I77: =IF($O77="","",INDEX(Master!$I$2:$I$1001,$O77)) | J77: =IF($O77="","",INDEX(Master!$J$2:$J$1001,$O77)) | K77: =IF(OR($O77="",$F77="",$F77=0),"",$H77/$F77) | L77: =IF($O77="","",INDEX(Master!$K$2:$K$1001,$O77)) | M77: =IF($O77="","",INDEX(Master!$L$2:$L$1001,$O77)) | O77: {=IFERROR(SMALL(IF(Master!$A$2:$A$1001="VRKP",ROW(Master!$A$2:$A$1001)-ROW(Master!$A$2)+1),73),"")} | P77: =IF($A77="",0,IF(OR(AND($E77<>"",OR($E77>0.12)),AND($F77<>"",OR($F77>0.05)),AND($G77<>"",OR($G77>0.085)),AND($H77<>"",$H77<0.5),AND($I77<>"",$I77>120),AND($J77<>"",OR($J77<0.08))),1,0))
A78: =IF($O78="","",INDEX(Master!$D$2:$D$1001,$O78)) | B78: =IF($O78="","",INDEX(Master!$B$2:$B$1001,$O78)) | C78: =IF($O78="","",INDEX(Master!$C$2:$C$1001,$O78)) | D78: =IF($O78="","",INDEX(Master!$A$2:$A$1001,$O78)) | E78: =IF($O78="","",INDEX(Master!$E$2:$E$1001,$O78)) | F78: =IF($O78="","",INDEX(Master!$F$2:$F$1001,$O78)) | G78: =IF($O78="","",INDEX(Master!$G$2:$G$1001,$O78)) | H78: =IF($O78="","",INDEX(Master!$H$2:$H$1001,$O78)) | I78: =IF($O78="","",INDEX(Master!$I$2:$I$1001,$O78)) | J78: =IF($O78="","",INDEX(Master!$J$2:$J$1001,$O78)) | K78: =IF(OR($O78="",$F78="",$F78=0),"",$H78/$F78) | L78: =IF($O78="","",INDEX(Master!$K$2:$K$1001,$O78)) | M78: =IF($O78="","",INDEX(Master!$L$2:$L$1001,$O78)) | O78: {=IFERROR(SMALL(IF(Master!$A$2:$A$1001="VRKP",ROW(Master!$A$2:$A$1001)-ROW(Master!$A$2)+1),74),"")} | P78: =IF($A78="",0,IF(OR(AND($E78<>"",OR($E78>0.12)),AND($F78<>"",OR($F78>0.05)),AND($G78<>"",OR($G78>0.085)),AND($H78<>"",$H78<0.5),AND($I78<>"",$I78>120),AND($J78<>"",OR($J78<0.08))),1,0))
A79: =IF($O79="","",INDEX(Master!$D$2:$D$1001,$O79)) | B79: =IF($O79="","",INDEX(Master!$B$2:$B$1001,$O79)) | C79: =IF($O79="","",INDEX(Master!$C$2:$C$1001,$O79)) | D79: =IF($O79="","",INDEX(Master!$A$2:$A$1001,$O79)) | E79: =IF($O79="","",INDEX(Master!$E$2:$E$1001,$O79)) | F79: =IF($O79="","",INDEX(Master!$F$2:$F$1001,$O79)) | G79: =IF($O79="","",INDEX(Master!$G$2:$G$1001,$O79)) | H79: =IF($O79="","",INDEX(Master!$H$2:$H$1001,$O79)) | I79: =IF($O79="","",INDEX(Master!$I$2:$I$1001,$O79)) | J79: =IF($O79="","",INDEX(Master!$J$2:$J$1001,$O79)) | K79: =IF(OR($O79="",$F79="",$F79=0),"",$H79/$F79) | L79: =IF($O79="","",INDEX(Master!$K$2:$K$1001,$O79)) | M79: =IF($O79="","",INDEX(Master!$L$2:$L$1001,$O79)) | O79: {=IFERROR(SMALL(IF(Master!$A$2:$A$1001="VRKP",ROW(Master!$A$2:$A$1001)-ROW(Master!$A$2)+1),75),"")} | P79: =IF($A79="",0,IF(OR(AND($E79<>"",OR($E79>0.12)),AND($F79<>"",OR($F79>0.05)),AND($G79<>"",OR($G79>0.085)),AND($H79<>"",$H79<0.5),AND($I79<>"",$I79>120),AND($J79<>"",OR($J79<0.08))),1,0))
A80: =IF($O80="","",INDEX(Master!$D$2:$D$1001,$O80)) | B80: =IF($O80="","",INDEX(Master!$B$2:$B$1001,$O80)) | C80: =IF($O80="","",INDEX(Master!$C$2:$C$1001,$O80)) | D80: =IF($O80="","",INDEX(Master!$A$2:$A$1001,$O80)) | E80: =IF($O80="","",INDEX(Master!$E$2:$E$1001,$O80)) | F80: =IF($O80="","",INDEX(Master!$F$2:$F$1001,$O80)) | G80: =IF($O80="","",INDEX(Master!$G$2:$G$1001,$O80)) | H80: =IF($O80="","",INDEX(Master!$H$2:$H$1001,$O80)) | I80: =IF($O80="","",INDEX(Master!$I$2:$I$1001,$O80)) | J80: =IF($O80="","",INDEX(Master!$J$2:$J$1001,$O80)) | K80: =IF(OR($O80="",$F80="",$F80=0),"",$H80/$F80) | L80: =IF($O80="","",INDEX(Master!$K$2:$K$1001,$O80)) | M80: =IF($O80="","",INDEX(Master!$L$2:$L$1001,$O80)) | O80: {=IFERROR(SMALL(IF(Master!$A$2:$A$1001="VRKP",ROW(Master!$A$2:$A$1001)-ROW(Master!$A$2)+1),76),"")} | P80: =IF($A80="",0,IF(OR(AND($E80<>"",OR($E80>0.12)),AND($F80<>"",OR($F80>0.05)),AND($G80<>"",OR($G80>0.085)),AND($H80<>"",$H80<0.5),AND($I80<>"",$I80>120),AND($J80<>"",OR($J80<0.08))),1,0))
A81: =IF($O81="","",INDEX(Master!$D$2:$D$1001,$O81)) | B81: =IF($O81="","",INDEX(Master!$B$2:$B$1001,$O81)) | C81: =IF($O81="","",INDEX(Master!$C$2:$C$1001,$O81)) | D81: =IF($O81="","",INDEX(Master!$A$2:$A$1001,$O81)) | E81: =IF($O81="","",INDEX(Master!$E$2:$E$1001,$O81)) | F81: =IF($O81="","",INDEX(Master!$F$2:$F$1001,$O81)) | G81: =IF($O81="","",INDEX(Master!$G$2:$G$1001,$O81)) | H81: =IF($O81="","",INDEX(Master!$H$2:$H$1001,$O81)) | I81: =IF($O81="","",INDEX(Master!$I$2:$I$1001,$O81)) | J81: =IF($O81="","",INDEX(Master!$J$2:$J$1001,$O81)) | K81: =IF(OR($O81="",$F81="",$F81=0),"",$H81/$F81) | L81: =IF($O81="","",INDEX(Master!$K$2:$K$1001,$O81)) | M81: =IF($O81="","",INDEX(Master!$L$2:$L$1001,$O81)) | O81: {=IFERROR(SMALL(IF(Master!$A$2:$A$1001="VRKP",ROW(Master!$A$2:$A$1001)-ROW(Master!$A$2)+1),77),"")} | P81: =IF($A81="",0,IF(OR(AND($E81<>"",OR($E81>0.12)),AND($F81<>"",OR($F81>0.05)),AND($G81<>"",OR($G81>0.085)),AND($H81<>"",$H81<0.5),AND($I81<>"",$I81>120),AND($J81<>"",OR($J81<0.08))),1,0))
A82: =IF($O82="","",INDEX(Master!$D$2:$D$1001,$O82)) | B82: =IF($O82="","",INDEX(Master!$B$2:$B$1001,$O82)) | C82: =IF($O82="","",INDEX(Master!$C$2:$C$1001,$O82)) | D82: =IF($O82="","",INDEX(Master!$A$2:$A$1001,$O82)) | E82: =IF($O82="","",INDEX(Master!$E$2:$E$1001,$O82)) | F82: =IF($O82="","",INDEX(Master!$F$2:$F$1001,$O82)) | G82: =IF($O82="","",INDEX(Master!$G$2:$G$1001,$O82)) | H82: =IF($O82="","",INDEX(Master!$H$2:$H$1001,$O82)) | I82: =IF($O82="","",INDEX(Master!$I$2:$I$1001,$O82)) | J82: =IF($O82="","",INDEX(Master!$J$2:$J$1001,$O82)) | K82: =IF(OR($O82="",$F82="",$F82=0),"",$H82/$F82) | L82: =IF($O82="","",INDEX(Master!$K$2:$K$1001,$O82)) | M82: =IF($O82="","",INDEX(Master!$L$2:$L$1001,$O82)) | O82: {=IFERROR(SMALL(IF(Master!$A$2:$A$1001="VRKP",ROW(Master!$A$2:$A$1001)-ROW(Master!$A$2)+1),78),"")} | P82: =IF($A82="",0,IF(OR(AND($E82<>"",OR($E82>0.12)),AND($F82<>"",OR($F82>0.05)),AND($G82<>"",OR($G82>0.085)),AND($H82<>"",$H82<0.5),AND($I82<>"",$I82>120),AND($J82<>"",OR($J82<0.08))),1,0))
A83: =IF($O83="","",INDEX(Master!$D$2:$D$1001,$O83)) | B83: =IF($O83="","",INDEX(Master!$B$2:$B$1001,$O83)) | C83: =IF($O83="","",INDEX(Master!$C$2:$C$1001,$O83)) | D83: =IF($O83="","",INDEX(Master!$A$2:$A$1001,$O83)) | E83: =IF($O83="","",INDEX(Master!$E$2:$E$1001,$O83)) | F83: =IF($O83="","",INDEX(Master!$F$2:$F$1001,$O83)) | G83: =IF($O83="","",INDEX(Master!$G$2:$G$1001,$O83)) | H83: =IF($O83="","",INDEX(Master!$H$2:$H$1001,$O83)) | I83: =IF($O83="","",INDEX(Master!$I$2:$I$1001,$O83)) | J83: =IF($O83="","",INDEX(Master!$J$2:$J$1001,$O83)) | K83: =IF(OR($O83="",$F83="",$F83=0),"",$H83/$F83) | L83: =IF($O83="","",INDEX(Master!$K$2:$K$1001,$O83)) | M83: =IF($O83="","",INDEX(Master!$L$2:$L$1001,$O83)) | O83: {=IFERROR(SMALL(IF(Master!$A$2:$A$1001="VRKP",ROW(Master!$A$2:$A$1001)-ROW(Master!$A$2)+1),79),"")} | P83: =IF($A83="",0,IF(OR(AND($E83<>"",OR($E83>0.12)),AND($F83<>"",OR($F83>0.05)),AND($G83<>"",OR($G83>0.085)),AND($H83<>"",$H83<0.5),AND($I83<>"",$I83>120),AND($J83<>"",OR($J83<0.08))),1,0))
A84: =IF($O84="","",INDEX(Master!$D$2:$D$1001,$O84)) | B84: =IF($O84="","",INDEX(Master!$B$2:$B$1001,$O84)) | C84: =IF($O84="","",INDEX(Master!$C$2:$C$1001,$O84)) | D84: =IF($O84="","",INDEX(Master!$A$2:$A$1001,$O84)) | E84: =IF($O84="","",INDEX(Master!$E$2:$E$1001,$O84)) | F84: =IF($O84="","",INDEX(Master!$F$2:$F$1001,$O84)) | G84: =IF($O84="","",INDEX(Master!$G$2:$G$1001,$O84)) | H84: =IF($O84="","",INDEX(Master!$H$2:$H$1001,$O84)) | I84: =IF($O84="","",INDEX(Master!$I$2:$I$1001,$O84)) | J84: =IF($O84="","",INDEX(Master!$J$2:$J$1001,$O84)) | K84: =IF(OR($O84="",$F84="",$F84=0),"",$H84/$F84) | L84: =IF($O84="","",INDEX(Master!$K$2:$K$1001,$O84)) | M84: =IF($O84="","",INDEX(Master!$L$2:$L$1001,$O84)) | O84: {=IFERROR(SMALL(IF(Master!$A$2:$A$1001="VRKP",ROW(Master!$A$2:$A$1001)-ROW(Master!$A$2)+1),80),"")} | P84: =IF($A84="",0,IF(OR(AND($E84<>"",OR($E84>0.12)),AND($F84<>"",OR($F84>0.05)),AND($G84<>"",OR($G84>0.085)),AND($H84<>"",$H84<0.5),AND($I84<>"",$I84>120),AND($J84<>"",OR($J84<0.08))),1,0))
A85: =IF($O85="","",INDEX(Master!$D$2:$D$1001,$O85)) | B85: =IF($O85="","",INDEX(Master!$B$2:$B$1001,$O85)) | C85: =IF($O85="","",INDEX(Master!$C$2:$C$1001,$O85)) | D85: =IF($O85="","",INDEX(Master!$A$2:$A$1001,$O85)) | E85: =IF($O85="","",INDEX(Master!$E$2:$E$1001,$O85)) | F85: =IF($O85="","",INDEX(Master!$F$2:$F$1001,$O85)) | G85: =IF($O85="","",INDEX(Master!$G$2:$G$1001,$O85)) | H85: =IF($O85="","",INDEX(Master!$H$2:$H$1001,$O85)) | I85: =IF($O85="","",INDEX(Master!$I$2:$I$1001,$O85)) | J85: =IF($O85="","",INDEX(Master!$J$2:$J$1001,$O85)) | K85: =IF(OR($O85="",$F85="",$F85=0),"",$H85/$F85) | L85: =IF($O85="","",INDEX(Master!$K$2:$K$1001,$O85)) | M85: =IF($O85="","",INDEX(Master!$L$2:$L$1001,$O85)) | O85: {=IFERROR(SMALL(IF(Master!$A$2:$A$1001="VRKP",ROW(Master!$A$2:$A$1001)-ROW(Master!$A$2)+1),81),"")} | P85: =IF($A85="",0,IF(OR(AND($E85<>"",OR($E85>0.12)),AND($F85<>"",OR($F85>0.05)),AND($G85<>"",OR($G85>0.085)),AND($H85<>"",$H85<0.5),AND($I85<>"",$I85>120),AND($J85<>"",OR($J85<0.08))),1,0))
A86: =IF($O86="","",INDEX(Master!$D$2:$D$1001,$O86)) | B86: =IF($O86="","",INDEX(Master!$B$2:$B$1001,$O86)) | C86: =IF($O86="","",INDEX(Master!$C$2:$C$1001,$O86)) | D86: =IF($O86="","",INDEX(Master!$A$2:$A$1001,$O86)) | E86: =IF($O86="","",INDEX(Master!$E$2:$E$1001,$O86)) | F86: =IF($O86="","",INDEX(Master!$F$2:$F$1001,$O86)) | G86: =IF($O86="","",INDEX(Master!$G$2:$G$1001,$O86)) | H86: =IF($O86="","",INDEX(Master!$H$2:$H$1001,$O86)) | I86: =IF($O86="","",INDEX(Master!$I$2:$I$1001,$O86)) | J86: =IF($O86="","",INDEX(Master!$J$2:$J$1001,$O86)) | K86: =IF(OR($O86="",$F86="",$F86=0),"",$H86/$F86) | L86: =IF($O86="","",INDEX(Master!$K$2:$K$1001,$O86)) | M86: =IF($O86="","",INDEX(Master!$L$2:$L$1001,$O86)) | O86: {=IFERROR(SMALL(IF(Master!$A$2:$A$1001="VRKP",ROW(Master!$A$2:$A$1001)-ROW(Master!$A$2)+1),82),"")} | P86: =IF($A86="",0,IF(OR(AND($E86<>"",OR($E86>0.12)),AND($F86<>"",OR($F86>0.05)),AND($G86<>"",OR($G86>0.085)),AND($H86<>"",$H86<0.5),AND($I86<>"",$I86>120),AND($J86<>"",OR($J86<0.08))),1,0))
A87: =IF($O87="","",INDEX(Master!$D$2:$D$1001,$O87)) | B87: =IF($O87="","",INDEX(Master!$B$2:$B$1001,$O87)) | C87: =IF($O87="","",INDEX(Master!$C$2:$C$1001,$O87)) | D87: =IF($O87="","",INDEX(Master!$A$2:$A$1001,$O87)) | E87: =IF($O87="","",INDEX(Master!$E$2:$E$1001,$O87)) | F87: =IF($O87="","",INDEX(Master!$F$2:$F$1001,$O87)) | G87: =IF($O87="","",INDEX(Master!$G$2:$G$1001,$O87)) | H87: =IF($O87="","",INDEX(Master!$H$2:$H$1001,$O87)) | I87: =IF($O87="","",INDEX(Master!$I$2:$I$1001,$O87)) | J87: =IF($O87="","",INDEX(Master!$J$2:$J$1001,$O87)) | K87: =IF(OR($O87="",$F87="",$F87=0),"",$H87/$F87) | L87: =IF($O87="","",INDEX(Master!$K$2:$K$1001,$O87)) | M87: =IF($O87="","",INDEX(Master!$L$2:$L$1001,$O87)) | O87: {=IFERROR(SMALL(IF(Master!$A$2:$A$1001="VRKP",ROW(Master!$A$2:$A$1001)-ROW(Master!$A$2)+1),83),"")} | P87: =IF($A87="",0,IF(OR(AND($E87<>"",OR($E87>0.12)),AND($F87<>"",OR($F87>0.05)),AND($G87<>"",OR($G87>0.085)),AND($H87<>"",$H87<0.5),AND($I87<>"",$I87>120),AND($J87<>"",OR($J87<0.08))),1,0))
A88: =IF($O88="","",INDEX(Master!$D$2:$D$1001,$O88)) | B88: =IF($O88="","",INDEX(Master!$B$2:$B$1001,$O88)) | C88: =IF($O88="","",INDEX(Master!$C$2:$C$1001,$O88)) | D88: =IF($O88="","",INDEX(Master!$A$2:$A$1001,$O88)) | E88: =IF($O88="","",INDEX(Master!$E$2:$E$1001,$O88)) | F88: =IF($O88="","",INDEX(Master!$F$2:$F$1001,$O88)) | G88: =IF($O88="","",INDEX(Master!$G$2:$G$1001,$O88)) | H88: =IF($O88="","",INDEX(Master!$H$2:$H$1001,$O88)) | I88: =IF($O88="","",INDEX(Master!$I$2:$I$1001,$O88)) | J88: =IF($O88="","",INDEX(Master!$J$2:$J$1001,$O88)) | K88: =IF(OR($O88="",$F88="",$F88=0),"",$H88/$F88) | L88: =IF($O88="","",INDEX(Master!$K$2:$K$1001,$O88)) | M88: =IF($O88="","",INDEX(Master!$L$2:$L$1001,$O88)) | O88: {=IFERROR(SMALL(IF(Master!$A$2:$A$1001="VRKP",ROW(Master!$A$2:$A$1001)-ROW(Master!$A$2)+1),84),"")} | P88: =IF($A88="",0,IF(OR(AND($E88<>"",OR($E88>0.12)),AND($F88<>"",OR($F88>0.05)),AND($G88<>"",OR($G88>0.085)),AND($H88<>"",$H88<0.5),AND($I88<>"",$I88>120),AND($J88<>"",OR($J88<0.08))),1,0))
A89: =IF($O89="","",INDEX(Master!$D$2:$D$1001,$O89)) | B89: =IF($O89="","",INDEX(Master!$B$2:$B$1001,$O89)) | C89: =IF($O89="","",INDEX(Master!$C$2:$C$1001,$O89)) | D89: =IF($O89="","",INDEX(Master!$A$2:$A$1001,$O89)) | E89: =IF($O89="","",INDEX(Master!$E$2:$E$1001,$O89)) | F89: =IF($O89="","",INDEX(Master!$F$2:$F$1001,$O89)) | G89: =IF($O89="","",INDEX(Master!$G$2:$G$1001,$O89)) | H89: =IF($O89="","",INDEX(Master!$H$2:$H$1001,$O89)) | I89: =IF($O89="","",INDEX(Master!$I$2:$I$1001,$O89)) | J89: =IF($O89="","",INDEX(Master!$J$2:$J$1001,$O89)) | K89: =IF(OR($O89="",$F89="",$F89=0),"",$H89/$F89) | L89: =IF($O89="","",INDEX(Master!$K$2:$K$1001,$O89)) | M89: =IF($O89="","",INDEX(Master!$L$2:$L$1001,$O89)) | O89: {=IFERROR(SMALL(IF(Master!$A$2:$A$1001="VRKP",ROW(Master!$A$2:$A$1001)-ROW(Master!$A$2)+1),85),"")} | P89: =IF($A89="",0,IF(OR(AND($E89<>"",OR($E89>0.12)),AND($F89<>"",OR($F89>0.05)),AND($G89<>"",OR($G89>0.085)),AND($H89<>"",$H89<0.5),AND($I89<>"",$I89>120),AND($J89<>"",OR($J89<0.08))),1,0))
A90: =IF($O90="","",INDEX(Master!$D$2:$D$1001,$O90)) | B90: =IF($O90="","",INDEX(Master!$B$2:$B$1001,$O90)) | C90: =IF($O90="","",INDEX(Master!$C$2:$C$1001,$O90)) | D90: =IF($O90="","",INDEX(Master!$A$2:$A$1001,$O90)) | E90: =IF($O90="","",INDEX(Master!$E$2:$E$1001,$O90)) | F90: =IF($O90="","",INDEX(Master!$F$2:$F$1001,$O90)) | G90: =IF($O90="","",INDEX(Master!$G$2:$G$1001,$O90)) | H90: =IF($O90="","",INDEX(Master!$H$2:$H$1001,$O90)) | I90: =IF($O90="","",INDEX(Master!$I$2:$I$1001,$O90)) | J90: =IF($O90="","",INDEX(Master!$J$2:$J$1001,$O90)) | K90: =IF(OR($O90="",$F90="",$F90=0),"",$H90/$F90) | L90: =IF($O90="","",INDEX(Master!$K$2:$K$1001,$O90)) | M90: =IF($O90="","",INDEX(Master!$L$2:$L$1001,$O90)) | O90: {=IFERROR(SMALL(IF(Master!$A$2:$A$1001="VRKP",ROW(Master!$A$2:$A$1001)-ROW(Master!$A$2)+1),86),"")} | P90: =IF($A90="",0,IF(OR(AND($E90<>"",OR($E90>0.12)),AND($F90<>"",OR($F90>0.05)),AND($G90<>"",OR($G90>0.085)),AND($H90<>"",$H90<0.5),AND($I90<>"",$I90>120),AND($J90<>"",OR($J90<0.08))),1,0))
A91: =IF($O91="","",INDEX(Master!$D$2:$D$1001,$O91)) | B91: =IF($O91="","",INDEX(Master!$B$2:$B$1001,$O91)) | C91: =IF($O91="","",INDEX(Master!$C$2:$C$1001,$O91)) | D91: =IF($O91="","",INDEX(Master!$A$2:$A$1001,$O91)) | E91: =IF($O91="","",INDEX(Master!$E$2:$E$1001,$O91)) | F91: =IF($O91="","",INDEX(Master!$F$2:$F$1001,$O91)) | G91: =IF($O91="","",INDEX(Master!$G$2:$G$1001,$O91)) | H91: =IF($O91="","",INDEX(Master!$H$2:$H$1001,$O91)) | I91: =IF($O91="","",INDEX(Master!$I$2:$I$1001,$O91)) | J91: =IF($O91="","",INDEX(Master!$J$2:$J$1001,$O91)) | K91: =IF(OR($O91="",$F91="",$F91=0),"",$H91/$F91) | L91: =IF($O91="","",INDEX(Master!$K$2:$K$1001,$O91)) | M91: =IF($O91="","",INDEX(Master!$L$2:$L$1001,$O91)) | O91: {=IFERROR(SMALL(IF(Master!$A$2:$A$1001="VRKP",ROW(Master!$A$2:$A$1001)-ROW(Master!$A$2)+1),87),"")} | P91: =IF($A91="",0,IF(OR(AND($E91<>"",OR($E91>0.12)),AND($F91<>"",OR($F91>0.05)),AND($G91<>"",OR($G91>0.085)),AND($H91<>"",$H91<0.5),AND($I91<>"",$I91>120),AND($J91<>"",OR($J91<0.08))),1,0))
A92: =IF($O92="","",INDEX(Master!$D$2:$D$1001,$O92)) | B92: =IF($O92="","",INDEX(Master!$B$2:$B$1001,$O92)) | C92: =IF($O92="","",INDEX(Master!$C$2:$C$1001,$O92)) | D92: =IF($O92="","",INDEX(Master!$A$2:$A$1001,$O92)) | E92: =IF($O92="","",INDEX(Master!$E$2:$E$1001,$O92)) | F92: =IF($O92="","",INDEX(Master!$F$2:$F$1001,$O92)) | G92: =IF($O92="","",INDEX(Master!$G$2:$G$1001,$O92)) | H92: =IF($O92="","",INDEX(Master!$H$2:$H$1001,$O92)) | I92: =IF($O92="","",INDEX(Master!$I$2:$I$1001,$O92)) | J92: =IF($O92="","",INDEX(Master!$J$2:$J$1001,$O92)) | K92: =IF(OR($O92="",$F92="",$F92=0),"",$H92/$F92) | L92: =IF($O92="","",INDEX(Master!$K$2:$K$1001,$O92)) | M92: =IF($O92="","",INDEX(Master!$L$2:$L$1001,$O92)) | O92: {=IFERROR(SMALL(IF(Master!$A$2:$A$1001="VRKP",ROW(Master!$A$2:$A$1001)-ROW(Master!$A$2)+1),88),"")} | P92: =IF($A92="",0,IF(OR(AND($E92<>"",OR($E92>0.12)),AND($F92<>"",OR($F92>0.05)),AND($G92<>"",OR($G92>0.085)),AND($H92<>"",$H92<0.5),AND($I92<>"",$I92>120),AND($J92<>"",OR($J92<0.08))),1,0))
A93: =IF($O93="","",INDEX(Master!$D$2:$D$1001,$O93)) | B93: =IF($O93="","",INDEX(Master!$B$2:$B$1001,$O93)) | C93: =IF($O93="","",INDEX(Master!$C$2:$C$1001,$O93)) | D93: =IF($O93="","",INDEX(Master!$A$2:$A$1001,$O93)) | E93: =IF($O93="","",INDEX(Master!$E$2:$E$1001,$O93)) | F93: =IF($O93="","",INDEX(Master!$F$2:$F$1001,$O93)) | G93: =IF($O93="","",INDEX(Master!$G$2:$G$1001,$O93)) | H93: =IF($O93="","",INDEX(Master!$H$2:$H$1001,$O93)) | I93: =IF($O93="","",INDEX(Master!$I$2:$I$1001,$O93)) | J93: =IF($O93="","",INDEX(Master!$J$2:$J$1001,$O93)) | K93: =IF(OR($O93="",$F93="",$F93=0),"",$H93/$F93) | L93: =IF($O93="","",INDEX(Master!$K$2:$K$1001,$O93)) | M93: =IF($O93="","",INDEX(Master!$L$2:$L$1001,$O93)) | O93: {=IFERROR(SMALL(IF(Master!$A$2:$A$1001="VRKP",ROW(Master!$A$2:$A$1001)-ROW(Master!$A$2)+1),89),"")} | P93: =IF($A93="",0,IF(OR(AND($E93<>"",OR($E93>0.12)),AND($F93<>"",OR($F93>0.05)),AND($G93<>"",OR($G93>0.085)),AND($H93<>"",$H93<0.5),AND($I93<>"",$I93>120),AND($J93<>"",OR($J93<0.08))),1,0))
A94: =IF($O94="","",INDEX(Master!$D$2:$D$1001,$O94)) | B94: =IF($O94="","",INDEX(Master!$B$2:$B$1001,$O94)) | C94: =IF($O94="","",INDEX(Master!$C$2:$C$1001,$O94)) | D94: =IF($O94="","",INDEX(Master!$A$2:$A$1001,$O94)) | E94: =IF($O94="","",INDEX(Master!$E$2:$E$1001,$O94)) | F94: =IF($O94="","",INDEX(Master!$F$2:$F$1001,$O94)) | G94: =IF($O94="","",INDEX(Master!$G$2:$G$1001,$O94)) | H94: =IF($O94="","",INDEX(Master!$H$2:$H$1001,$O94)) | I94: =IF($O94="","",INDEX(Master!$I$2:$I$1001,$O94)) | J94: =IF($O94="","",INDEX(Master!$J$2:$J$1001,$O94)) | K94: =IF(OR($O94="",$F94="",$F94=0),"",$H94/$F94) | L94: =IF($O94="","",INDEX(Master!$K$2:$K$1001,$O94)) | M94: =IF($O94="","",INDEX(Master!$L$2:$L$1001,$O94)) | O94: {=IFERROR(SMALL(IF(Master!$A$2:$A$1001="VRKP",ROW(Master!$A$2:$A$1001)-ROW(Master!$A$2)+1),90),"")} | P94: =IF($A94="",0,IF(OR(AND($E94<>"",OR($E94>0.12)),AND($F94<>"",OR($F94>0.05)),AND($G94<>"",OR($G94>0.085)),AND($H94<>"",$H94<0.5),AND($I94<>"",$I94>120),AND($J94<>"",OR($J94<0.08))),1,0))
A95: =IF($O95="","",INDEX(Master!$D$2:$D$1001,$O95)) | B95: =IF($O95="","",INDEX(Master!$B$2:$B$1001,$O95)) | C95: =IF($O95="","",INDEX(Master!$C$2:$C$1001,$O95)) | D95: =IF($O95="","",INDEX(Master!$A$2:$A$1001,$O95)) | E95: =IF($O95="","",INDEX(Master!$E$2:$E$1001,$O95)) | F95: =IF($O95="","",INDEX(Master!$F$2:$F$1001,$O95)) | G95: =IF($O95="","",INDEX(Master!$G$2:$G$1001,$O95)) | H95: =IF($O95="","",INDEX(Master!$H$2:$H$1001,$O95)) | I95: =IF($O95="","",INDEX(Master!$I$2:$I$1001,$O95)) | J95: =IF($O95="","",INDEX(Master!$J$2:$J$1001,$O95)) | K95: =IF(OR($O95="",$F95="",$F95=0),"",$H95/$F95) | L95: =IF($O95="","",INDEX(Master!$K$2:$K$1001,$O95)) | M95: =IF($O95="","",INDEX(Master!$L$2:$L$1001,$O95)) | O95: {=IFERROR(SMALL(IF(Master!$A$2:$A$1001="VRKP",ROW(Master!$A$2:$A$1001)-ROW(Master!$A$2)+1),91),"")} | P95: =IF($A95="",0,IF(OR(AND($E95<>"",OR($E95>0.12)),AND($F95<>"",OR($F95>0.05)),AND($G95<>"",OR($G95>0.085)),AND($H95<>"",$H95<0.5),AND($I95<>"",$I95>120),AND($J95<>"",OR($J95<0.08))),1,0))
A96: =IF($O96="","",INDEX(Master!$D$2:$D$1001,$O96)) | B96: =IF($O96="","",INDEX(Master!$B$2:$B$1001,$O96)) | C96: =IF($O96="","",INDEX(Master!$C$2:$C$1001,$O96)) | D96: =IF($O96="","",INDEX(Master!$A$2:$A$1001,$O96)) | E96: =IF($O96="","",INDEX(Master!$E$2:$E$1001,$O96)) | F96: =IF($O96="","",INDEX(Master!$F$2:$F$1001,$O96)) | G96: =IF($O96="","",INDEX(Master!$G$2:$G$1001,$O96)) | H96: =IF($O96="","",INDEX(Master!$H$2:$H$1001,$O96)) | I96: =IF($O96="","",INDEX(Master!$I$2:$I$1001,$O96)) | J96: =IF($O96="","",INDEX(Master!$J$2:$J$1001,$O96)) | K96: =IF(OR($O96="",$F96="",$F96=0),"",$H96/$F96) | L96: =IF($O96="","",INDEX(Master!$K$2:$K$1001,$O96)) | M96: =IF($O96="","",INDEX(Master!$L$2:$L$1001,$O96)) | O96: {=IFERROR(SMALL(IF(Master!$A$2:$A$1001="VRKP",ROW(Master!$A$2:$A$1001)-ROW(Master!$A$2)+1),92),"")} | P96: =IF($A96="",0,IF(OR(AND($E96<>"",OR($E96>0.12)),AND($F96<>"",OR($F96>0.05)),AND($G96<>"",OR($G96>0.085)),AND($H96<>"",$H96<0.5),AND($I96<>"",$I96>120),AND($J96<>"",OR($J96<0.08))),1,0))
A97: =IF($O97="","",INDEX(Master!$D$2:$D$1001,$O97)) | B97: =IF($O97="","",INDEX(Master!$B$2:$B$1001,$O97)) | C97: =IF($O97="","",INDEX(Master!$C$2:$C$1001,$O97)) | D97: =IF($O97="","",INDEX(Master!$A$2:$A$1001,$O97)) | E97: =IF($O97="","",INDEX(Master!$E$2:$E$1001,$O97)) | F97: =IF($O97="","",INDEX(Master!$F$2:$F$1001,$O97)) | G97: =IF($O97="","",INDEX(Master!$G$2:$G$1001,$O97)) | H97: =IF($O97="","",INDEX(Master!$H$2:$H$1001,$O97)) | I97: =IF($O97="","",INDEX(Master!$I$2:$I$1001,$O97)) | J97: =IF($O97="","",INDEX(Master!$J$2:$J$1001,$O97)) | K97: =IF(OR($O97="",$F97="",$F97=0),"",$H97/$F97) | L97: =IF($O97="","",INDEX(Master!$K$2:$K$1001,$O97)) | M97: =IF($O97="","",INDEX(Master!$L$2:$L$1001,$O97)) | O97: {=IFERROR(SMALL(IF(Master!$A$2:$A$1001="VRKP",ROW(Master!$A$2:$A$1001)-ROW(Master!$A$2)+1),93),"")} | P97: =IF($A97="",0,IF(OR(AND($E97<>"",OR($E97>0.12)),AND($F97<>"",OR($F97>0.05)),AND($G97<>"",OR($G97>0.085)),AND($H97<>"",$H97<0.5),AND($I97<>"",$I97>120),AND($J97<>"",OR($J97<0.08))),1,0))
A98: =IF($O98="","",INDEX(Master!$D$2:$D$1001,$O98)) | B98: =IF($O98="","",INDEX(Master!$B$2:$B$1001,$O98)) | C98: =IF($O98="","",INDEX(Master!$C$2:$C$1001,$O98)) | D98: =IF($O98="","",INDEX(Master!$A$2:$A$1001,$O98)) | E98: =IF($O98="","",INDEX(Master!$E$2:$E$1001,$O98)) | F98: =IF($O98="","",INDEX(Master!$F$2:$F$1001,$O98)) | G98: =IF($O98="","",INDEX(Master!$G$2:$G$1001,$O98)) | H98: =IF($O98="","",INDEX(Master!$H$2:$H$1001,$O98)) | I98: =IF($O98="","",INDEX(Master!$I$2:$I$1001,$O98)) | J98: =IF($O98="","",INDEX(Master!$J$2:$J$1001,$O98)) | K98: =IF(OR($O98="",$F98="",$F98=0),"",$H98/$F98) | L98: =IF($O98="","",INDEX(Master!$K$2:$K$1001,$O98)) | M98: =IF($O98="","",INDEX(Master!$L$2:$L$1001,$O98)) | O98: {=IFERROR(SMALL(IF(Master!$A$2:$A$1001="VRKP",ROW(Master!$A$2:$A$1001)-ROW(Master!$A$2)+1),94),"")} | P98: =IF($A98="",0,IF(OR(AND($E98<>"",OR($E98>0.12)),AND($F98<>"",OR($F98>0.05)),AND($G98<>"",OR($G98>0.085)),AND($H98<>"",$H98<0.5),AND($I98<>"",$I98>120),AND($J98<>"",OR($J98<0.08))),1,0))
A99: =IF($O99="","",INDEX(Master!$D$2:$D$1001,$O99)) | B99: =IF($O99="","",INDEX(Master!$B$2:$B$1001,$O99)) | C99: =IF($O99="","",INDEX(Master!$C$2:$C$1001,$O99)) | D99: =IF($O99="","",INDEX(Master!$A$2:$A$1001,$O99)) | E99: =IF($O99="","",INDEX(Master!$E$2:$E$1001,$O99)) | F99: =IF($O99="","",INDEX(Master!$F$2:$F$1001,$O99)) | G99: =IF($O99="","",INDEX(Master!$G$2:$G$1001,$O99)) | H99: =IF($O99="","",INDEX(Master!$H$2:$H$1001,$O99)) | I99: =IF($O99="","",INDEX(Master!$I$2:$I$1001,$O99)) | J99: =IF($O99="","",INDEX(Master!$J$2:$J$1001,$O99)) | K99: =IF(OR($O99="",$F99="",$F99=0),"",$H99/$F99) | L99: =IF($O99="","",INDEX(Master!$K$2:$K$1001,$O99)) | M99: =IF($O99="","",INDEX(Master!$L$2:$L$1001,$O99)) | O99: {=IFERROR(SMALL(IF(Master!$A$2:$A$1001="VRKP",ROW(Master!$A$2:$A$1001)-ROW(Master!$A$2)+1),95),"")} | P99: =IF($A99="",0,IF(OR(AND($E99<>"",OR($E99>0.12)),AND($F99<>"",OR($F99>0.05)),AND($G99<>"",OR($G99>0.085)),AND($H99<>"",$H99<0.5),AND($I99<>"",$I99>120),AND($J99<>"",OR($J99<0.08))),1,0))
A100: =IF($O100="","",INDEX(Master!$D$2:$D$1001,$O100)) | B100: =IF($O100="","",INDEX(Master!$B$2:$B$1001,$O100)) | C100: =IF($O100="","",INDEX(Master!$C$2:$C$1001,$O100)) | D100: =IF($O100="","",INDEX(Master!$A$2:$A$1001,$O100)) | E100: =IF($O100="","",INDEX(Master!$E$2:$E$1001,$O100)) | F100: =IF($O100="","",INDEX(Master!$F$2:$F$1001,$O100)) | G100: =IF($O100="","",INDEX(Master!$G$2:$G$1001,$O100)) | H100: =IF($O100="","",INDEX(Master!$H$2:$H$1001,$O100)) | I100: =IF($O100="","",INDEX(Master!$I$2:$I$1001,$O100)) | J100: =IF($O100="","",INDEX(Master!$J$2:$J$1001,$O100)) | K100: =IF(OR($O100="",$F100="",$F100=0),"",$H100/$F100) | L100: =IF($O100="","",INDEX(Master!$K$2:$K$1001,$O100)) | M100: =IF($O100="","",INDEX(Master!$L$2:$L$1001,$O100)) | O100: {=IFERROR(SMALL(IF(Master!$A$2:$A$1001="VRKP",ROW(Master!$A$2:$A$1001)-ROW(Master!$A$2)+1),96),"")} | P100: =IF($A100="",0,IF(OR(AND($E100<>"",OR($E100>0.12)),AND($F100<>"",OR($F100>0.05)),AND($G100<>"",OR($G100>0.085)),AND($H100<>"",$H100<0.5),AND($I100<>"",$I100>120),AND($J100<>"",OR($J100<0.08))),1,0))
...

Sheet Shree Radhe
A1: SHREE RADHE (SHRI RADHE / SHREE RADHE SHAKTI SPONGE AND POWER PVT. LTD.) | Size: 130 x 130 x 6MTR
A2: Heat No. | B2: Dated | C2: Vehicle number | D2: Party | E2: Parameters | K2: Mn/S | L2: No. of Pieces | M2: Weight (MT) | N2: Hold | P2: OutOfSpec
E3: C | F3: S | G3: P | H3: Mn | I3: N | J3: Si
E4: % | F4: % | G4: % | H4: % | I4: ppm | J4: %
A5: =IF($O5="","",INDEX(Master!$D$2:$D$1001,$O5)) | B5: =IF($O5="","",INDEX(Master!$B$2:$B$1001,$O5)) | C5: =IF($O5="","",INDEX(Master!$C$2:$C$1001,$O5)) | D5: =IF($O5="","",INDEX(Master!$A$2:$A$1001,$O5)) | E5: =IF($O5="","",INDEX(Master!$E$2:$E$1001,$O5)) | F5: =IF($O5="","",INDEX(Master!$F$2:$F$1001,$O5)) | G5: =IF($O5="","",INDEX(Master!$G$2:$G$1001,$O5)) | H5: =IF($O5="","",INDEX(Master!$H$2:$H$1001,$O5)) | I5: =IF($O5="","",INDEX(Master!$I$2:$I$1001,$O5)) | J5: =IF($O5="","",INDEX(Master!$J$2:$J$1001,$O5)) | K5: =IF(OR($O5="",$F5="",$F5=0),"",$H5/$F5) | L5: =IF($O5="","",INDEX(Master!$K$2:$K$1001,$O5)) | M5: =IF($O5="","",INDEX(Master!$L$2:$L$1001,$O5)) | O5: {=IFERROR(SMALL(IF(Master!$A$2:$A$1001="SHREE RADHE",ROW(Master!$A$2:$A$1001)-ROW(Master!$A$2)+1),1),"")} | P5: =IF($A5="",0,IF(OR(AND($E5<>"",OR($E5>0.15)),AND($F5<>"",OR($F5>0.045)),AND($G5<>"",OR($G5>0.08)),AND($H5<>"",$H5<0.5),AND($J5<>"",OR($J5<0.1))),1,0))
A6: =IF($O6="","",INDEX(Master!$D$2:$D$1001,$O6)) | B6: =IF($O6="","",INDEX(Master!$B$2:$B$1001,$O6)) | C6: =IF($O6="","",INDEX(Master!$C$2:$C$1001,$O6)) | D6: =IF($O6="","",INDEX(Master!$A$2:$A$1001,$O6)) | E6: =IF($O6="","",INDEX(Master!$E$2:$E$1001,$O6)) | F6: =IF($O6="","",INDEX(Master!$F$2:$F$1001,$O6)) | G6: =IF($O6="","",INDEX(Master!$G$2:$G$1001,$O6)) | H6: =IF($O6="","",INDEX(Master!$H$2:$H$1001,$O6)) | I6: =IF($O6="","",INDEX(Master!$I$2:$I$1001,$O6)) | J6: =IF($O6="","",INDEX(Master!$J$2:$J$1001,$O6)) | K6: =IF(OR($O6="",$F6="",$F6=0),"",$H6/$F6) | L6: =IF($O6="","",INDEX(Master!$K$2:$K$1001,$O6)) | M6: =IF($O6="","",INDEX(Master!$L$2:$L$1001,$O6)) | O6: {=IFERROR(SMALL(IF(Master!$A$2:$A$1001="SHREE RADHE",ROW(Master!$A$2:$A$1001)-ROW(Master!$A$2)+1),2),"")} | P6: =IF($A6="",0,IF(OR(AND($E6<>"",OR($E6>0.15)),AND($F6<>"",OR($F6>0.045)),AND($G6<>"",OR($G6>0.08)),AND($H6<>"",$H6<0.5),AND($J6<>"",OR($J6<0.1))),1,0))
A7: =IF($O7="","",INDEX(Master!$D$2:$D$1001,$O7)) | B7: =IF($O7="","",INDEX(Master!$B$2:$B$1001,$O7)) | C7: =IF($O7="","",INDEX(Master!$C$2:$C$1001,$O7)) | D7: =IF($O7="","",INDEX(Master!$A$2:$A$1001,$O7)) | E7: =IF($O7="","",INDEX(Master!$E$2:$E$1001,$O7)) | F7: =IF($O7="","",INDEX(Master!$F$2:$F$1001,$O7)) | G7: =IF($O7="","",INDEX(Master!$G$2:$G$1001,$O7)) | H7: =IF($O7="","",INDEX(Master!$H$2:$H$1001,$O7)) | I7: =IF($O7="","",INDEX(Master!$I$2:$I$1001,$O7)) | J7: =IF($O7="","",INDEX(Master!$J$2:$J$1001,$O7)) | K7: =IF(OR($O7="",$F7="",$F7=0),"",$H7/$F7) | L7: =IF($O7="","",INDEX(Master!$K$2:$K$1001,$O7)) | M7: =IF($O7="","",INDEX(Master!$L$2:$L$1001,$O7)) | O7: {=IFERROR(SMALL(IF(Master!$A$2:$A$1001="SHREE RADHE",ROW(Master!$A$2:$A$1001)-ROW(Master!$A$2)+1),3),"")} | P7: =IF($A7="",0,IF(OR(AND($E7<>"",OR($E7>0.15)),AND($F7<>"",OR($F7>0.045)),AND($G7<>"",OR($G7>0.08)),AND($H7<>"",$H7<0.5),AND($J7<>"",OR($J7<0.1))),1,0))
A8: =IF($O8="","",INDEX(Master!$D$2:$D$1001,$O8)) | B8: =IF($O8="","",INDEX(Master!$B$2:$B$1001,$O8)) | C8: =IF($O8="","",INDEX(Master!$C$2:$C$1001,$O8)) | D8: =IF($O8="","",INDEX(Master!$A$2:$A$1001,$O8)) | E8: =IF($O8="","",INDEX(Master!$E$2:$E$1001,$O8)) | F8: =IF($O8="","",INDEX(Master!$F$2:$F$1001,$O8)) | G8: =IF($O8="","",INDEX(Master!$G$2:$G$1001,$O8)) | H8: =IF($O8="","",INDEX(Master!$H$2:$H$1001,$O8)) | I8: =IF($O8="","",INDEX(Master!$I$2:$I$1001,$O8)) | J8: =IF($O8="","",INDEX(Master!$J$2:$J$1001,$O8)) | K8: =IF(OR($O8="",$F8="",$F8=0),"",$H8/$F8) | L8: =IF($O8="","",INDEX(Master!$K$2:$K$1001,$O8)) | M8: =IF($O8="","",INDEX(Master!$L$2:$L$1001,$O8)) | O8: {=IFERROR(SMALL(IF(Master!$A$2:$A$1001="SHREE RADHE",ROW(Master!$A$2:$A$1001)-ROW(Master!$A$2)+1),4),"")} | P8: =IF($A8="",0,IF(OR(AND($E8<>"",OR($E8>0.15)),AND($F8<>"",OR($F8>0.045)),AND($G8<>"",OR($G8>0.08)),AND($H8<>"",$H8<0.5),AND($J8<>"",OR($J8<0.1))),1,0))
A9: =IF($O9="","",INDEX(Master!$D$2:$D$1001,$O9)) | B9: =IF($O9="","",INDEX(Master!$B$2:$B$1001,$O9)) | C9: =IF($O9="","",INDEX(Master!$C$2:$C$1001,$O9)) | D9: =IF($O9="","",INDEX(Master!$A$2:$A$1001,$O9)) | E9: =IF($O9="","",INDEX(Master!$E$2:$E$1001,$O9)) | F9: =IF($O9="","",INDEX(Master!$F$2:$F$1001,$O9)) | G9: =IF($O9="","",INDEX(Master!$G$2:$G$1001,$O9)) | H9: =IF($O9="","",INDEX(Master!$H$2:$H$1001,$O9)) | I9: =IF($O9="","",INDEX(Master!$I$2:$I$1001,$O9)) | J9: =IF($O9="","",INDEX(Master!$J$2:$J$1001,$O9)) | K9: =IF(OR($O9="",$F9="",$F9=0),"",$H9/$F9) | L9: =IF($O9="","",INDEX(Master!$K$2:$K$1001,$O9)) | M9: =IF($O9="","",INDEX(Master!$L$2:$L$1001,$O9)) | O9: {=IFERROR(SMALL(IF(Master!$A$2:$A$1001="SHREE RADHE",ROW(Master!$A$2:$A$1001)-ROW(Master!$A$2)+1),5),"")} | P9: =IF($A9="",0,IF(OR(AND($E9<>"",OR($E9>0.15)),AND($F9<>"",OR($F9>0.045)),AND($G9<>"",OR($G9>0.08)),AND($H9<>"",$H9<0.5),AND($J9<>"",OR($J9<0.1))),1,0))
A10: =IF($O10="","",INDEX(Master!$D$2:$D$1001,$O10)) | B10: =IF($O10="","",INDEX(Master!$B$2:$B$1001,$O10)) | C10: =IF($O10="","",INDEX(Master!$C$2:$C$1001,$O10)) | D10: =IF($O10="","",INDEX(Master!$A$2:$A$1001,$O10)) | E10: =IF($O10="","",INDEX(Master!$E$2:$E$1001,$O10)) | F10: =IF($O10="","",INDEX(Master!$F$2:$F$1001,$O10)) | G10: =IF($O10="","",INDEX(Master!$G$2:$G$1001,$O10)) | H10: =IF($O10="","",INDEX(Master!$H$2:$H$1001,$O10)) | I10: =IF($O10="","",INDEX(Master!$I$2:$I$1001,$O10)) | J10: =IF($O10="","",INDEX(Master!$J$2:$J$1001,$O10)) | K10: =IF(OR($O10="",$F10="",$F10=0),"",$H10/$F10) | L10: =IF($O10="","",INDEX(Master!$K$2:$K$1001,$O10)) | M10: =IF($O10="","",INDEX(Master!$L$2:$L$1001,$O10)) | O10: {=IFERROR(SMALL(IF(Master!$A$2:$A$1001="SHREE RADHE",ROW(Master!$A$2:$A$1001)-ROW(Master!$A$2)+1),6),"")} | P10: =IF($A10="",0,IF(OR(AND($E10<>"",OR($E10>0.15)),AND($F10<>"",OR($F10>0.045)),AND($G10<>"",OR($G10>0.08)),AND($H10<>"",$H10<0.5),AND($J10<>"",OR($J10<0.1))),1,0))
A11: =IF($O11="","",INDEX(Master!$D$2:$D$1001,$O11)) | B11: =IF($O11="","",INDEX(Master!$B$2:$B$1001,$O11)) | C11: =IF($O11="","",INDEX(Master!$C$2:$C$1001,$O11)) | D11: =IF($O11="","",INDEX(Master!$A$2:$A$1001,$O11)) | E11: =IF($O11="","",INDEX(Master!$E$2:$E$1001,$O11)) | F11: =IF($O11="","",INDEX(Master!$F$2:$F$1001,$O11)) | G11: =IF($O11="","",INDEX(Master!$G$2:$G$1001,$O11)) | H11: =IF($O11="","",INDEX(Master!$H$2:$H$1001,$O11)) | I11: =IF($O11="","",INDEX(Master!$I$2:$I$1001,$O11)) | J11: =IF($O11="","",INDEX(Master!$J$2:$J$1001,$O11)) | K11: =IF(OR($O11="",$F11="",$F11=0),"",$H11/$F11) | L11: =IF($O11="","",INDEX(Master!$K$2:$K$1001,$O11)) | M11: =IF($O11="","",INDEX(Master!$L$2:$L$1001,$O11)) | O11: {=IFERROR(SMALL(IF(Master!$A$2:$A$1001="SHREE RADHE",ROW(Master!$A$2:$A$1001)-ROW(Master!$A$2)+1),7),"")} | P11: =IF($A11="",0,IF(OR(AND($E11<>"",OR($E11>0.15)),AND($F11<>"",OR($F11>0.045)),AND($G11<>"",OR($G11>0.08)),AND($H11<>"",$H11<0.5),AND($J11<>"",OR($J11<0.1))),1,0))
A12: =IF($O12="","",INDEX(Master!$D$2:$D$1001,$O12)) | B12: =IF($O12="","",INDEX(Master!$B$2:$B$1001,$O12)) | C12: =IF($O12="","",INDEX(Master!$C$2:$C$1001,$O12)) | D12: =IF($O12="","",INDEX(Master!$A$2:$A$1001,$O12)) | E12: =IF($O12="","",INDEX(Master!$E$2:$E$1001,$O12)) | F12: =IF($O12="","",INDEX(Master!$F$2:$F$1001,$O12)) | G12: =IF($O12="","",INDEX(Master!$G$2:$G$1001,$O12)) | H12: =IF($O12="","",INDEX(Master!$H$2:$H$1001,$O12)) | I12: =IF($O12="","",INDEX(Master!$I$2:$I$1001,$O12)) | J12: =IF($O12="","",INDEX(Master!$J$2:$J$1001,$O12)) | K12: =IF(OR($O12="",$F12="",$F12=0),"",$H12/$F12) | L12: =IF($O12="","",INDEX(Master!$K$2:$K$1001,$O12)) | M12: =IF($O12="","",INDEX(Master!$L$2:$L$1001,$O12)) | O12: {=IFERROR(SMALL(IF(Master!$A$2:$A$1001="SHREE RADHE",ROW(Master!$A$2:$A$1001)-ROW(Master!$A$2)+1),8),"")} | P12: =IF($A12="",0,IF(OR(AND($E12<>"",OR($E12>0.15)),AND($F12<>"",OR($F12>0.045)),AND($G12<>"",OR($G12>0.08)),AND($H12<>"",$H12<0.5),AND($J12<>"",OR($J12<0.1))),1,0))
A13: =IF($O13="","",INDEX(Master!$D$2:$D$1001,$O13)) | B13: =IF($O13="","",INDEX(Master!$B$2:$B$1001,$O13)) | C13: =IF($O13="","",INDEX(Master!$C$2:$C$1001,$O13)) | D13: =IF($O13="","",INDEX(Master!$A$2:$A$1001,$O13)) | E13: =IF($O13="","",INDEX(Master!$E$2:$E$1001,$O13)) | F13: =IF($O13="","",INDEX(Master!$F$2:$F$1001,$O13)) | G13: =IF($O13="","",INDEX(Master!$G$2:$G$1001,$O13)) | H13: =IF($O13="","",INDEX(Master!$H$2:$H$1001,$O13)) | I13: =IF($O13="","",INDEX(Master!$I$2:$I$1001,$O13)) | J13: =IF($O13="","",INDEX(Master!$J$2:$J$1001,$O13)) | K13: =IF(OR($O13="",$F13="",$F13=0),"",$H13/$F13) | L13: =IF($O13="","",INDEX(Master!$K$2:$K$1001,$O13)) | M13: =IF($O13="","",INDEX(Master!$L$2:$L$1001,$O13)) | O13: {=IFERROR(SMALL(IF(Master!$A$2:$A$1001="SHREE RADHE",ROW(Master!$A$2:$A$1001)-ROW(Master!$A$2)+1),9),"")} | P13: =IF($A13="",0,IF(OR(AND($E13<>"",OR($E13>0.15)),AND($F13<>"",OR($F13>0.045)),AND($G13<>"",OR($G13>0.08)),AND($H13<>"",$H13<0.5),AND($J13<>"",OR($J13<0.1))),1,0))
A14: =IF($O14="","",INDEX(Master!$D$2:$D$1001,$O14)) | B14: =IF($O14="","",INDEX(Master!$B$2:$B$1001,$O14)) | C14: =IF($O14="","",INDEX(Master!$C$2:$C$1001,$O14)) | D14: =IF($O14="","",INDEX(Master!$A$2:$A$1001,$O14)) | E14: =IF($O14="","",INDEX(Master!$E$2:$E$1001,$O14)) | F14: =IF($O14="","",INDEX(Master!$F$2:$F$1001,$O14)) | G14: =IF($O14="","",INDEX(Master!$G$2:$G$1001,$O14)) | H14: =IF($O14="","",INDEX(Master!$H$2:$H$1001,$O14)) | I14: =IF($O14="","",INDEX(Master!$I$2:$I$1001,$O14)) | J14: =IF($O14="","",INDEX(Master!$J$2:$J$1001,$O14)) | K14: =IF(OR($O14="",$F14="",$F14=0),"",$H14/$F14) | L14: =IF($O14="","",INDEX(Master!$K$2:$K$1001,$O14)) | M14: =IF($O14="","",INDEX(Master!$L$2:$L$1001,$O14)) | O14: {=IFERROR(SMALL(IF(Master!$A$2:$A$1001="SHREE RADHE",ROW(Master!$A$2:$A$1001)-ROW(Master!$A$2)+1),10),"")} | P14: =IF($A14="",0,IF(OR(AND($E14<>"",OR($E14>0.15)),AND($F14<>"",OR($F14>0.045)),AND($G14<>"",OR($G14>0.08)),AND($H14<>"",$H14<0.5),AND($J14<>"",OR($J14<0.1))),1,0))
A15: =IF($O15="","",INDEX(Master!$D$2:$D$1001,$O15)) | B15: =IF($O15="","",INDEX(Master!$B$2:$B$1001,$O15)) | C15: =IF($O15="","",INDEX(Master!$C$2:$C$1001,$O15)) | D15: =IF($O15="","",INDEX(Master!$A$2:$A$1001,$O15)) | E15: =IF($O15="","",INDEX(Master!$E$2:$E$1001,$O15)) | F15: =IF($O15="","",INDEX(Master!$F$2:$F$1001,$O15)) | G15: =IF($O15="","",INDEX(Master!$G$2:$G$1001,$O15)) | H15: =IF($O15="","",INDEX(Master!$H$2:$H$1001,$O15)) | I15: =IF($O15="","",INDEX(Master!$I$2:$I$1001,$O15)) | J15: =IF($O15="","",INDEX(Master!$J$2:$J$1001,$O15)) | K15: =IF(OR($O15="",$F15="",$F15=0),"",$H15/$F15) | L15: =IF($O15="","",INDEX(Master!$K$2:$K$1001,$O15)) | M15: =IF($O15="","",INDEX(Master!$L$2:$L$1001,$O15)) | O15: {=IFERROR(SMALL(IF(Master!$A$2:$A$1001="SHREE RADHE",ROW(Master!$A$2:$A$1001)-ROW(Master!$A$2)+1),11),"")} | P15: =IF($A15="",0,IF(OR(AND($E15<>"",OR($E15>0.15)),AND($F15<>"",OR($F15>0.045)),AND($G15<>"",OR($G15>0.08)),AND($H15<>"",$H15<0.5),AND($J15<>"",OR($J15<0.1))),1,0))
A16: =IF($O16="","",INDEX(Master!$D$2:$D$1001,$O16)) | B16: =IF($O16="","",INDEX(Master!$B$2:$B$1001,$O16)) | C16: =IF($O16="","",INDEX(Master!$C$2:$C$1001,$O16)) | D16: =IF($O16="","",INDEX(Master!$A$2:$A$1001,$O16)) | E16: =IF($O16="","",INDEX(Master!$E$2:$E$1001,$O16)) | F16: =IF($O16="","",INDEX(Master!$F$2:$F$1001,$O16)) | G16: =IF($O16="","",INDEX(Master!$G$2:$G$1001,$O16)) | H16: =IF($O16="","",INDEX(Master!$H$2:$H$1001,$O16)) | I16: =IF($O16="","",INDEX(Master!$I$2:$I$1001,$O16)) | J16: =IF($O16="","",INDEX(Master!$J$2:$J$1001,$O16)) | K16: =IF(OR($O16="",$F16="",$F16=0),"",$H16/$F16) | L16: =IF($O16="","",INDEX(Master!$K$2:$K$1001,$O16)) | M16: =IF($O16="","",INDEX(Master!$L$2:$L$1001,$O16)) | O16: {=IFERROR(SMALL(IF(Master!$A$2:$A$1001="SHREE RADHE",ROW(Master!$A$2:$A$1001)-ROW(Master!$A$2)+1),12),"")} | P16: =IF($A16="",0,IF(OR(AND($E16<>"",OR($E16>0.15)),AND($F16<>"",OR($F16>0.045)),AND($G16<>"",OR($G16>0.08)),AND($H16<>"",$H16<0.5),AND($J16<>"",OR($J16<0.1))),1,0))
A17: =IF($O17="","",INDEX(Master!$D$2:$D$1001,$O17)) | B17: =IF($O17="","",INDEX(Master!$B$2:$B$1001,$O17)) | C17: =IF($O17="","",INDEX(Master!$C$2:$C$1001,$O17)) | D17: =IF($O17="","",INDEX(Master!$A$2:$A$1001,$O17)) | E17: =IF($O17="","",INDEX(Master!$E$2:$E$1001,$O17)) | F17: =IF($O17="","",INDEX(Master!$F$2:$F$1001,$O17)) | G17: =IF($O17="","",INDEX(Master!$G$2:$G$1001,$O17)) | H17: =IF($O17="","",INDEX(Master!$H$2:$H$1001,$O17)) | I17: =IF($O17="","",INDEX(Master!$I$2:$I$1001,$O17)) | J17: =IF($O17="","",INDEX(Master!$J$2:$J$1001,$O17)) | K17: =IF(OR($O17="",$F17="",$F17=0),"",$H17/$F17) | L17: =IF($O17="","",INDEX(Master!$K$2:$K$1001,$O17)) | M17: =IF($O17="","",INDEX(Master!$L$2:$L$1001,$O17)) | O17: {=IFERROR(SMALL(IF(Master!$A$2:$A$1001="SHREE RADHE",ROW(Master!$A$2:$A$1001)-ROW(Master!$A$2)+1),13),"")} | P17: =IF($A17="",0,IF(OR(AND($E17<>"",OR($E17>0.15)),AND($F17<>"",OR($F17>0.045)),AND($G17<>"",OR($G17>0.08)),AND($H17<>"",$H17<0.5),AND($J17<>"",OR($J17<0.1))),1,0))
A18: =IF($O18="","",INDEX(Master!$D$2:$D$1001,$O18)) | B18: =IF($O18="","",INDEX(Master!$B$2:$B$1001,$O18)) | C18: =IF($O18="","",INDEX(Master!$C$2:$C$1001,$O18)) | D18: =IF($O18="","",INDEX(Master!$A$2:$A$1001,$O18)) | E18: =IF($O18="","",INDEX(Master!$E$2:$E$1001,$O18)) | F18: =IF($O18="","",INDEX(Master!$F$2:$F$1001,$O18)) | G18: =IF($O18="","",INDEX(Master!$G$2:$G$1001,$O18)) | H18: =IF($O18="","",INDEX(Master!$H$2:$H$1001,$O18)) | I18: =IF($O18="","",INDEX(Master!$I$2:$I$1001,$O18)) | J18: =IF($O18="","",INDEX(Master!$J$2:$J$1001,$O18)) | K18: =IF(OR($O18="",$F18="",$F18=0),"",$H18/$F18) | L18: =IF($O18="","",INDEX(Master!$K$2:$K$1001,$O18)) | M18: =IF($O18="","",INDEX(Master!$L$2:$L$1001,$O18)) | O18: {=IFERROR(SMALL(IF(Master!$A$2:$A$1001="SHREE RADHE",ROW(Master!$A$2:$A$1001)-ROW(Master!$A$2)+1),14),"")} | P18: =IF($A18="",0,IF(OR(AND($E18<>"",OR($E18>0.15)),AND($F18<>"",OR($F18>0.045)),AND($G18<>"",OR($G18>0.08)),AND($H18<>"",$H18<0.5),AND($J18<>"",OR($J18<0.1))),1,0))
A19: =IF($O19="","",INDEX(Master!$D$2:$D$1001,$O19)) | B19: =IF($O19="","",INDEX(Master!$B$2:$B$1001,$O19)) | C19: =IF($O19="","",INDEX(Master!$C$2:$C$1001,$O19)) | D19: =IF($O19="","",INDEX(Master!$A$2:$A$1001,$O19)) | E19: =IF($O19="","",INDEX(Master!$E$2:$E$1001,$O19)) | F19: =IF($O19="","",INDEX(Master!$F$2:$F$1001,$O19)) | G19: =IF($O19="","",INDEX(Master!$G$2:$G$1001,$O19)) | H19: =IF($O19="","",INDEX(Master!$H$2:$H$1001,$O19)) | I19: =IF($O19="","",INDEX(Master!$I$2:$I$1001,$O19)) | J19: =IF($O19="","",INDEX(Master!$J$2:$J$1001,$O19)) | K19: =IF(OR($O19="",$F19="",$F19=0),"",$H19/$F19) | L19: =IF($O19="","",INDEX(Master!$K$2:$K$1001,$O19)) | M19: =IF($O19="","",INDEX(Master!$L$2:$L$1001,$O19)) | O19: {=IFERROR(SMALL(IF(Master!$A$2:$A$1001="SHREE RADHE",ROW(Master!$A$2:$A$1001)-ROW(Master!$A$2)+1),15),"")} | P19: =IF($A19="",0,IF(OR(AND($E19<>"",OR($E19>0.15)),AND($F19<>"",OR($F19>0.045)),AND($G19<>"",OR($G19>0.08)),AND($H19<>"",$H19<0.5),AND($J19<>"",OR($J19<0.1))),1,0))
A20: =IF($O20="","",INDEX(Master!$D$2:$D$1001,$O20)) | B20: =IF($O20="","",INDEX(Master!$B$2:$B$1001,$O20)) | C20: =IF($O20="","",INDEX(Master!$C$2:$C$1001,$O20)) | D20: =IF($O20="","",INDEX(Master!$A$2:$A$1001,$O20)) | E20: =IF($O20="","",INDEX(Master!$E$2:$E$1001,$O20)) | F20: =IF($O20="","",INDEX(Master!$F$2:$F$1001,$O20)) | G20: =IF($O20="","",INDEX(Master!$G$2:$G$1001,$O20)) | H20: =IF($O20="","",INDEX(Master!$H$2:$H$1001,$O20)) | I20: =IF($O20="","",INDEX(Master!$I$2:$I$1001,$O20)) | J20: =IF($O20="","",INDEX(Master!$J$2:$J$1001,$O20)) | K20: =IF(OR($O20="",$F20="",$F20=0),"",$H20/$F20) | L20: =IF($O20="","",INDEX(Master!$K$2:$K$1001,$O20)) | M20: =IF($O20="","",INDEX(Master!$L$2:$L$1001,$O20)) | O20: {=IFERROR(SMALL(IF(Master!$A$2:$A$1001="SHREE RADHE",ROW(Master!$A$2:$A$1001)-ROW(Master!$A$2)+1),16),"")} | P20: =IF($A20="",0,IF(OR(AND($E20<>"",OR($E20>0.15)),AND($F20<>"",OR($F20>0.045)),AND($G20<>"",OR($G20>0.08)),AND($H20<>"",$H20<0.5),AND($J20<>"",OR($J20<0.1))),1,0))
A21: =IF($O21="","",INDEX(Master!$D$2:$D$1001,$O21)) | B21: =IF($O21="","",INDEX(Master!$B$2:$B$1001,$O21)) | C21: =IF($O21="","",INDEX(Master!$C$2:$C$1001,$O21)) | D21: =IF($O21="","",INDEX(Master!$A$2:$A$1001,$O21)) | E21: =IF($O21="","",INDEX(Master!$E$2:$E$1001,$O21)) | F21: =IF($O21="","",INDEX(Master!$F$2:$F$1001,$O21)) | G21: =IF($O21="","",INDEX(Master!$G$2:$G$1001,$O21)) | H21: =IF($O21="","",INDEX(Master!$H$2:$H$1001,$O21)) | I21: =IF($O21="","",INDEX(Master!$I$2:$I$1001,$O21)) | J21: =IF($O21="","",INDEX(Master!$J$2:$J$1001,$O21)) | K21: =IF(OR($O21="",$F21="",$F21=0),"",$H21/$F21) | L21: =IF($O21="","",INDEX(Master!$K$2:$K$1001,$O21)) | M21: =IF($O21="","",INDEX(Master!$L$2:$L$1001,$O21)) | O21: {=IFERROR(SMALL(IF(Master!$A$2:$A$1001="SHREE RADHE",ROW(Master!$A$2:$A$1001)-ROW(Master!$A$2)+1),17),"")} | P21: =IF($A21="",0,IF(OR(AND($E21<>"",OR($E21>0.15)),AND($F21<>"",OR($F21>0.045)),AND($G21<>"",OR($G21>0.08)),AND($H21<>"",$H21<0.5),AND($J21<>"",OR($J21<0.1))),1,0))
A22: =IF($O22="","",INDEX(Master!$D$2:$D$1001,$O22)) | B22: =IF($O22="","",INDEX(Master!$B$2:$B$1001,$O22)) | C22: =IF($O22="","",INDEX(Master!$C$2:$C$1001,$O22)) | D22: =IF($O22="","",INDEX(Master!$A$2:$A$1001,$O22)) | E22: =IF($O22="","",INDEX(Master!$E$2:$E$1001,$O22)) | F22: =IF($O22="","",INDEX(Master!$F$2:$F$1001,$O22)) | G22: =IF($O22="","",INDEX(Master!$G$2:$G$1001,$O22)) | H22: =IF($O22="","",INDEX(Master!$H$2:$H$1001,$O22)) | I22: =IF($O22="","",INDEX(Master!$I$2:$I$1001,$O22)) | J22: =IF($O22="","",INDEX(Master!$J$2:$J$1001,$O22)) | K22: =IF(OR($O22="",$F22="",$F22=0),"",$H22/$F22) | L22: =IF($O22="","",INDEX(Master!$K$2:$K$1001,$O22)) | M22: =IF($O22="","",INDEX(Master!$L$2:$L$1001,$O22)) | O22: {=IFERROR(SMALL(IF(Master!$A$2:$A$1001="SHREE RADHE",ROW(Master!$A$2:$A$1001)-ROW(Master!$A$2)+1),18),"")} | P22: =IF($A22="",0,IF(OR(AND($E22<>"",OR($E22>0.15)),AND($F22<>"",OR($F22>0.045)),AND($G22<>"",OR($G22>0.08)),AND($H22<>"",$H22<0.5),AND($J22<>"",OR($J22<0.1))),1,0))
A23: =IF($O23="","",INDEX(Master!$D$2:$D$1001,$O23)) | B23: =IF($O23="","",INDEX(Master!$B$2:$B$1001,$O23)) | C23: =IF($O23="","",INDEX(Master!$C$2:$C$1001,$O23)) | D23: =IF($O23="","",INDEX(Master!$A$2:$A$1001,$O23)) | E23: =IF($O23="","",INDEX(Master!$E$2:$E$1001,$O23)) | F23: =IF($O23="","",INDEX(Master!$F$2:$F$1001,$O23)) | G23: =IF($O23="","",INDEX(Master!$G$2:$G$1001,$O23)) | H23: =IF($O23="","",INDEX(Master!$H$2:$H$1001,$O23)) | I23: =IF($O23="","",INDEX(Master!$I$2:$I$1001,$O23)) | J23: =IF($O23="","",INDEX(Master!$J$2:$J$1001,$O23)) | K23: =IF(OR($O23="",$F23="",$F23=0),"",$H23/$F23) | L23: =IF($O23="","",INDEX(Master!$K$2:$K$1001,$O23)) | M23: =IF($O23="","",INDEX(Master!$L$2:$L$1001,$O23)) | O23: {=IFERROR(SMALL(IF(Master!$A$2:$A$1001="SHREE RADHE",ROW(Master!$A$2:$A$1001)-ROW(Master!$A$2)+1),19),"")} | P23: =IF($A23="",0,IF(OR(AND($E23<>"",OR($E23>0.15)),AND($F23<>"",OR($F23>0.045)),AND($G23<>"",OR($G23>0.08)),AND($H23<>"",$H23<0.5),AND($J23<>"",OR($J23<0.1))),1,0))
A24: =IF($O24="","",INDEX(Master!$D$2:$D$1001,$O24)) | B24: =IF($O24="","",INDEX(Master!$B$2:$B$1001,$O24)) | C24: =IF($O24="","",INDEX(Master!$C$2:$C$1001,$O24)) | D24: =IF($O24="","",INDEX(Master!$A$2:$A$1001,$O24)) | E24: =IF($O24="","",INDEX(Master!$E$2:$E$1001,$O24)) | F24: =IF($O24="","",INDEX(Master!$F$2:$F$1001,$O24)) | G24: =IF($O24="","",INDEX(Master!$G$2:$G$1001,$O24)) | H24: =IF($O24="","",INDEX(Master!$H$2:$H$1001,$O24)) | I24: =IF($O24="","",INDEX(Master!$I$2:$I$1001,$O24)) | J24: =IF($O24="","",INDEX(Master!$J$2:$J$1001,$O24)) | K24: =IF(OR($O24="",$F24="",$F24=0),"",$H24/$F24) | L24: =IF($O24="","",INDEX(Master!$K$2:$K$1001,$O24)) | M24: =IF($O24="","",INDEX(Master!$L$2:$L$1001,$O24)) | O24: {=IFERROR(SMALL(IF(Master!$A$2:$A$1001="SHREE RADHE",ROW(Master!$A$2:$A$1001)-ROW(Master!$A$2)+1),20),"")} | P24: =IF($A24="",0,IF(OR(AND($E24<>"",OR($E24>0.15)),AND($F24<>"",OR($F24>0.045)),AND($G24<>"",OR($G24>0.08)),AND($H24<>"",$H24<0.5),AND($J24<>"",OR($J24<0.1))),1,0))
A25: =IF($O25="","",INDEX(Master!$D$2:$D$1001,$O25)) | B25: =IF($O25="","",INDEX(Master!$B$2:$B$1001,$O25)) | C25: =IF($O25="","",INDEX(Master!$C$2:$C$1001,$O25)) | D25: =IF($O25="","",INDEX(Master!$A$2:$A$1001,$O25)) | E25: =IF($O25="","",INDEX(Master!$E$2:$E$1001,$O25)) | F25: =IF($O25="","",INDEX(Master!$F$2:$F$1001,$O25)) | G25: =IF($O25="","",INDEX(Master!$G$2:$G$1001,$O25)) | H25: =IF($O25="","",INDEX(Master!$H$2:$H$1001,$O25)) | I25: =IF($O25="","",INDEX(Master!$I$2:$I$1001,$O25)) | J25: =IF($O25="","",INDEX(Master!$J$2:$J$1001,$O25)) | K25: =IF(OR($O25="",$F25="",$F25=0),"",$H25/$F25) | L25: =IF($O25="","",INDEX(Master!$K$2:$K$1001,$O25)) | M25: =IF($O25="","",INDEX(Master!$L$2:$L$1001,$O25)) | O25: {=IFERROR(SMALL(IF(Master!$A$2:$A$1001="SHREE RADHE",ROW(Master!$A$2:$A$1001)-ROW(Master!$A$2)+1),21),"")} | P25: =IF($A25="",0,IF(OR(AND($E25<>"",OR($E25>0.15)),AND($F25<>"",OR($F25>0.045)),AND($G25<>"",OR($G25>0.08)),AND($H25<>"",$H25<0.5),AND($J25<>"",OR($J25<0.1))),1,0))
A26: =IF($O26="","",INDEX(Master!$D$2:$D$1001,$O26)) | B26: =IF($O26="","",INDEX(Master!$B$2:$B$1001,$O26)) | C26: =IF($O26="","",INDEX(Master!$C$2:$C$1001,$O26)) | D26: =IF($O26="","",INDEX(Master!$A$2:$A$1001,$O26)) | E26: =IF($O26="","",INDEX(Master!$E$2:$E$1001,$O26)) | F26: =IF($O26="","",INDEX(Master!$F$2:$F$1001,$O26)) | G26: =IF($O26="","",INDEX(Master!$G$2:$G$1001,$O26)) | H26: =IF($O26="","",INDEX(Master!$H$2:$H$1001,$O26)) | I26: =IF($O26="","",INDEX(Master!$I$2:$I$1001,$O26)) | J26: =IF($O26="","",INDEX(Master!$J$2:$J$1001,$O26)) | K26: =IF(OR($O26="",$F26="",$F26=0),"",$H26/$F26) | L26: =IF($O26="","",INDEX(Master!$K$2:$K$1001,$O26)) | M26: =IF($O26="","",INDEX(Master!$L$2:$L$1001,$O26)) | O26: {=IFERROR(SMALL(IF(Master!$A$2:$A$1001="SHREE RADHE",ROW(Master!$A$2:$A$1001)-ROW(Master!$A$2)+1),22),"")} | P26: =IF($A26="",0,IF(OR(AND($E26<>"",OR($E26>0.15)),AND($F26<>"",OR($F26>0.045)),AND($G26<>"",OR($G26>0.08)),AND($H26<>"",$H26<0.5),AND($J26<>"",OR($J26<0.1))),1,0))
A27: =IF($O27="","",INDEX(Master!$D$2:$D$1001,$O27)) | B27: =IF($O27="","",INDEX(Master!$B$2:$B$1001,$O27)) | C27: =IF($O27="","",INDEX(Master!$C$2:$C$1001,$O27)) | D27: =IF($O27="","",INDEX(Master!$A$2:$A$1001,$O27)) | E27: =IF($O27="","",INDEX(Master!$E$2:$E$1001,$O27)) | F27: =IF($O27="","",INDEX(Master!$F$2:$F$1001,$O27)) | G27: =IF($O27="","",INDEX(Master!$G$2:$G$1001,$O27)) | H27: =IF($O27="","",INDEX(Master!$H$2:$H$1001,$O27)) | I27: =IF($O27="","",INDEX(Master!$I$2:$I$1001,$O27)) | J27: =IF($O27="","",INDEX(Master!$J$2:$J$1001,$O27)) | K27: =IF(OR($O27="",$F27="",$F27=0),"",$H27/$F27) | L27: =IF($O27="","",INDEX(Master!$K$2:$K$1001,$O27)) | M27: =IF($O27="","",INDEX(Master!$L$2:$L$1001,$O27)) | O27: {=IFERROR(SMALL(IF(Master!$A$2:$A$1001="SHREE RADHE",ROW(Master!$A$2:$A$1001)-ROW(Master!$A$2)+1),23),"")} | P27: =IF($A27="",0,IF(OR(AND($E27<>"",OR($E27>0.15)),AND($F27<>"",OR($F27>0.045)),AND($G27<>"",OR($G27>0.08)),AND($H27<>"",$H27<0.5),AND($J27<>"",OR($J27<0.1))),1,0))
A28: =IF($O28="","",INDEX(Master!$D$2:$D$1001,$O28)) | B28: =IF($O28="","",INDEX(Master!$B$2:$B$1001,$O28)) | C28: =IF($O28="","",INDEX(Master!$C$2:$C$1001,$O28)) | D28: =IF($O28="","",INDEX(Master!$A$2:$A$1001,$O28)) | E28: =IF($O28="","",INDEX(Master!$E$2:$E$1001,$O28)) | F28: =IF($O28="","",INDEX(Master!$F$2:$F$1001,$O28)) | G28: =IF($O28="","",INDEX(Master!$G$2:$G$1001,$O28)) | H28: =IF($O28="","",INDEX(Master!$H$2:$H$1001,$O28)) | I28: =IF($O28="","",INDEX(Master!$I$2:$I$1001,$O28)) | J28: =IF($O28="","",INDEX(Master!$J$2:$J$1001,$O28)) | K28: =IF(OR($O28="",$F28="",$F28=0),"",$H28/$F28) | L28: =IF($O28="","",INDEX(Master!$K$2:$K$1001,$O28)) | M28: =IF($O28="","",INDEX(Master!$L$2:$L$1001,$O28)) | O28: {=IFERROR(SMALL(IF(Master!$A$2:$A$1001="SHREE RADHE",ROW(Master!$A$2:$A$1001)-ROW(Master!$A$2)+1),24),"")} | P28: =IF($A28="",0,IF(OR(AND($E28<>"",OR($E28>0.15)),AND($F28<>"",OR($F28>0.045)),AND($G28<>"",OR($G28>0.08)),AND($H28<>"",$H28<0.5),AND($J28<>"",OR($J28<0.1))),1,0))
A29: =IF($O29="","",INDEX(Master!$D$2:$D$1001,$O29)) | B29: =IF($O29="","",INDEX(Master!$B$2:$B$1001,$O29)) | C29: =IF($O29="","",INDEX(Master!$C$2:$C$1001,$O29)) | D29: =IF($O29="","",INDEX(Master!$A$2:$A$1001,$O29)) | E29: =IF($O29="","",INDEX(Master!$E$2:$E$1001,$O29)) | F29: =IF($O29="","",INDEX(Master!$F$2:$F$1001,$O29)) | G29: =IF($O29="","",INDEX(Master!$G$2:$G$1001,$O29)) | H29: =IF($O29="","",INDEX(Master!$H$2:$H$1001,$O29)) | I29: =IF($O29="","",INDEX(Master!$I$2:$I$1001,$O29)) | J29: =IF($O29="","",INDEX(Master!$J$2:$J$1001,$O29)) | K29: =IF(OR($O29="",$F29="",$F29=0),"",$H29/$F29) | L29: =IF($O29="","",INDEX(Master!$K$2:$K$1001,$O29)) | M29: =IF($O29="","",INDEX(Master!$L$2:$L$1001,$O29)) | O29: {=IFERROR(SMALL(IF(Master!$A$2:$A$1001="SHREE RADHE",ROW(Master!$A$2:$A$1001)-ROW(Master!$A$2)+1),25),"")} | P29: =IF($A29="",0,IF(OR(AND($E29<>"",OR($E29>0.15)),AND($F29<>"",OR($F29>0.045)),AND($G29<>"",OR($G29>0.08)),AND($H29<>"",$H29<0.5),AND($J29<>"",OR($J29<0.1))),1,0))
A30: =IF($O30="","",INDEX(Master!$D$2:$D$1001,$O30)) | B30: =IF($O30="","",INDEX(Master!$B$2:$B$1001,$O30)) | C30: =IF($O30="","",INDEX(Master!$C$2:$C$1001,$O30)) | D30: =IF($O30="","",INDEX(Master!$A$2:$A$1001,$O30)) | E30: =IF($O30="","",INDEX(Master!$E$2:$E$1001,$O30)) | F30: =IF($O30="","",INDEX(Master!$F$2:$F$1001,$O30)) | G30: =IF($O30="","",INDEX(Master!$G$2:$G$1001,$O30)) | H30: =IF($O30="","",INDEX(Master!$H$2:$H$1001,$O30)) | I30: =IF($O30="","",INDEX(Master!$I$2:$I$1001,$O30)) | J30: =IF($O30="","",INDEX(Master!$J$2:$J$1001,$O30)) | K30: =IF(OR($O30="",$F30="",$F30=0),"",$H30/$F30) | L30: =IF($O30="","",INDEX(Master!$K$2:$K$1001,$O30)) | M30: =IF($O30="","",INDEX(Master!$L$2:$L$1001,$O30)) | O30: {=IFERROR(SMALL(IF(Master!$A$2:$A$1001="SHREE RADHE",ROW(Master!$A$2:$A$1001)-ROW(Master!$A$2)+1),26),"")} | P30: =IF($A30="",0,IF(OR(AND($E30<>"",OR($E30>0.15)),AND($F30<>"",OR($F30>0.045)),AND($G30<>"",OR($G30>0.08)),AND($H30<>"",$H30<0.5),AND($J30<>"",OR($J30<0.1))),1,0))
A31: =IF($O31="","",INDEX(Master!$D$2:$D$1001,$O31)) | B31: =IF($O31="","",INDEX(Master!$B$2:$B$1001,$O31)) | C31: =IF($O31="","",INDEX(Master!$C$2:$C$1001,$O31)) | D31: =IF($O31="","",INDEX(Master!$A$2:$A$1001,$O31)) | E31: =IF($O31="","",INDEX(Master!$E$2:$E$1001,$O31)) | F31: =IF($O31="","",INDEX(Master!$F$2:$F$1001,$O31)) | G31: =IF($O31="","",INDEX(Master!$G$2:$G$1001,$O31)) | H31: =IF($O31="","",INDEX(Master!$H$2:$H$1001,$O31)) | I31: =IF($O31="","",INDEX(Master!$I$2:$I$1001,$O31)) | J31: =IF($O31="","",INDEX(Master!$J$2:$J$1001,$O31)) | K31: =IF(OR($O31="",$F31="",$F31=0),"",$H31/$F31) | L31: =IF($O31="","",INDEX(Master!$K$2:$K$1001,$O31)) | M31: =IF($O31="","",INDEX(Master!$L$2:$L$1001,$O31)) | O31: {=IFERROR(SMALL(IF(Master!$A$2:$A$1001="SHREE RADHE",ROW(Master!$A$2:$A$1001)-ROW(Master!$A$2)+1),27),"")} | P31: =IF($A31="",0,IF(OR(AND($E31<>"",OR($E31>0.15)),AND($F31<>"",OR($F31>0.045)),AND($G31<>"",OR($G31>0.08)),AND($H31<>"",$H31<0.5),AND($J31<>"",OR($J31<0.1))),1,0))
A32: =IF($O32="","",INDEX(Master!$D$2:$D$1001,$O32)) | B32: =IF($O32="","",INDEX(Master!$B$2:$B$1001,$O32)) | C32: =IF($O32="","",INDEX(Master!$C$2:$C$1001,$O32)) | D32: =IF($O32="","",INDEX(Master!$A$2:$A$1001,$O32)) | E32: =IF($O32="","",INDEX(Master!$E$2:$E$1001,$O32)) | F32: =IF($O32="","",INDEX(Master!$F$2:$F$1001,$O32)) | G32: =IF($O32="","",INDEX(Master!$G$2:$G$1001,$O32)) | H32: =IF($O32="","",INDEX(Master!$H$2:$H$1001,$O32)) | I32: =IF($O32="","",INDEX(Master!$I$2:$I$1001,$O32)) | J32: =IF($O32="","",INDEX(Master!$J$2:$J$1001,$O32)) | K32: =IF(OR($O32="",$F32="",$F32=0),"",$H32/$F32) | L32: =IF($O32="","",INDEX(Master!$K$2:$K$1001,$O32)) | M32: =IF($O32="","",INDEX(Master!$L$2:$L$1001,$O32)) | O32: {=IFERROR(SMALL(IF(Master!$A$2:$A$1001="SHREE RADHE",ROW(Master!$A$2:$A$1001)-ROW(Master!$A$2)+1),28),"")} | P32: =IF($A32="",0,IF(OR(AND($E32<>"",OR($E32>0.15)),AND($F32<>"",OR($F32>0.045)),AND($G32<>"",OR($G32>0.08)),AND($H32<>"",$H32<0.5),AND($J32<>"",OR($J32<0.1))),1,0))
A33: =IF($O33="","",INDEX(Master!$D$2:$D$1001,$O33)) | B33: =IF($O33="","",INDEX(Master!$B$2:$B$1001,$O33)) | C33: =IF($O33="","",INDEX(Master!$C$2:$C$1001,$O33)) | D33: =IF($O33="","",INDEX(Master!$A$2:$A$1001,$O33)) | E33: =IF($O33="","",INDEX(Master!$E$2:$E$1001,$O33)) | F33: =IF($O33="","",INDEX(Master!$F$2:$F$1001,$O33)) | G33: =IF($O33="","",INDEX(Master!$G$2:$G$1001,$O33)) | H33: =IF($O33="","",INDEX(Master!$H$2:$H$1001,$O33)) | I33: =IF($O33="","",INDEX(Master!$I$2:$I$1001,$O33)) | J33: =IF($O33="","",INDEX(Master!$J$2:$J$1001,$O33)) | K33: =IF(OR($O33="",$F33="",$F33=0),"",$H33/$F33) | L33: =IF($O33="","",INDEX(Master!$K$2:$K$1001,$O33)) | M33: =IF($O33="","",INDEX(Master!$L$2:$L$1001,$O33)) | O33: {=IFERROR(SMALL(IF(Master!$A$2:$A$1001="SHREE RADHE",ROW(Master!$A$2:$A$1001)-ROW(Master!$A$2)+1),29),"")} | P33: =IF($A33="",0,IF(OR(AND($E33<>"",OR($E33>0.15)),AND($F33<>"",OR($F33>0.045)),AND($G33<>"",OR($G33>0.08)),AND($H33<>"",$H33<0.5),AND($J33<>"",OR($J33<0.1))),1,0))
A34: =IF($O34="","",INDEX(Master!$D$2:$D$1001,$O34)) | B34: =IF($O34="","",INDEX(Master!$B$2:$B$1001,$O34)) | C34: =IF($O34="","",INDEX(Master!$C$2:$C$1001,$O34)) | D34: =IF($O34="","",INDEX(Master!$A$2:$A$1001,$O34)) | E34: =IF($O34="","",INDEX(Master!$E$2:$E$1001,$O34)) | F34: =IF($O34="","",INDEX(Master!$F$2:$F$1001,$O34)) | G34: =IF($O34="","",INDEX(Master!$G$2:$G$1001,$O34)) | H34: =IF($O34="","",INDEX(Master!$H$2:$H$1001,$O34)) | I34: =IF($O34="","",INDEX(Master!$I$2:$I$1001,$O34)) | J34: =IF($O34="","",INDEX(Master!$J$2:$J$1001,$O34)) | K34: =IF(OR($O34="",$F34="",$F34=0),"",$H34/$F34) | L34: =IF($O34="","",INDEX(Master!$K$2:$K$1001,$O34)) | M34: =IF($O34="","",INDEX(Master!$L$2:$L$1001,$O34)) | O34: {=IFERROR(SMALL(IF(Master!$A$2:$A$1001="SHREE RADHE",ROW(Master!$A$2:$A$1001)-ROW(Master!$A$2)+1),30),"")} | P34: =IF($A34="",0,IF(OR(AND($E34<>"",OR($E34>0.15)),AND($F34<>"",OR($F34>0.045)),AND($G34<>"",OR($G34>0.08)),AND($H34<>"",$H34<0.5),AND($J34<>"",OR($J34<0.1))),1,0))
A35: =IF($O35="","",INDEX(Master!$D$2:$D$1001,$O35)) | B35: =IF($O35="","",INDEX(Master!$B$2:$B$1001,$O35)) | C35: =IF($O35="","",INDEX(Master!$C$2:$C$1001,$O35)) | D35: =IF($O35="","",INDEX(Master!$A$2:$A$1001,$O35)) | E35: =IF($O35="","",INDEX(Master!$E$2:$E$1001,$O35)) | F35: =IF($O35="","",INDEX(Master!$F$2:$F$1001,$O35)) | G35: =IF($O35="","",INDEX(Master!$G$2:$G$1001,$O35)) | H35: =IF($O35="","",INDEX(Master!$H$2:$H$1001,$O35)) | I35: =IF($O35="","",INDEX(Master!$I$2:$I$1001,$O35)) | J35: =IF($O35="","",INDEX(Master!$J$2:$J$1001,$O35)) | K35: =IF(OR($O35="",$F35="",$F35=0),"",$H35/$F35) | L35: =IF($O35="","",INDEX(Master!$K$2:$K$1001,$O35)) | M35: =IF($O35="","",INDEX(Master!$L$2:$L$1001,$O35)) | O35: {=IFERROR(SMALL(IF(Master!$A$2:$A$1001="SHREE RADHE",ROW(Master!$A$2:$A$1001)-ROW(Master!$A$2)+1),31),"")} | P35: =IF($A35="",0,IF(OR(AND($E35<>"",OR($E35>0.15)),AND($F35<>"",OR($F35>0.045)),AND($G35<>"",OR($G35>0.08)),AND($H35<>"",$H35<0.5),AND($J35<>"",OR($J35<0.1))),1,0))
A36: =IF($O36="","",INDEX(Master!$D$2:$D$1001,$O36)) | B36: =IF($O36="","",INDEX(Master!$B$2:$B$1001,$O36)) | C36: =IF($O36="","",INDEX(Master!$C$2:$C$1001,$O36)) | D36: =IF($O36="","",INDEX(Master!$A$2:$A$1001,$O36)) | E36: =IF($O36="","",INDEX(Master!$E$2:$E$1001,$O36)) | F36: =IF($O36="","",INDEX(Master!$F$2:$F$1001,$O36)) | G36: =IF($O36="","",INDEX(Master!$G$2:$G$1001,$O36)) | H36: =IF($O36="","",INDEX(Master!$H$2:$H$1001,$O36)) | I36: =IF($O36="","",INDEX(Master!$I$2:$I$1001,$O36)) | J36: =IF($O36="","",INDEX(Master!$J$2:$J$1001,$O36)) | K36: =IF(OR($O36="",$F36="",$F36=0),"",$H36/$F36) | L36: =IF($O36="","",INDEX(Master!$K$2:$K$1001,$O36)) | M36: =IF($O36="","",INDEX(Master!$L$2:$L$1001,$O36)) | O36: {=IFERROR(SMALL(IF(Master!$A$2:$A$1001="SHREE RADHE",ROW(Master!$A$2:$A$1001)-ROW(Master!$A$2)+1),32),"")} | P36: =IF($A36="",0,IF(OR(AND($E36<>"",OR($E36>0.15)),AND($F36<>"",OR($F36>0.045)),AND($G36<>"",OR($G36>0.08)),AND($H36<>"",$H36<0.5),AND($J36<>"",OR($J36<0.1))),1,0))
A37: =IF($O37="","",INDEX(Master!$D$2:$D$1001,$O37)) | B37: =IF($O37="","",INDEX(Master!$B$2:$B$1001,$O37)) | C37: =IF($O37="","",INDEX(Master!$C$2:$C$1001,$O37)) | D37: =IF($O37="","",INDEX(Master!$A$2:$A$1001,$O37)) | E37: =IF($O37="","",INDEX(Master!$E$2:$E$1001,$O37)) | F37: =IF($O37="","",INDEX(Master!$F$2:$F$1001,$O37)) | G37: =IF($O37="","",INDEX(Master!$G$2:$G$1001,$O37)) | H37: =IF($O37="","",INDEX(Master!$H$2:$H$1001,$O37)) | I37: =IF($O37="","",INDEX(Master!$I$2:$I$1001,$O37)) | J37: =IF($O37="","",INDEX(Master!$J$2:$J$1001,$O37)) | K37: =IF(OR($O37="",$F37="",$F37=0),"",$H37/$F37) | L37: =IF($O37="","",INDEX(Master!$K$2:$K$1001,$O37)) | M37: =IF($O37="","",INDEX(Master!$L$2:$L$1001,$O37)) | O37: {=IFERROR(SMALL(IF(Master!$A$2:$A$1001="SHREE RADHE",ROW(Master!$A$2:$A$1001)-ROW(Master!$A$2)+1),33),"")} | P37: =IF($A37="",0,IF(OR(AND($E37<>"",OR($E37>0.15)),AND($F37<>"",OR($F37>0.045)),AND($G37<>"",OR($G37>0.08)),AND($H37<>"",$H37<0.5),AND($J37<>"",OR($J37<0.1))),1,0))
A38: =IF($O38="","",INDEX(Master!$D$2:$D$1001,$O38)) | B38: =IF($O38="","",INDEX(Master!$B$2:$B$1001,$O38)) | C38: =IF($O38="","",INDEX(Master!$C$2:$C$1001,$O38)) | D38: =IF($O38="","",INDEX(Master!$A$2:$A$1001,$O38)) | E38: =IF($O38="","",INDEX(Master!$E$2:$E$1001,$O38)) | F38: =IF($O38="","",INDEX(Master!$F$2:$F$1001,$O38)) | G38: =IF($O38="","",INDEX(Master!$G$2:$G$1001,$O38)) | H38: =IF($O38="","",INDEX(Master!$H$2:$H$1001,$O38)) | I38: =IF($O38="","",INDEX(Master!$I$2:$I$1001,$O38)) | J38: =IF($O38="","",INDEX(Master!$J$2:$J$1001,$O38)) | K38: =IF(OR($O38="",$F38="",$F38=0),"",$H38/$F38) | L38: =IF($O38="","",INDEX(Master!$K$2:$K$1001,$O38)) | M38: =IF($O38="","",INDEX(Master!$L$2:$L$1001,$O38)) | O38: {=IFERROR(SMALL(IF(Master!$A$2:$A$1001="SHREE RADHE",ROW(Master!$A$2:$A$1001)-ROW(Master!$A$2)+1),34),"")} | P38: =IF($A38="",0,IF(OR(AND($E38<>"",OR($E38>0.15)),AND($F38<>"",OR($F38>0.045)),AND($G38<>"",OR($G38>0.08)),AND($H38<>"",$H38<0.5),AND($J38<>"",OR($J38<0.1))),1,0))
A39: =IF($O39="","",INDEX(Master!$D$2:$D$1001,$O39)) | B39: =IF($O39="","",INDEX(Master!$B$2:$B$1001,$O39)) | C39: =IF($O39="","",INDEX(Master!$C$2:$C$1001,$O39)) | D39: =IF($O39="","",INDEX(Master!$A$2:$A$1001,$O39)) | E39: =IF($O39="","",INDEX(Master!$E$2:$E$1001,$O39)) | F39: =IF($O39="","",INDEX(Master!$F$2:$F$1001,$O39)) | G39: =IF($O39="","",INDEX(Master!$G$2:$G$1001,$O39)) | H39: =IF($O39="","",INDEX(Master!$H$2:$H$1001,$O39)) | I39: =IF($O39="","",INDEX(Master!$I$2:$I$1001,$O39)) | J39: =IF($O39="","",INDEX(Master!$J$2:$J$1001,$O39)) | K39: =IF(OR($O39="",$F39="",$F39=0),"",$H39/$F39) | L39: =IF($O39="","",INDEX(Master!$K$2:$K$1001,$O39)) | M39: =IF($O39="","",INDEX(Master!$L$2:$L$1001,$O39)) | O39: {=IFERROR(SMALL(IF(Master!$A$2:$A$1001="SHREE RADHE",ROW(Master!$A$2:$A$1001)-ROW(Master!$A$2)+1),35),"")} | P39: =IF($A39="",0,IF(OR(AND($E39<>"",OR($E39>0.15)),AND($F39<>"",OR($F39>0.045)),AND($G39<>"",OR($G39>0.08)),AND($H39<>"",$H39<0.5),AND($J39<>"",OR($J39<0.1))),1,0))
A40: =IF($O40="","",INDEX(Master!$D$2:$D$1001,$O40)) | B40: =IF($O40="","",INDEX(Master!$B$2:$B$1001,$O40)) | C40: =IF($O40="","",INDEX(Master!$C$2:$C$1001,$O40)) | D40: =IF($O40="","",INDEX(Master!$A$2:$A$1001,$O40)) | E40: =IF($O40="","",INDEX(Master!$E$2:$E$1001,$O40)) | F40: =IF($O40="","",INDEX(Master!$F$2:$F$1001,$O40)) | G40: =IF($O40="","",INDEX(Master!$G$2:$G$1001,$O40)) | H40: =IF($O40="","",INDEX(Master!$H$2:$H$1001,$O40)) | I40: =IF($O40="","",INDEX(Master!$I$2:$I$1001,$O40)) | J40: =IF($O40="","",INDEX(Master!$J$2:$J$1001,$O40)) | K40: =IF(OR($O40="",$F40="",$F40=0),"",$H40/$F40) | L40: =IF($O40="","",INDEX(Master!$K$2:$K$1001,$O40)) | M40: =IF($O40="","",INDEX(Master!$L$2:$L$1001,$O40)) | O40: {=IFERROR(SMALL(IF(Master!$A$2:$A$1001="SHREE RADHE",ROW(Master!$A$2:$A$1001)-ROW(Master!$A$2)+1),36),"")} | P40: =IF($A40="",0,IF(OR(AND($E40<>"",OR($E40>0.15)),AND($F40<>"",OR($F40>0.045)),AND($G40<>"",OR($G40>0.08)),AND($H40<>"",$H40<0.5),AND($J40<>"",OR($J40<0.1))),1,0))
