Workbook
Name DISPATCH: Prod.!$O$16

Sheet Daily Stock
A1: 30/9/2026
A2: SIZE | B2: TOTAL PROD | D2: HOT ROLLED | F2: RHF | H2: DISPATCH | J2: BYPASS | L2: HOTOUT | N2: MANUAL STOCK | P2: ERP STOCK | R2: DIFFERENCE
B3: PCS | C3: WEIGHT | D3: PCS | E3: WEIGHT | F3: PCS | G3: WEIGHT | H3: PCS | I3: WEIGHT | J3: PCS | K3: WEIGHT | L3: PCS | M3: WEIGHT | N3: PCS | O3: WEIGHT | P3: PCS | Q3: WEIGHT | R3: PCS | S3: WEIGHT | U3: MANUAL
A4: 110 X 6 | N4: 0 | O4: =(N4*0.57) -> 0 | P4: 0 | Q4: 0 | R4: 0 | S4: 0 | V4: =U4-P4 -> 0 | W4: =U4*0.57 -> 0
A5: 110X 5.25 | N5: 0 | O5: =(N5*5.25*0.095) -> 0 | P5: 0 | Q5: 0 | R5: 0 | S5: 0 | V5: =U5-P5 -> 0 | W5: =U5*0.798 -> 0
A6: RAN 110 | N6: 73 | O6: =N6*0.095 -> 6.935 | P6: =Q6/0.095 -> 72.747368 | Q6: 6.911 | R6: =N6-P6 -> 0.25263158 | S6: =O6-Q6 -> 0.024 | U6: 118 | V6: =U6-P6 -> 45.252632 | W6: =(U6*0.095) -> 11.21
A7: 130 X 6 | N7: 95 | O7: =N7*6*0.132335 -> 75.43095 | P7: =Q7/6/0.132335 -> 94.293523 | Q7: 74.87 | R7: =N7-P7 -> 0.70647725 | S7: =O7-Q7 -> 0.56095 | U7: 47 | V7: =U7-P7 -> -47.293523 | W7: =U7*6*0.132335 -> 37.31847
A8: 130 X 5 | N8: 50 | O8: =N8*5*0.132335 -> 33.08375 | P8: =Q8/5/0.132335 -> 50.000378 | Q8: =34.364-1.28 -> 33.084 | R8: =N8-P8 -> -0.00037782899 | S8: =O8-Q8 -> -0.00025 | U8: 17 | V8: =U8-P8 -> -33.000378 | W8: =U8*5*0.132335 -> 11.248475
A9: 130 X 4 | N9: 63 | O9: =N9*4*0.132335 -> 33.34842 | P9: =Q9/4/0.132335 -> 62.519364 | Q9: =25.935+5.879+1.28 -> 33.094 | R9: =N9-P9 -> 0.48063626 | S9: =O9-Q9 -> 0.25442 | U9: 27 | V9: =U9-P9 -> -35.519364 | W9: =U9*4*0.132335 -> 14.29218
A10: 130 X 3 | N10: 308 | O10: =N10*3*0.132335 -> 122.27754 | P10: =Q10/3/0.132335 -> 308.00116 | Q10: =128.157-5.879 -> 122.278 | R10: =N10-P10 -> -0.0011586756 | S10: =O10-Q10 -> -0.00046 | U10: 19 | V10: =U10-P10 -> -289.00116 | W10: =U10*3*0.132335 -> 7.543095
A11: RAN 160 | N11: 0 | O11: =N11*0.198005 -> 0 | P11: =Q11/0.198005 -> 0 | Q11: 0 | R11: =N11-P11 -> 0 | S11: =O11-Q11 -> 0 | U11: 0 | V11: =U11-P11 -> 0 | W11: =U11*0.198005 -> 0
A12: 160 X 5 | N12: =57-5 -> 52 | O12: =N12*5*0.198005 -> 51.4813 | P12: =Q12/5/0.198005 -> 51.049216 | Q12: 50.54 | R12: =N12-P12 -> 0.95078407 | S12: =O12-Q12 -> 0.9413 | U12: 4 | V12: =U12-P12 -> -47.049216 | W12: =U12*5*0.198005 -> 3.9601
A13: 160 X 4 | N13: =118-1 -> 117 | O13: =N13*4*0.198005 -> 92.66634 | P13: =Q13/4/0.198005 -> 103.89889 | Q13: 82.29 | R13: =N13-P13 -> 13.101109 | S13: =O13-Q13 -> 10.37634 | U13: 21 | V13: =U13-P13 -> -82.898891 | W13: =U13*4*0.198005 -> 16.63242
A14: 160 X 3 | N14: =431+6 -> 437 | O14: =N14*3*0.198005 -> 259.58455 | P14: =Q14/3/0.198005 -> 437.34081 | Q14: 259.787 | R14: =N14-P14 -> -0.34080789 | S14: =O14-Q14 -> -0.202445 | U14: 235 | V14: =U14-P14 -> -202.34081 | W14: =U14*3*0.198005 -> 139.59352
C15: =SUM(C4:C14) -> 0 | E15: =SUM(E4:E14) -> 0 | G15: =SUM(G4:G14) -> 0 | I15: =SUM(I4:I14) -> 0 | K15: =SUM(K4:K14) -> 0 | M15: =SUM(M4:M14) -> 0 | O15: =SUM(O4:O14) -> 674.80786 | Q15: =SUM(Q4:Q14) -> 662.854 | S15: =SUM(S4:S14) -> 11.953855
A19: =Prod.!A4 -> 46296
A20: SIZE | B20: TOTAL PROD | D20: HOT ROLLED | F20: RHF | H20: DISPATCH | J20: BYPASS | L20: HOTOUT | N20: MANUAL STOCK | P20: ERP STOCK | R20: DIFFERENCE
B21: PCS | C21: WEIGHT | D21: PCS | E21: WEIGHT | F21: PCS | G21: WEIGHT | H21: PCS | I21: WEIGHT | J21: PCS | K21: WEIGHT | L21: PCS | M21: WEIGHT | N21: PCS | O21: WEIGHT | P21: PCS | Q21: WEIGHT | R21: PCS | S21: WEIGHT
A22: 110 X 6 | B22: =D22+J22 -> 0 | C22: =B22*0.57 -> 0 | E22: =D22*0.57 -> 0 | G22: =F22*0.57 -> 0 | H22: =I22/6/0.095 -> 0 | J22: =Prod.!M16 -> 0 | K22: =(J22*0.57) -> 0 | N22: =((J22+L22+N4)-(F22+H22)) -> 0 | O22: =(N22*0.57) -> 0 | P22: =Q22/6/0.095 -> 0 | Q22: =(Q4+K22+M22)-(G22+I22) -> 0 | R22: =N22-P22 -> 0 | S22: =O22-Q22 -> 0 | V22: =U22-P22 -> 0 | W22: =U22*0.57 -> 0
A23: 110X 5.25 | B23: =D23+J23 -> 0 | C23: =B23*5.25*0.095 -> 0 | E23: =D23*5.25*0.095 -> 0 | G23: =F23*5.25*0.095 -> 0 | H23: =I23/5.25/0.095 -> 0 | K23: =J23*5.25*0.095 -> 0 | N23: =((J23+L23+N5)-(F23+H23)) -> 0 | O23: =(N23*5.25*0.095) -> 0 | P23: =Q23/5.25/0.095 -> 0 | Q23: =(Q5+K23+M23)-(G23+I23) -> 0 | R23: =N23-P23 -> 0 | S23: =O23-Q23 -> 0 | V23: =U23-P23 -> 0 | W23: =U23*0.798 -> 0
A24: RAN 110 | B24: =D24+J24 -> 0 | C24: =B24*0.095 -> 0 | D24: =Prod.!S18 -> 0 | E24: =D24*0.095 -> 0 | G24: =F24*0.095 -> 0 | H24: =I24/0.095 -> 0 | J24: =Prod.!J16*3+Prod.!K16*4+Prod.!L16*5 -> 0 | K24: =J24*0.095 -> 0 | N24: =((J24+L24+N6)-(F24+H24)) -> 73 | O24: =N24*0.095 -> 6.935 | P24: =Q24/0.095 -> 72.747368 | Q24: =(Q6+K24+M24)-(G24+I24) -> 6.911 | R24: =N24-P24 -> 0.25263158 | S24: =O24-Q24 -> 0.024 | U24: 118 | V24: =U24-P24 -> 45.252632 | W24: =(U24*0.095) -> 11.21
A25: 130 X 6 | B25: =D25+J25 -> 0 | C25: =B25*6*0.132335 -> 0 | D25: =Prod.!S17 -> 0 | E25: =D25*6*0.132335 -> 0 | F25: =Prod.!M17 -> 0 | G25: =F25*6*0.132335 -> 0 | H25: =I25/6/0.132335 -> 0 | J25: =Prod.!Y17 -> 0 | K25: =J25*6*0.132335 -> 0 | L25: =M25/6/0.132335 -> 0 | M25: =Prod.!AR5 -> 0 | N25: =((J25+L25+N7)-(F25+H25)) -> 95 | O25: =N25*6*0.132335 -> 75.43095 | P25: =Q25/6/0.132335 -> 94.293523 | Q25: =(Q7+K25+M25)-(G25+I25) -> 74.87 | R25: =N25-P25 -> 0.70647725 | S25: =O25-Q25 -> 0.56095 | U25: 465 | V25: =U25-P25 -> 370.70648 | W25: =U25*6*0.132335 -> 369.21465
A26: 130 X 5 | B26: =D26+J26 -> 0 | C26: =B26*5*0.132335 -> 0 | D26: =Prod.!R17 -> 0 | E26: =D26*5*0.132335 -> 0 | F26: =Prod.!L17 -> 0 | G26: =F26*5*0.132335 -> 0 | H26: =I26/5/0.132335 -> 0 | J26: =Prod.!X17 -> 0 | K26: =J26*5*0.132335 -> 0 | L26: =M26/5/0.132335 -> 0 | M26: =Prod.!AR6 -> 0 | N26: =((J26+L26+N8)-(F26+H26)) -> 50 | O26: =N26*5*0.132335 -> 33.08375 | P26: =Q26/5/0.132335 -> 50.000378 | Q26: =(Q8+K26+M26)-(G26+I26) -> 33.084 | R26: =N26-P26 -> -0.00037782899 | S26: =O26-Q26 -> -0.00025 | U26: 38 | V26: =U26-P26 -> -12.000378 | W26: =U26*5*0.132335 -> 25.14365
A27: 130 X 4 | B27: =D27+J27 -> 0 | C27: =B27*4*0.132335 -> 0 | D27: =Prod.!Q17 -> 0 | E27: =D27*4*0.132335 -> 0 | F27: =Prod.!K17 -> 0 | G27: =F27*4*0.132335 -> 0 | H27: =I27/4/0.132335 -> 0 | J27: =Prod.!W17 -> 0 | K27: =J27*4*0.132335 -> 0 | L27: =M27/4/0.132335 -> 0 | M27: =Prod.!AR7 -> 0 | N27: =((J27+L27+N9)-(F27+H27)) -> 63 | O27: =N27*4*0.132335 -> 33.34842 | P27: =Q27/4/0.132335 -> 62.519364 | Q27: =(Q9+K27+M27)-(G27+I27) -> 33.094 | R27: =N27-P27 -> 0.48063626 | S27: =O27-Q27 -> 0.25442 | U27: 158 | V27: =U27-P27 -> 95.480636 | W27: =U27*4*0.132335 -> 83.63572
A28: 130 X 3 | B28: =D28+J28 -> 0 | C28: =B28*3*0.132335 -> 0 | D28: =Prod.!P17 -> 0 | E28: =D28*3*0.132335 -> 0 | F28: =Prod.!J17 -> 0 | G28: =F28*3*0.132335 -> 0 | H28: =I28/3/0.132335 -> 0 | J28: =Prod.!V17 -> 0 | K28: =J28*3*0.132335 -> 0 | L28: =M28/3/0.132335 -> 0 | M28: =Prod.!AR8 -> 0 | N28: =((J28+L28+N10)-(F28+H28)) -> 308 | O28: =N28*3*0.132335 -> 122.27754 | P28: =Q28/3/0.132335 -> 308.00116 | Q28: =(Q10+K28+M28)-(G28+I28) -> 122.278 | R28: =N28-P28 -> -0.0011586756 | S28: =O28-Q28 -> -0.00046 | U28: 383 | V28: =U28-P28 -> 74.998841 | W28: =U28*3*0.132335 -> 152.05292
A29: RAN 160 | B29: =D29+J29 -> 0 | C29: =B29*0.198005 -> 0 | E29: =D29*0.198005 -> 0 | G29: =F29*0.198005 -> 0 | H29: =I29/0.095 -> 0 | K29: =J29*0.198005 -> 0 | N29: =((J29+L29+N11)-(F29+H29)) -> 0 | O29: =N29*0.198005 -> 0 | P29: =Q29/0.198005 -> 0 | Q29: =(Q11+K29+M29)-(G29+I29) -> 0 | R29: =N29-P29 -> 0 | S29: =O29-Q29 -> 0 | U29: 0 | V29: =U29-P29 -> 0 | W29: =U29*0.198005 -> 0
A30: 160 X 5 | B30: =D30+J30 -> 0 | C30: =B30*5*0.198005 -> 0 | D30: =Prod.!R18 -> 0 | E30: =D30*5*0.198005 -> 0 | F30: =Prod.!L18 -> 0 | G30: =F30*5*0.198005 -> 0 | H30: =I30/5/0.198005 -> 0 | J30: =Prod.!X18 -> 0 | K30: =J30*5*0.198005 -> 0 | L30: =M30/5/0.198005 -> 0 | M30: =Prod.!AR14 -> 0 | N30: =((J30+L30+N12)-(F30+H30)) -> 52 | O30: =N30*5*0.198005 -> 51.4813 | P30: =Q30/5/0.198005 -> 51.049216 | Q30: =(Q12+K30+M30)-(G30+I30) -> 50.54 | R30: =N30-P30 -> 0.95078407 | S30: =O30-Q30 -> 0.9413 | U30: 93 | V30: =U30-P30 -> 41.950784 | W30: =U30*5*0.198005 -> 92.072325
A31: 160 X 4 | B31: =D31+J31 -> 0 | C31: =B31*4*0.198005 -> 0 | D31: =Prod.!Q18 -> 0 | E31: =D31*4*0.198005 -> 0 | F31: =Prod.!K18 -> 0 | G31: =F31*4*0.198005 -> 0 | H31: =I31/4/0.198005 -> 0 | J31: =Prod.!W18 -> 0 | K31: =J31*4*0.198005 -> 0 | L31: =M31/4/0.198005 -> 0 | M31: =Prod.!AR15 -> 0 | N31: =((J31+L31+N13)-(F31+H31)) -> 117 | O31: =N31*4*0.198005 -> 92.66634 | P31: =Q31/4/0.198005 -> 103.89889 | Q31: =(Q13+K31+M31)-(G31+I31) -> 82.29 | R31: =N31-P31 -> 13.101109 | S31: =O31-Q31 -> 10.37634 | U31: 134 | V31: =U31-P31 -> 30.101109 | W31: =U31*4*0.198005 -> 106.13068
A32: 160 X 3 | B32: =D32+J32 -> 0 | C32: =B32*3*0.198005 -> 0 | D32: =Prod.!P18 -> 0 | E32: =D32*3*0.198005 -> 0 | F32: =Prod.!J18 -> 0 | G32: =F32*3*0.198005 -> 0 | H32: =I32/3/0.198005 -> 0 | J32: =Prod.!V18 -> 0 | K32: =J32*3*0.198005 -> 0 | L32: =M32/3/0.198005 -> 0 | M32: =Prod.!AR16 -> 0 | N32: =((J32+L32+N14)-(F32+H32)) -> 437 | O32: =N32*3*0.198005 -> 259.58455 | P32: =Q32/3/0.198005 -> 437.34081 | Q32: =(Q14+K32+M32)-(G32+I32) -> 259.787 | R32: =N32-P32 -> -0.34080789 | S32: =O32-Q32 -> -0.202445 | U32: 837 | V32: =U32-P32 -> 399.65919 | W32: =U32*3*0.198005 -> 497.19055
C33: =SUM(C22:C32) -> 0 | E33: =SUM(E22:E32) -> 0 | G33: =SUM(G22:G32) -> 0 | I33: =SUM(I22:I32) -> 0 | K33: =SUM(K22:K32) -> 0 | M33: =SUM(M22:M32) -> 0 | O33: =SUM(O22:O32) -> 674.80786 | Q33: =SUM(Q22:Q32) -> 662.854 | S33: =SUM(S22:S32) -> 11.953855

Sheet Prod.
M1: TOTAL PROD SHEET
A2: DATE | B2: H.No. | C2: Analysis Report | H2: SIZE | I2: WEIGHT/MTR | J2: 130 X 130 | N2: TOTAL MTR | O2: Quantity (MT) | P2: HOT CHARGING | T2: TOTAL MTR | U2: Quantity (MT) | V2: BYPASS | Z2: TOTAL MTR | AA2: Quantity (MT) | AB2: Total Prod | AC2: HOT OUT | AG2: TOTAL MTR | AH2: Quantity (MT) | AK2: HEAT WISE TRANSFER | AP2: HOTOUT | AT2: F&L BYPASS | AX2: MTR | AY2: WEIGHT
C3: %C | D3: % Mn | E3: %Si | F3: %S | G3: % P | J3: 3M | K3: 4M | L3: 5M | M3: 6M | P3: 3M | Q3: 4M | R3: 5M | S3: 6M | V3: 3M | W3: 4M | X3: 5M | Y3: 6M | AC3: 3M | AD3: 4M | AE3: 5M | AF3: 6M | AK3: 3MTR | AL3: 4MTR | AM3: 5MTR | AN3: 6MTR | AO3: 130 | AT3: 3M | AU3: 4M | AV3: 5M | AW3: 6M
A4: 46296 | B4: 1.10.1 | I4: =IF(H4=130,0.132335,IF(H4=100,0.0785,IF(H4=110,0.095,IF(H4=160,0.198005,"")))) | N4: =J4*3+K4*4+L4*5+M4*6 -> 0 | O4: =IF($J$2="160 X 160",N4*0.198005,IF($J$2="110 X 110",N4*0.095,IF($J$2="130 X 130",N4*0.132335,0))) -> 0 | T4: =P4*3+Q4*4+R4*5+S4*6 -> 0 | U4: =IFERROR(T4*I4,"") | Z4: =V4*3+W4*4+X4*5+Y4*6 -> 0 | AA4: =IFERROR(Z4*I4,"") | AB4: =IFERROR(U4+AA4+O4,"") | AG4: =AC4*3+AD4*4+AE4*5+AF4*6 -> 0 | AH4: =IFERROR(AG4*I4,"") | AJ4: =IF(H4=130,0.132335,IF(H4=100,0.0785,IF(H4=110,0.095,IF(H4=160,0.198005,"")))) | AK4: =IFERROR(P4*3*AJ4,"") | AL4: =IFERROR(Q4*4*AJ4,"") | AM4: =IFERROR(R4*5*AJ4,"") | AN4: =IFERROR(S4*6*AJ4,"") | AX4: =AT4*3+AU4*4+AV4*5+AW4*6 -> 0 | AY4: =AX4*I4 -> #VALUE!
B5: 1.10.2 | I5: =IF(H5=130,0.132335,IF(H5=100,0.0785,IF(H5=110,0.095,IF(H5=160,0.198005,"")))) | N5: =J5*3+K5*4+L5*5+M5*6 -> 0 | O5: =IF($J$2="160 X 160",N5*0.198005,IF($J$2="110 X 110",N5*0.095,IF($J$2="130 X 130",N5*0.132335,0))) -> 0 | T5: =P5*3+Q5*4+R5*5+S5*6 -> 0 | U5: =IFERROR(T5*I5,"") | Z5: =V5*3+W5*4+X5*5+Y5*6 -> 0 | AA5: =IFERROR(Z5*I5,"") | AB5: =IFERROR(U5+AA5+O5,"") | AG5: =AC5*3+AD5*4+AE5*5+AF5*6 -> 0 | AH5: =IFERROR(AG5*I5,"") | AJ5: =IF(H5=130,0.132335,IF(H5=100,0.0785,IF(H5=110,0.095,IF(H5=160,0.198005,"")))) | AK5: =IFERROR(P5*3*AJ5,"") | AL5: =IFERROR(Q5*4*AJ5,"") | AM5: =IFERROR(R5*5*AJ5,"") | AN5: =IFERROR(S5*6*AJ5,"") | AP5: 6 | AR5: =IFERROR(AP5*AQ5*AS8,0) -> 0 | AX5: =AT5*3+AU5*4+AV5*5+AW5*6 -> 0 | AY5: =AX5*I5 -> #VALUE!
B6: 1.10.3 | I6: =IF(H6=130,0.132335,IF(H6=100,0.0785,IF(H6=110,0.095,IF(H6=160,0.198005,"")))) | N6: =J6*3+K6*4+L6*5+M6*6 -> 0 | O6: =IF($J$2="160 X 160",N6*0.198005,IF($J$2="110 X 110",N6*0.095,IF($J$2="130 X 130",N6*0.132335,0))) -> 0 | T6: =P6*3+Q6*4+R6*5+S6*6 -> 0 | U6: =IFERROR(T6*I6,"") | Z6: =V6*3+W6*4+X6*5+Y6*6 -> 0 | AA6: =IFERROR(Z6*I6,"") | AB6: =IFERROR(U6+AA6+O6,"") | AG6: =AC6*3+AD6*4+AE6*5+AF6*6 -> 0 | AH6: =IFERROR(AG6*I6,"") | AJ6: =IF(H6=130,0.132335,IF(H6=100,0.0785,IF(H6=110,0.095,IF(H6=160,0.198005,"")))) | AK6: =IFERROR(P6*3*AJ6,"") | AL6: =IFERROR(Q6*4*AJ6,"") | AM6: =IFERROR(R6*5*AJ6,"") | AN6: =IFERROR(S6*6*AJ6,"") | AP6: 5 | AR6: =IFERROR(AP6*AQ6*AS8,0) -> 0 | AX6: =AT6*3+AU6*4+AV6*5+AW6*6 -> 0 | AY6: =AX6*I6 -> #VALUE!
B7: 1.10.4 | I7: =IF(H7=130,0.132335,IF(H7=100,0.0785,IF(H7=110,0.095,IF(H7=160,0.198005,"")))) | N7: =J7*3+K7*4+L7*5+M7*6 -> 0 | O7: =IF($J$2="160 X 160",N7*0.198005,IF($J$2="110 X 110",N7*0.095,IF($J$2="130 X 130",N7*0.132335,0))) -> 0 | T7: =P7*3+Q7*4+R7*5+S7*6 -> 0 | U7: =IFERROR(T7*I7,"") | Z7: =V7*3+W7*4+X7*5+Y7*6 -> 0 | AA7: =IFERROR(Z7*I7,"") | AB7: =IFERROR(U7+AA7+O7,"") | AG7: =AC7*3+AD7*4+AE7*5+AF7*6 -> 0 | AH7: =IFERROR(AG7*I7,"") | AJ7: =IF(H7=130,0.132335,IF(H7=100,0.0785,IF(H7=110,0.095,IF(H7=160,0.198005,"")))) | AK7: =IFERROR(P7*3*AJ7,"") | AL7: =IFERROR(Q7*4*AJ7,"") | AM7: =IFERROR(R7*5*AJ7,"") | AN7: =IFERROR(S7*6*AJ7,"") | AP7: 4 | AR7: =IFERROR(AP7*AQ7*AS8,0) -> 0 | AX7: =AT7*3+AU7*4+AV7*5+AW7*6 -> 0 | AY7: =AX7*I7 -> #VALUE!
B8: 1.10.5 | I8: =IF(H8=130,0.132335,IF(H8=100,0.0785,IF(H8=110,0.095,IF(H8=160,0.198005,"")))) | N8: =J8*3+K8*4+L8*5+M8*6 -> 0 | O8: =IF($J$2="160 X 160",N8*0.198005,IF($J$2="110 X 110",N8*0.095,IF($J$2="130 X 130",N8*0.132335,0))) -> 0 | T8: =P8*3+Q8*4+R8*5+S8*6 -> 0 | U8: =IFERROR(T8*I8,"") | Z8: =V8*3+W8*4+X8*5+Y8*6 -> 0 | AA8: =IFERROR(Z8*I8,"") | AB8: =IFERROR(U8+AA8+O8,"") | AG8: =AC8*3+AD8*4+AE8*5+AF8*6 -> 0 | AH8: =IFERROR(AG8*I8,"") | AJ8: =IF(H8=130,0.132335,IF(H8=100,0.0785,IF(H8=110,0.095,IF(H8=160,0.198005,"")))) | AK8: =IFERROR(P8*3*AJ8,"") | AL8: =IFERROR(Q8*4*AJ8,"") | AM8: =IFERROR(R8*5*AJ8,"") | AN8: =IFERROR(S8*6*AJ8,"") | AP8: 3 | AR8: =IFERROR(AP8*AQ8*AS8,0) -> 0 | AS8: =IFERROR(AR9/((AP8*AQ8)+(AP7*AQ7)+(AP6*AQ6)+(AP5*AQ5)),0) -> 0 | AX8: =AT8*3+AU8*4+AV8*5+AW8*6 -> 0 | AY8: =AX8*I8 -> #VALUE!
B9: 1.10.6 | I9: =IF(H9=130,0.132335,IF(H9=100,0.0785,IF(H9=110,0.095,IF(H9=160,0.198005,"")))) | N9: =J9*3+K9*4+L9*5+M9*6 -> 0 | O9: =IF($J$2="160 X 160",N9*0.198005,IF($J$2="110 X 110",N9*0.095,IF($J$2="130 X 130",N9*0.132335,0))) -> 0 | T9: =P9*3+Q9*4+R9*5+S9*6 -> 0 | U9: =IFERROR(T9*I9,"") | Z9: =V9*3+W9*4+X9*5+Y9*6 -> 0 | AA9: =IFERROR(Z9*I9,"") | AB9: =IFERROR(U9+AA9+O9,"") | AG9: =AC9*3+AD9*4+AE9*5+AF9*6 -> 0 | AH9: =IFERROR(AG9*I9,"") | AJ9: =IF(H9=130,0.132335,IF(H9=100,0.0785,IF(H9=110,0.095,IF(H9=160,0.198005,"")))) | AK9: =IFERROR(P9*3*AJ9,"") | AL9: =IFERROR(Q9*4*AJ9,"") | AM9: =IFERROR(R9*5*AJ9,"") | AN9: =IFERROR(S9*6*AJ9,"") | AX9: =AT9*3+AU9*4+AV9*5+AW9*6 -> 0 | AY9: =AX9*I9 -> #VALUE!
B10: 1.10.7 | I10: =IF(H10=130,0.132335,IF(H10=100,0.0785,IF(H10=110,0.095,IF(H10=160,0.198005,"")))) | N10: =J10*3+K10*4+L10*5+M10*6 -> 0 | O10: =IF($J$2="160 X 160",N10*0.198005,IF($J$2="110 X 110",N10*0.095,IF($J$2="130 X 130",N10*0.132335,0))) -> 0 | T10: =P10*3+Q10*4+R10*5+S10*6 -> 0 | U10: =IFERROR(T10*I10,"") | Z10: =V10*3+W10*4+X10*5+Y10*6 -> 0 | AA10: =IFERROR(Z10*I10,"") | AB10: =IFERROR(U10+AA10+O10,"") | AG10: =AC10*3+AD10*4+AE10*5+AF10*6 -> 0 | AH10: =IFERROR(AG10*I10,"") | AJ10: =IF(H10=130,0.132335,IF(H10=100,0.0785,IF(H10=110,0.095,IF(H10=160,0.198005,"")))) | AK10: =IFERROR(P10*3*AJ10,"") | AL10: =IFERROR(Q10*4*AJ10,"") | AM10: =IFERROR(R10*5*AJ10,"") | AN10: =IFERROR(S10*6*AJ10,"") | AP10: HOTOUT | AX10: =AT10*3+AU10*4+AV10*5+AW10*6 -> 0 | AY10: =AX10*I10 -> #VALUE!
B11: 1.10.8 | I11: =IF(H11=130,0.132335,IF(H11=100,0.0785,IF(H11=110,0.095,IF(H11=160,0.198005,"")))) | N11: =J11*3+K11*4+L11*5+M11*6 -> 0 | O11: =IF($J$2="160 X 160",N11*0.198005,IF($J$2="110 X 110",N11*0.095,IF($J$2="130 X 130",N11*0.132335,0))) -> 0 | T11: =P11*3+Q11*4+R11*5+S11*6 -> 0 | U11: =IFERROR(T11*I11,"") | Z11: =V11*3+W11*4+X11*5+Y11*6 -> 0 | AA11: =IFERROR(Z11*I11,"") | AB11: =IFERROR(U11+AA11+O11,"") | AG11: =AC11*3+AD11*4+AE11*5+AF11*6 -> 0 | AH11: =IFERROR(AG11*I11,"") | AJ11: =IF(H11=130,0.132335,IF(H11=100,0.0785,IF(H11=110,0.095,IF(H11=160,0.198005,"")))) | AK11: =IFERROR(P11*3*AJ11,"") | AL11: =IFERROR(Q11*4*AJ11,"") | AM11: =IFERROR(R11*5*AJ11,"") | AN11: =IFERROR(S11*6*AJ11,"") | AO11: 160 | AX11: =AT11*3+AU11*4+AV11*5+AW11*6 -> 0 | AY11: =AX11*I11 -> #VALUE!
B12: 1.10.9 | I12: =IF(H12=130,0.132335,IF(H12=100,0.0785,IF(H12=110,0.095,IF(H12=160,0.198005,"")))) | N12: =J12*3+K12*4+L12*5+M12*6 -> 0 | O12: =IF($J$2="160 X 160",N12*0.198005,IF($J$2="110 X 110",N12*0.095,IF($J$2="130 X 130",N12*0.132335,0))) -> 0 | T12: =P12*3+Q12*4+R12*5+S12*6 -> 0 | U12: =IFERROR(T12*I12,"") | Z12: =V12*3+W12*4+X12*5+Y12*6 -> 0 | AA12: =IFERROR(Z12*I12,"") | AB12: =IFERROR(U12+AA12+O12,"") | AG12: =AC12*3+AD12*4+AE12*5+AF12*6 -> 0 | AH12: =IFERROR(AG12*I12,"") | AJ12: =IF(H12=130,0.132335,IF(H12=100,0.0785,IF(H12=110,0.095,IF(H12=160,0.198005,"")))) | AK12: =IFERROR(P12*3*AJ12,"") | AL12: =IFERROR(Q12*4*AJ12,"") | AM12: =IFERROR(R12*5*AJ12,"") | AN12: =IFERROR(S12*6*AJ12,"") | AX12: =AT12*3+AU12*4+AV12*5+AW12*6 -> 0 | AY12: =AX12*I12 -> #VALUE!
B13: 1.10.10 | I13: =IF(H13=130,0.132335,IF(H13=100,0.0785,IF(H13=110,0.095,IF(H13=160,0.198005,"")))) | N13: =J13*3+K13*4+L13*5+M13*6 -> 0 | O13: =IF($J$2="160 X 160",N13*0.198005,IF($J$2="110 X 110",N13*0.095,IF($J$2="130 X 130",N13*0.132335,0))) -> 0 | T13: =P13*3+Q13*4+R13*5+S13*6 -> 0 | U13: =IFERROR(T13*I13,"") | Z13: =V13*3+W13*4+X13*5+Y13*6 -> 0 | AA13: =IFERROR(Z13*I13,"") | AB13: =IFERROR(U13+AA13+O13,"") | AG13: =AC13*3+AD13*4+AE13*5+AF13*6 -> 0 | AH13: =IFERROR(AG13*I13,"") | AJ13: =IF(H13=130,0.132335,IF(H13=100,0.0785,IF(H13=110,0.095,IF(H13=160,0.198005,"")))) | AK13: =IFERROR(P13*3*AJ13,"") | AL13: =IFERROR(Q13*4*AJ13,"") | AM13: =IFERROR(R13*5*AJ13,"") | AN13: =IFERROR(S13*6*AJ13,"") | AP13: 6 | AR13: =IFERROR(AP13*AQ13*AS16,0) -> 0 | AX13: =AT13*3+AU13*4+AV13*5+AW13*6 -> 0 | AY13: =AX13*I13 -> #VALUE!
B14: 1.10.11 | I14: =IF(H14=130,0.132335,IF(H14=100,0.0785,IF(H14=110,0.095,IF(H14=160,0.198005,"")))) | N14: =J14*3+K14*4+L14*5+M14*6 -> 0 | O14: =IF($J$2="160 X 160",N14*0.198005,IF($J$2="110 X 110",N14*0.095,IF($J$2="130 X 130",N14*0.132335,0))) -> 0 | T14: =P14*3+Q14*4+R14*5+S14*6 -> 0 | U14: =IFERROR(T14*I14,"") | Z14: =V14*3+W14*4+X14*5+Y14*6 -> 0 | AA14: =IFERROR(Z14*I14,"") | AB14: =IFERROR(U14+AA14+O14,"") | AG14: =AC14*3+AD14*4+AE14*5+AF14*6 -> 0 | AH14: =IFERROR(AG14*I14,"") | AJ14: =IF(H14=130,0.132335,IF(H14=100,0.0785,IF(H14=110,0.095,IF(H14=160,0.198005,"")))) | AK14: =IFERROR(P14*3*AJ14,"") | AL14: =IFERROR(Q14*4*AJ14,"") | AM14: =IFERROR(R14*5*AJ14,"") | AN14: =IFERROR(S14*6*AJ14,"") | AP14: 5 | AR14: =IFERROR(AP14*AQ14*AS16,0) -> 0 | AX14: =AT14*3+AU14*4+AV14*5+AW14*6 -> 0 | AY14: =AX14*I14 -> #VALUE!
B15: 1.10.12 | I15: =IF(H15=130,0.132335,IF(H15=100,0.0785,IF(H15=110,0.095,IF(H15=160,0.198005,"")))) | N15: =J15*3+K15*4+L15*5+M15*6 -> 0 | O15: =IF($J$2="160 X 160",N15*0.198005,IF($J$2="110 X 110",N15*0.095,IF($J$2="130 X 130",N15*0.132335,0))) -> 0 | T15: =P15*3+Q15*4+R15*5+S15*6 -> 0 | U15: =IFERROR(T15*I15,"") | Z15: =V15*3+W15*4+X15*5+Y15*6 -> 0 | AA15: =IFERROR(Z15*I15,"") | AB15: =IFERROR(U15+AA15+O15,"") | AG15: =AC15*3+AD15*4+AE15*5+AF15*6 -> 0 | AH15: =IFERROR(AG15*I15,"") | AJ15: =IF(H15=130,0.132335,IF(H15=100,0.0785,IF(H15=110,0.095,IF(H15=160,0.198005,"")))) | AK15: =IFERROR(P15*3*AJ15,"") | AL15: =IFERROR(Q15*4*AJ15,"") | AM15: =IFERROR(R15*5*AJ15,"") | AN15: =IFERROR(S15*6*AJ15,"") | AP15: 4 | AR15: =IFERROR(AP15*AQ15*AS16,0) -> 0 | AX15: =AT15*3+AU15*4+AV15*5+AW15*6 -> 0 | AY15: =AX15*I15 -> #VALUE!
B16: MIN | C16: =MIN(C4:C15) -> 0 | D16: =MIN(D4:D15) -> 0 | E16: =MIN(E4:E15) -> 0 | F16: =MIN(F4:F15) -> 0 | G16: =MIN(G4:G15) -> 0 | J16: =IF(J2="110 X 110",SUM(J4:J15),0) -> 0 | K16: =IF(J2="110 X 110",SUM(K4:K15),0) -> 0 | L16: =IF(J2="110 X 110",SUM(L4:L15),0) -> 0 | M16: =IF(J2="110 X 110",SUM(M4:M15),0) -> 0 | O16: =SUM(O4:O15) -> 0 | AP16: 3 | AR16: =IFERROR(AP16*AQ16*AS16,0) -> 0 | AS16: =IFERROR(AR17/((AP16*AQ16)+(AP15*AQ15)+(AP14*AQ14)+(AP13*AQ13)),0) -> 0
B17: MAX | C17: =MAX(C4:C16) -> 0 | D17: =MAX(D4:D16) -> 0 | E17: =MAX(E4:E16) -> 0 | F17: =MAX(F4:F16) -> 0 | G17: =MAX(G4:G16) -> 0 | H17: 130 | I17: =IF(H17=130,0.132335,IF(H17=100,0.0785,IF(H17=110,0.095,IF(H17=160,0.198005,"")))) -> 0.132335 | N17: =J17*3+K17*4+L17*5+M17*6 -> 0 | O17: =IFERROR(N17*I17,"") -> 0 | P17: =SUMIF(H4:H15,130,P4:P15) -> 0 | Q17: =SUMIF(H4:H15,130,Q4:Q15) -> 0 | R17: =SUMIF(H4:H15,130,R4:R15) -> 0 | S17: =SUMIF(H4:H15,130,S4:S15) -> 0 | V17: =SUMIF(H4:H15,130,V4:V15)+IF(J2="130 X 130",SUM(J4:J15),0) -> 0 | W17: =SUMIF(H4:H15,130,W4:W15)+IF(J2="130 X 130",SUM(K4:K15),0) -> 0 | X17: =SUMIF(H4:H15,130,X4:X15)+IF(J2="130 X 130",SUM(L4:L15),0) -> 0 | Y17: =SUMIF(H4:H15,130,Y4:Y15)+IF(J2="130 X 130",SUM(M4:M15),0) -> 0 | AC17: =SUMIF(H4:H15,130,AC4:AC15) -> 0 | AD17: =SUMIF(H4:H15,130,AD4:AD15) -> 0 | AE17: =SUMIF(H4:H15,130,AE4:AE15) -> 0 | AF17: =SUMIF(H4:H15,130,AF4:AF15) -> 0 | AK17: =SUM(AK4:AK16) -> 0 | AL17: =SUM(AL4:AL16) -> 0 | AM17: =SUM(AM4:AM16) -> 0 | AN17: =SUM(AN4:AN16) -> 0
A18: =COUNTA(B4:B15) -> 12 | H18: 160 | I18: =IF(H18=130,0.132335,IF(H18=100,0.0785,IF(H18=110,0.095,IF(H18=160,0.198005,"")))) -> 0.198005 | N18: =J18*3+K18*4+L18*5+M18*6 -> 0 | O18: =(IFERROR(N18*I18,""))+O17 -> 0 | P18: =SUMIF(H4:H15,160,P4:P15) -> 0 | Q18: =SUMIF(H4:H15,160,Q4:Q15) -> 0 | R18: =SUMIF(H4:H15,160,R4:R15) -> 0 | S18: =SUMIF(H4:H15,160,S4:S15) -> 0 | T18: ='Daily Stock'!I33 -> 0 | U18: =SUM(U4:U17) -> 0 | V18: =SUMIF(H4:H15,160,V4:V15)+IF(J2="160 X 160",SUM(J4:J15),0) -> 0 | W18: =SUMIF(H4:H15,160,W4:W15)+IF(J2="160 X 160",SUM(K4:K15),0) -> 0 | X18: =SUMIF(H4:H15,160,X4:X15)+IF(J2="160 X 160",SUM(L4:L15),0) -> 0 | Y18: =SUMIF(H4:H15,160,Y4:Y15)+IF(J2="160 X 160",SUM(M4:M15),0) -> 0 | AA18: =SUM(AA4:AA17) -> 0 | AB18: =SUM(AB4:AB17) -> 0 | AC18: =SUMIF(H4:H15,160,AC4:AC15) -> 0 | AD18: =SUMIF(H4:H15,160,AD4:AD15) -> 0 | AE18: =SUMIF(H4:H15,160,AE4:AE15) -> 0 | AF18: =SUMIF(H4:H15,160,AF4:AF15) -> 0 | AH18: =SUM(AH4:AH17) -> 0 | AR18: =AR9+AR17 -> 0
AK20: HEAT WISE TRANSFER | AP20: HOTOUT | AT20: F&L BYPASS | AX20: MTR | AY20: WEIGHT
AK21: 3MTR | AL21: 4MTR | AM21: 5MTR | AN21: 6MTR | AO21: 130 | AT21: 3M | AU21: 4M | AV21: 5M | AW21: 6M
AJ22: =IF(H22=130,0.132335,IF(H22=100,0.0785,IF(H22=110,0.095,IF(H22=160,0.198005,"")))) | AK22: =IFERROR(P22*3*AJ22,"") | AL22: =IFERROR(Q22*4*AJ22,"") | AM22: =IFERROR(R22*5*AJ22,"") | AN22: =IFERROR(S22*6*AJ22,"") | AX22: =AT22*3+AU22*4+AV22*5+AW22*6 -> 0 | AY22: =AX22*I22 -> 0
AJ23: =IF(H23=130,0.132335,IF(H23=100,0.0785,IF(H23=110,0.095,IF(H23=160,0.198005,"")))) | AK23: =IFERROR(P23*3*AJ23,"") | AL23: =IFERROR(Q23*4*AJ23,"") | AM23: =IFERROR(R23*5*AJ23,"") | AN23: =IFERROR(S23*6*AJ23,"") | AP23: 6 | AR23: =IFERROR(AP23*AQ23*AS26,0) -> 0 | AX23: =AT23*3+AU23*4+AV23*5+AW23*6 -> 0 | AY23: =AX23*I23 -> 0
AJ24: =IF(H24=130,0.132335,IF(H24=100,0.0785,IF(H24=110,0.095,IF(H24=160,0.198005,"")))) | AK24: =IFERROR(P24*3*AJ24,"") | AL24: =IFERROR(Q24*4*AJ24,"") | AM24: =IFERROR(R24*5*AJ24,"") | AN24: =IFERROR(S24*6*AJ24,"") | AP24: 5 | AR24: =IFERROR(AP24*AQ24*AS26,0) -> 0 | AX24: =AT24*3+AU24*4+AV24*5+AW24*6 -> 0 | AY24: =AX24*I24 -> 0
AJ25: =IF(H25=130,0.132335,IF(H25=100,0.0785,IF(H25=110,0.095,IF(H25=160,0.198005,"")))) | AK25: =IFERROR(P25*3*AJ25,"") | AL25: =IFERROR(Q25*4*AJ25,"") | AM25: =IFERROR(R25*5*AJ25,"") | AN25: =IFERROR(S25*6*AJ25,"") | AP25: 4 | AR25: =IFERROR(AP25*AQ25*AS26,0) -> 0 | AX25: =AT25*3+AU25*4+AV25*5+AW25*6 -> 0 | AY25: =AX25*I25 -> 0
AJ26: =IF(H26=130,0.132335,IF(H26=100,0.0785,IF(H26=110,0.095,IF(H26=160,0.198005,"")))) | AK26: =IFERROR(P26*3*AJ26,"") | AL26: =IFERROR(Q26*4*AJ26,"") | AM26: =IFERROR(R26*5*AJ26,"") | AN26: =IFERROR(S26*6*AJ26,"") | AP26: 3 | AR26: =IFERROR(AP26*AQ26*AS26,0) -> 0 | AS26: =IFERROR(AR27/((AP26*AQ26)+(AP25*AQ25)+(AP24*AQ24)+(AP23*AQ23)),0) -> 0 | AX26: =AT26*3+AU26*4+AV26*5+AW26*6 -> 0 | AY26: =AX26*I26 -> 0
AJ27: =IF(H27=130,0.132335,IF(H27=100,0.0785,IF(H27=110,0.095,IF(H27=160,0.198005,"")))) | AK27: =IFERROR(P27*3*AJ27,"") | AL27: =IFERROR(Q27*4*AJ27,"") | AM27: =IFERROR(R27*5*AJ27,"") | AN27: =IFERROR(S27*6*AJ27,"") | AX27: =AT27*3+AU27*4+AV27*5+AW27*6 -> 0 | AY27: =AX27*I27 -> 0
AJ28: =IF(H28=130,0.132335,IF(H28=100,0.0785,IF(H28=110,0.095,IF(H28=160,0.198005,"")))) | AK28: =IFERROR(P28*3*AJ28,"") | AL28: =IFERROR(Q28*4*AJ28,"") | AM28: =IFERROR(R28*5*AJ28,"") | AN28: =IFERROR(S28*6*AJ28,"") | AP28: HOTOUT | AX28: =AT28*3+AU28*4+AV28*5+AW28*6 -> 0 | AY28: =AX28*I28 -> 0
AJ29: =IF(H29=130,0.132335,IF(H29=100,0.0785,IF(H29=110,0.095,IF(H29=160,0.198005,"")))) | AK29: =IFERROR(P29*3*AJ29,"") | AL29: =IFERROR(Q29*4*AJ29,"") | AM29: =IFERROR(R29*5*AJ29,"") | AN29: =IFERROR(S29*6*AJ29,"") | AO29: 160 | AX29: =AT29*3+AU29*4+AV29*5+AW29*6 -> 0 | AY29: =AX29*I29 -> 0
AJ30: =IF(H30=130,0.132335,IF(H30=100,0.0785,IF(H30=110,0.095,IF(H30=160,0.198005,"")))) | AK30: =IFERROR(P30*3*AJ30,"") | AL30: =IFERROR(Q30*4*AJ30,"") | AM30: =IFERROR(R30*5*AJ30,"") | AN30: =IFERROR(S30*6*AJ30,"") | AX30: =AT30*3+AU30*4+AV30*5+AW30*6 -> 0 | AY30: =AX30*I30 -> 0
AJ31: =IF(H31=130,0.132335,IF(H31=100,0.0785,IF(H31=110,0.095,IF(H31=160,0.198005,"")))) | AK31: =IFERROR(P31*3*AJ31,"") | AL31: =IFERROR(Q31*4*AJ31,"") | AM31: =IFERROR(R31*5*AJ31,"") | AN31: =IFERROR(S31*6*AJ31,"") | AP31: 6 | AR31: =IFERROR(AP31*AQ31*AS34,0) -> 0 | AX31: =AT31*3+AU31*4+AV31*5+AW31*6 -> 0 | AY31: =AX31*I31 -> 0
AJ32: =IF(H32=130,0.132335,IF(H32=100,0.0785,IF(H32=110,0.095,IF(H32=160,0.198005,"")))) | AK32: =IFERROR(P32*3*AJ32,"") | AL32: =IFERROR(Q32*4*AJ32,"") | AM32: =IFERROR(R32*5*AJ32,"") | AN32: =IFERROR(S32*6*AJ32,"") | AP32: 5 | AR32: =IFERROR(AP32*AQ32*AS34,0) -> 0 | AX32: =AT32*3+AU32*4+AV32*5+AW32*6 -> 0 | AY32: =AX32*I32 -> 0
AJ33: =IF(H33=130,0.132335,IF(H33=100,0.0785,IF(H33=110,0.095,IF(H33=160,0.198005,"")))) | AK33: =IFERROR(P33*3*AJ33,"") | AL33: =IFERROR(Q33*4*AJ33,"") | AM33: =IFERROR(R33*5*AJ33,"") | AN33: =IFERROR(S33*6*AJ33,"") | AP33: 4 | AR33: =IFERROR(AP33*AQ33*AS34,0) -> 0 | AX33: =AT33*3+AU33*4+AV33*5+AW33*6 -> 0 | AY33: =AX33*I33 -> 0
AP34: 3 | AR34: =IFERROR(AP34*AQ34*AS34,0) -> 0 | AS34: =IFERROR(AR35/((AP34*AQ34)+(AP33*AQ33)+(AP32*AQ32)+(AP31*AQ31)),0) -> 0
AK35: =SUM(AK22:AK34) -> 0 | AL35: =SUM(AL22:AL34) -> 0 | AM35: =SUM(AM22:AM34) -> 0 | AN35: =SUM(AN22:AN34) -> 0
AR36: =AR27+AR35 -> 0
AK38: HEAT WISE TRANSFER | AP38: HOTOUT | AT38: F&L BYPASS | AX38: MTR | AY38: WEIGHT
AK39: 3MTR | AL39: 4MTR | AM39: 5MTR | AN39: 6MTR | AO39: 130 | AT39: 3M | AU39: 4M | AV39: 5M | AW39: 6M
AJ40: =IF(H40=130,0.132335,IF(H40=100,0.0785,IF(H40=110,0.095,IF(H40=160,0.198005,"")))) | AK40: =IFERROR(P40*3*AJ40,"") | AL40: =IFERROR(Q40*4*AJ40,"") | AM40: =IFERROR(R40*5*AJ40,"") | AN40: =IFERROR(S40*6*AJ40,"") | AX40: =AT40*3+AU40*4+AV40*5+AW40*6 -> 0 | AY40: =AX40*I40 -> 0
AJ41: =IF(H41=130,0.132335,IF(H41=100,0.0785,IF(H41=110,0.095,IF(H41=160,0.198005,"")))) | AK41: =IFERROR(P41*3*AJ41,"") | AL41: =IFERROR(Q41*4*AJ41,"") | AM41: =IFERROR(R41*5*AJ41,"") | AN41: =IFERROR(S41*6*AJ41,"") | AP41: 6 | AR41: =IFERROR(AP41*AQ41*AS44,0) -> 0 | AX41: =AT41*3+AU41*4+AV41*5+AW41*6 -> 0 | AY41: =AX41*I41 -> 0
AJ42: =IF(H42=130,0.132335,IF(H42=100,0.0785,IF(H42=110,0.095,IF(H42=160,0.198005,"")))) | AK42: =IFERROR(P42*3*AJ42,"") | AL42: =IFERROR(Q42*4*AJ42,"") | AM42: =IFERROR(R42*5*AJ42,"") | AN42: =IFERROR(S42*6*AJ42,"") | AP42: 5 | AR42: =IFERROR(AP42*AQ42*AS44,0) -> 0 | AX42: =AT42*3+AU42*4+AV42*5+AW42*6 -> 0 | AY42: =AX42*I42 -> 0
AJ43: =IF(H43=130,0.132335,IF(H43=100,0.0785,IF(H43=110,0.095,IF(H43=160,0.198005,"")))) | AK43: =IFERROR(P43*3*AJ43,"") | AL43: =IFERROR(Q43*4*AJ43,"") | AM43: =IFERROR(R43*5*AJ43,"") | AN43: =IFERROR(S43*6*AJ43,"") | AP43: 4 | AR43: =IFERROR(AP43*AQ43*AS44,0) -> 0 | AX43: =AT43*3+AU43*4+AV43*5+AW43*6 -> 0 | AY43: =AX43*I43 -> 0
AJ44: =IF(H44=130,0.132335,IF(H44=100,0.0785,IF(H44=110,0.095,IF(H44=160,0.198005,"")))) | AK44: =IFERROR(P44*3*AJ44,"") | AL44: =IFERROR(Q44*4*AJ44,"") | AM44: =IFERROR(R44*5*AJ44,"") | AN44: =IFERROR(S44*6*AJ44,"") | AP44: 3 | AR44: =IFERROR(AP44*AQ44*AS44,0) -> 0 | AS44: =IFERROR(AR45/((AP44*AQ44)+(AP43*AQ43)+(AP42*AQ42)+(AP41*AQ41)),0) -> 0 | AX44: =AT44*3+AU44*4+AV44*5+AW44*6 -> 0 | AY44: =AX44*I44 -> 0
AJ45: =IF(H45=130,0.132335,IF(H45=100,0.0785,IF(H45=110,0.095,IF(H45=160,0.198005,"")))) | AK45: =IFERROR(P45*3*AJ45,"") | AL45: =IFERROR(Q45*4*AJ45,"") | AM45: =IFERROR(R45*5*AJ45,"") | AN45: =IFERROR(S45*6*AJ45,"") | AX45: =AT45*3+AU45*4+AV45*5+AW45*6 -> 0 | AY45: =AX45*I45 -> 0
AJ46: =IF(H46=130,0.132335,IF(H46=100,0.0785,IF(H46=110,0.095,IF(H46=160,0.198005,"")))) | AK46: =IFERROR(P46*3*AJ46,"") | AL46: =IFERROR(Q46*4*AJ46,"") | AM46: =IFERROR(R46*5*AJ46,"") | AN46: =IFERROR(S46*6*AJ46,"") | AP46: HOTOUT | AX46: =AT46*3+AU46*4+AV46*5+AW46*6 -> 0 | AY46: =AX46*I46 -> 0
AJ47: =IF(H47=130,0.132335,IF(H47=100,0.0785,IF(H47=110,0.095,IF(H47=160,0.198005,"")))) | AK47: =IFERROR(P47*3*AJ47,"") | AL47: =IFERROR(Q47*4*AJ47,"") | AM47: =IFERROR(R47*5*AJ47,"") | AN47: =IFERROR(S47*6*AJ47,"") | AO47: 160 | AX47: =AT47*3+AU47*4+AV47*5+AW47*6 -> 0 | AY47: =AX47*I47 -> 0
AJ48: =IF(H48=130,0.132335,IF(H48=100,0.0785,IF(H48=110,0.095,IF(H48=160,0.198005,"")))) | AK48: =IFERROR(P48*3*AJ48,"") | AL48: =IFERROR(Q48*4*AJ48,"") | AM48: =IFERROR(R48*5*AJ48,"") | AN48: =IFERROR(S48*6*AJ48,"") | AX48: =AT48*3+AU48*4+AV48*5+AW48*6 -> 0 | AY48: =AX48*I48 -> 0
AJ49: =IF(H49=130,0.132335,IF(H49=100,0.0785,IF(H49=110,0.095,IF(H49=160,0.198005,"")))) | AK49: =IFERROR(P49*3*AJ49,"") | AL49: =IFERROR(Q49*4*AJ49,"") | AM49: =IFERROR(R49*5*AJ49,"") | AN49: =IFERROR(S49*6*AJ49,"") | AP49: 6 | AR49: =IFERROR(AP49*AQ49*AS52,0) -> 0 | AX49: =AT49*3+AU49*4+AV49*5+AW49*6 -> 0 | AY49: =AX49*I49 -> 0
AJ50: =IF(H50=130,0.132335,IF(H50=100,0.0785,IF(H50=110,0.095,IF(H50=160,0.198005,"")))) | AK50: =IFERROR(P50*3*AJ50,"") | AL50: =IFERROR(Q50*4*AJ50,"") | AM50: =IFERROR(R50*5*AJ50,"") | AN50: =IFERROR(S50*6*AJ50,"") | AP50: 5 | AR50: =IFERROR(AP50*AQ50*AS52,0) -> 0 | AX50: =AT50*3+AU50*4+AV50*5+AW50*6 -> 0 | AY50: =AX50*I50 -> 0
AJ51: =IF(H51=130,0.132335,IF(H51=100,0.0785,IF(H51=110,0.095,IF(H51=160,0.198005,"")))) | AK51: =IFERROR(P51*3*AJ51,"") | AL51: =IFERROR(Q51*4*AJ51,"") | AM51: =IFERROR(R51*5*AJ51,"") | AN51: =IFERROR(S51*6*AJ51,"") | AP51: 4 | AR51: =IFERROR(AP51*AQ51*AS52,0) -> 0 | AX51: =AT51*3+AU51*4+AV51*5+AW51*6 -> 0 | AY51: =AX51*I51 -> 0
AP52: 3 | AR52: =IFERROR(AP52*AQ52*AS52,0) -> 0 | AS52: =IFERROR(AR53/((AP52*AQ52)+(AP51*AQ51)+(AP50*AQ50)+(AP49*AQ49)),0) -> 0
AK53: =SUM(AK40:AK52) -> 0 | AL53: =SUM(AL40:AL52) -> 0 | AM53: =SUM(AM40:AM52) -> 0 | AN53: =SUM(AN40:AN52) -> 0
AR54: =AR45+AR53 -> 0
AK56: HEAT WISE TRANSFER | AP56: HOTOUT | AT56: F&L BYPASS | AX56: MTR | AY56: WEIGHT
AK57: 3MTR | AL57: 4MTR | AM57: 5MTR | AN57: 6MTR | AO57: 130 | AT57: 3M | AU57: 4M | AV57: 5M | AW57: 6M
AJ58: =IF(H58=130,0.132335,IF(H58=100,0.0785,IF(H58=110,0.095,IF(H58=160,0.198005,"")))) | AK58: =IFERROR(P58*3*AJ58,"") | AL58: =IFERROR(Q58*4*AJ58,"") | AM58: =IFERROR(R58*5*AJ58,"") | AN58: =IFERROR(S58*6*AJ58,"") | AX58: =AT58*3+AU58*4+AV58*5+AW58*6 -> 0 | AY58: =AX58*I58 -> 0
AJ59: =IF(H59=130,0.132335,IF(H59=100,0.0785,IF(H59=110,0.095,IF(H59=160,0.198005,"")))) | AK59: =IFERROR(P59*3*AJ59,"") | AL59: =IFERROR(Q59*4*AJ59,"") | AM59: =IFERROR(R59*5*AJ59,"") | AN59: =IFERROR(S59*6*AJ59,"") | AP59: 6 | AR59: =IFERROR(AP59*AQ59*AS62,0) -> 0 | AX59: =AT59*3+AU59*4+AV59*5+AW59*6 -> 0 | AY59: =AX59*I59 -> 0
AJ60: =IF(H60=130,0.132335,IF(H60=100,0.0785,IF(H60=110,0.095,IF(H60=160,0.198005,"")))) | AK60: =IFERROR(P60*3*AJ60,"") | AL60: =IFERROR(Q60*4*AJ60,"") | AM60: =IFERROR(R60*5*AJ60,"") | AN60: =IFERROR(S60*6*AJ60,"") | AP60: 5 | AR60: =IFERROR(AP60*AQ60*AS62,0) -> 0 | AX60: =AT60*3+AU60*4+AV60*5+AW60*6 -> 0 | AY60: =AX60*I60 -> 0
AJ61: =IF(H61=130,0.132335,IF(H61=100,0.0785,IF(H61=110,0.095,IF(H61=160,0.198005,"")))) | AK61: =IFERROR(P61*3*AJ61,"") | AL61: =IFERROR(Q61*4*AJ61,"") | AM61: =IFERROR(R61*5*AJ61,"") | AN61: =IFERROR(S61*6*AJ61,"") | AP61: 4 | AR61: =IFERROR(AP61*AQ61*AS62,0) -> 0 | AX61: =AT61*3+AU61*4+AV61*5+AW61*6 -> 0 | AY61: =AX61*I61 -> 0
AJ62: =IF(H62=130,0.132335,IF(H62=100,0.0785,IF(H62=110,0.095,IF(H62=160,0.198005,"")))) | AK62: =IFERROR(P62*3*AJ62,"") | AL62: =IFERROR(Q62*4*AJ62,"") | AM62: =IFERROR(R62*5*AJ62,"") | AN62: =IFERROR(S62*6*AJ62,"") | AP62: 3 | AR62: =IFERROR(AP62*AQ62*AS62,0) -> 0 | AS62: =IFERROR(AR63/((AP62*AQ62)+(AP61*AQ61)+(AP60*AQ60)+(AP59*AQ59)),0) -> 0 | AX62: =AT62*3+AU62*4+AV62*5+AW62*6 -> 0 | AY62: =AX62*I62 -> 0
AJ63: =IF(H63=130,0.132335,IF(H63=100,0.0785,IF(H63=110,0.095,IF(H63=160,0.198005,"")))) | AK63: =IFERROR(P63*3*AJ63,"") | AL63: =IFERROR(Q63*4*AJ63,"") | AM63: =IFERROR(R63*5*AJ63,"") | AN63: =IFERROR(S63*6*AJ63,"") | AX63: =AT63*3+AU63*4+AV63*5+AW63*6 -> 0 | AY63: =AX63*I63 -> 0
AJ64: =IF(H64=130,0.132335,IF(H64=100,0.0785,IF(H64=110,0.095,IF(H64=160,0.198005,"")))) | AK64: =IFERROR(P64*3*AJ64,"") | AL64: =IFERROR(Q64*4*AJ64,"") | AM64: =IFERROR(R64*5*AJ64,"") | AN64: =IFERROR(S64*6*AJ64,"") | AP64: HOTOUT | AX64: =AT64*3+AU64*4+AV64*5+AW64*6 -> 0 | AY64: =AX64*I64 -> 0
AJ65: =IF(H65=130,0.132335,IF(H65=100,0.0785,IF(H65=110,0.095,IF(H65=160,0.198005,"")))) | AK65: =IFERROR(P65*3*AJ65,"") | AL65: =IFERROR(Q65*4*AJ65,"") | AM65: =IFERROR(R65*5*AJ65,"") | AN65: =IFERROR(S65*6*AJ65,"") | AO65: 160 | AX65: =AT65*3+AU65*4+AV65*5+AW65*6 -> 0 | AY65: =AX65*I65 -> 0
AJ66: =IF(H66=130,0.132335,IF(H66=100,0.0785,IF(H66=110,0.095,IF(H66=160,0.198005,"")))) | AK66: =IFERROR(P66*3*AJ66,"") | AL66: =IFERROR(Q66*4*AJ66,"") | AM66: =IFERROR(R66*5*AJ66,"") | AN66: =IFERROR(S66*6*AJ66,"") | AX66: =AT66*3+AU66*4+AV66*5+AW66*6 -> 0 | AY66: =AX66*I66 -> 0
AJ67: =IF(H67=130,0.132335,IF(H67=100,0.0785,IF(H67=110,0.095,IF(H67=160,0.198005,"")))) | AK67: =IFERROR(P67*3*AJ67,"") | AL67: =IFERROR(Q67*4*AJ67,"") | AM67: =IFERROR(R67*5*AJ67,"") | AN67: =IFERROR(S67*6*AJ67,"") | AP67: 6 | AR67: =IFERROR(AP67*AQ67*AS70,0) -> 0 | AX67: =AT67*3+AU67*4+AV67*5+AW67*6 -> 0 | AY67: =AX67*I67 -> 0
AJ68: =IF(H68=130,0.132335,IF(H68=100,0.0785,IF(H68=110,0.095,IF(H68=160,0.198005,"")))) | AK68: =IFERROR(P68*3*AJ68,"") | AL68: =IFERROR(Q68*4*AJ68,"") | AM68: =IFERROR(R68*5*AJ68,"") | AN68: =IFERROR(S68*6*AJ68,"") | AP68: 5 | AR68: =IFERROR(AP68*AQ68*AS70,0) -> 0 | AX68: =AT68*3+AU68*4+AV68*5+AW68*6 -> 0 | AY68: =AX68*I68 -> 0
AJ69: =IF(H69=130,0.132335,IF(H69=100,0.0785,IF(H69=110,0.095,IF(H69=160,0.198005,"")))) | AK69: =IFERROR(P69*3*AJ69,"") | AL69: =IFERROR(Q69*4*AJ69,"") | AM69: =IFERROR(R69*5*AJ69,"") | AN69: =IFERROR(S69*6*AJ69,"") | AP69: 4 | AR69: =IFERROR(AP69*AQ69*AS70,0) -> 0 | AX69: =AT69*3+AU69*4+AV69*5+AW69*6 -> 0 | AY69: =AX69*I69 -> 0
AP70: 3 | AR70: =IFERROR(AP70*AQ70*AS70,0) -> 0 | AS70: =IFERROR(AR71/((AP70*AQ70)+(AP69*AQ69)+(AP68*AQ68)+(AP67*AQ67)),0) -> 0
AK71: =SUM(AK58:AK70) -> 0 | AL71: =SUM(AL58:AL70) -> 0 | AM71: =SUM(AM58:AM70) -> 0 | AN71: =SUM(AN58:AN70) -> 0
AR72: =AR63+AR71 -> 0
AK74: HEAT WISE TRANSFER | AP74: HOTOUT | AT74: F&L BYPASS | AX74: MTR | AY74: WEIGHT
AK75: 3MTR | AL75: 4MTR | AM75: 5MTR | AN75: 6MTR | AO75: 130 | AT75: 3M | AU75: 4M | AV75: 5M | AW75: 6M
AJ76: =IF(H76=130,0.132335,IF(H76=100,0.0785,IF(H76=110,0.095,IF(H76=160,0.198005,"")))) | AK76: =IFERROR(P76*3*AJ76,"") | AL76: =IFERROR(Q76*4*AJ76,"") | AM76: =IFERROR(R76*5*AJ76,"") | AN76: =IFERROR(S76*6*AJ76,"") | AX76: =AT76*3+AU76*4+AV76*5+AW76*6 -> 0 | AY76: =AX76*I76 -> 0
AJ77: =IF(H77=130,0.132335,IF(H77=100,0.0785,IF(H77=110,0.095,IF(H77=160,0.198005,"")))) | AK77: =IFERROR(P77*3*AJ77,"") | AL77: =IFERROR(Q77*4*AJ77,"") | AM77: =IFERROR(R77*5*AJ77,"") | AN77: =IFERROR(S77*6*AJ77,"") | AP77: 6 | AR77: =IFERROR(AP77*AQ77*AS80,0) -> 0 | AX77: =AT77*3+AU77*4+AV77*5+AW77*6 -> 0 | AY77: =AX77*I77 -> 0
AJ78: =IF(H78=130,0.132335,IF(H78=100,0.0785,IF(H78=110,0.095,IF(H78=160,0.198005,"")))) | AK78: =IFERROR(P78*3*AJ78,"") | AL78: =IFERROR(Q78*4*AJ78,"") | AM78: =IFERROR(R78*5*AJ78,"") | AN78: =IFERROR(S78*6*AJ78,"") | AP78: 5 | AR78: =IFERROR(AP78*AQ78*AS80,0) -> 0 | AX78: =AT78*3+AU78*4+AV78*5+AW78*6 -> 0 | AY78: =AX78*I78 -> 0
AJ79: =IF(H79=130,0.132335,IF(H79=100,0.0785,IF(H79=110,0.095,IF(H79=160,0.198005,"")))) | AK79: =IFERROR(P79*3*AJ79,"") | AL79: =IFERROR(Q79*4*AJ79,"") | AM79: =IFERROR(R79*5*AJ79,"") | AN79: =IFERROR(S79*6*AJ79,"") | AP79: 4 | AR79: =IFERROR(AP79*AQ79*AS80,0) -> 0 | AX79: =AT79*3+AU79*4+AV79*5+AW79*6 -> 0 | AY79: =AX79*I79 -> 0
AJ80: =IF(H80=130,0.132335,IF(H80=100,0.0785,IF(H80=110,0.095,IF(H80=160,0.198005,"")))) | AK80: =IFERROR(P80*3*AJ80,"") | AL80: =IFERROR(Q80*4*AJ80,"") | AM80: =IFERROR(R80*5*AJ80,"") | AN80: =IFERROR(S80*6*AJ80,"") | AP80: 3 | AR80: =IFERROR(AP80*AQ80*AS80,0) -> 0 | AS80: =IFERROR(AR81/((AP80*AQ80)+(AP79*AQ79)+(AP78*AQ78)+(AP77*AQ77)),0) -> 0 | AX80: =AT80*3+AU80*4+AV80*5+AW80*6 -> 0 | AY80: =AX80*I80 -> 0
AJ81: =IF(H81=130,0.132335,IF(H81=100,0.0785,IF(H81=110,0.095,IF(H81=160,0.198005,"")))) | AK81: =IFERROR(P81*3*AJ81,"") | AL81: =IFERROR(Q81*4*AJ81,"") | AM81: =IFERROR(R81*5*AJ81,"") | AN81: =IFERROR(S81*6*AJ81,"") | AX81: =AT81*3+AU81*4+AV81*5+AW81*6 -> 0 | AY81: =AX81*I81 -> 0
AJ82: =IF(H82=130,0.132335,IF(H82=100,0.0785,IF(H82=110,0.095,IF(H82=160,0.198005,"")))) | AK82: =IFERROR(P82*3*AJ82,"") | AL82: =IFERROR(Q82*4*AJ82,"") | AM82: =IFERROR(R82*5*AJ82,"") | AN82: =IFERROR(S82*6*AJ82,"") | AP82: HOTOUT | AX82: =AT82*3+AU82*4+AV82*5+AW82*6 -> 0 | AY82: =AX82*I82 -> 0
AJ83: =IF(H83=130,0.132335,IF(H83=100,0.0785,IF(H83=110,0.095,IF(H83=160,0.198005,"")))) | AK83: =IFERROR(P83*3*AJ83,"") | AL83: =IFERROR(Q83*4*AJ83,"") | AM83: =IFERROR(R83*5*AJ83,"") | AN83: =IFERROR(S83*6*AJ83,"") | AO83: 160 | AX83: =AT83*3+AU83*4+AV83*5+AW83*6 -> 0 | AY83: =AX83*I83 -> 0
AJ84: =IF(H84=130,0.132335,IF(H84=100,0.0785,IF(H84=110,0.095,IF(H84=160,0.198005,"")))) | AK84: =IFERROR(P84*3*AJ84,"") | AL84: =IFERROR(Q84*4*AJ84,"") | AM84: =IFERROR(R84*5*AJ84,"") | AN84: =IFERROR(S84*6*AJ84,"") | AX84: =AT84*3+AU84*4+AV84*5+AW84*6 -> 0 | AY84: =AX84*I84 -> 0
AJ85: =IF(H85=130,0.132335,IF(H85=100,0.0785,IF(H85=110,0.095,IF(H85=160,0.198005,"")))) | AK85: =IFERROR(P85*3*AJ85,"") | AL85: =IFERROR(Q85*4*AJ85,"") | AM85: =IFERROR(R85*5*AJ85,"") | AN85: =IFERROR(S85*6*AJ85,"") | AP85: 6 | AR85: =IFERROR(AP85*AQ85*AS88,0) -> 0 | AX85: =AT85*3+AU85*4+AV85*5+AW85*6 -> 0 | AY85: =AX85*I85 -> 0
AJ86: =IF(H86=130,0.132335,IF(H86=100,0.0785,IF(H86=110,0.095,IF(H86=160,0.198005,"")))) | AK86: =IFERROR(P86*3*AJ86,"") | AL86: =IFERROR(Q86*4*AJ86,"") | AM86: =IFERROR(R86*5*AJ86,"") | AN86: =IFERROR(S86*6*AJ86,"") | AP86: 5 | AR86: =IFERROR(AP86*AQ86*AS88,0) -> 0 | AX86: =AT86*3+AU86*4+AV86*5+AW86*6 -> 0 | AY86: =AX86*I86 -> 0
AJ87: =IF(H87=130,0.132335,IF(H87=100,0.0785,IF(H87=110,0.095,IF(H87=160,0.198005,"")))) | AK87: =IFERROR(P87*3*AJ87,"") | AL87: =IFERROR(Q87*4*AJ87,"") | AM87: =IFERROR(R87*5*AJ87,"") | AN87: =IFERROR(S87*6*AJ87,"") | AP87: 4 | AR87: =IFERROR(AP87*AQ87*AS88,0) -> 0 | AX87: =AT87*3+AU87*4+AV87*5+AW87*6 -> 0 | AY87: =AX87*I87 -> 0
AP88: 3 | AR88: =IFERROR(AP88*AQ88*AS88,0) -> 0 | AS88: =IFERROR(AR89/((AP88*AQ88)+(AP87*AQ87)+(AP86*AQ86)+(AP85*AQ85)),0) -> 0
AK89: =SUM(AK76:AK88) -> 0 | AL89: =SUM(AL76:AL88) -> 0 | AM89: =SUM(AM76:AM88) -> 0 | AN89: =SUM(AN76:AN88) -> 0
AR90: =AR81+AR89 -> 0
AK92: HEAT WISE TRANSFER | AP92: HOTOUT | AT92: F&L BYPASS | AX92: MTR | AY92: WEIGHT
AK93: 3MTR | AL93: 4MTR | AM93: 5MTR | AN93: 6MTR | AO93: 130 | AT93: 3M | AU93: 4M | AV93: 5M | AW93: 6M
AJ94: =IF(H94=130,0.132335,IF(H94=100,0.0785,IF(H94=110,0.095,IF(H94=160,0.198005,"")))) | AK94: =IFERROR(P94*3*AJ94,"") | AL94: =IFERROR(Q94*4*AJ94,"") | AM94: =IFERROR(R94*5*AJ94,"") | AN94: =IFERROR(S94*6*AJ94,"") | AX94: =AT94*3+AU94*4+AV94*5+AW94*6 -> 0 | AY94: =AX94*I94 -> 0
AJ95: =IF(H95=130,0.132335,IF(H95=100,0.0785,IF(H95=110,0.095,IF(H95=160,0.198005,"")))) | AK95: =IFERROR(P95*3*AJ95,"") | AL95: =IFERROR(Q95*4*AJ95,"") | AM95: =IFERROR(R95*5*AJ95,"") | AN95: =IFERROR(S95*6*AJ95,"") | AP95: 6 | AR95: =IFERROR(AP95*AQ95*AS98,0) -> 0 | AX95: =AT95*3+AU95*4+AV95*5+AW95*6 -> 0 | AY95: =AX95*I95 -> 0
AJ96: =IF(H96=130,0.132335,IF(H96=100,0.0785,IF(H96=110,0.095,IF(H96=160,0.198005,"")))) | AK96: =IFERROR(P96*3*AJ96,"") | AL96: =IFERROR(Q96*4*AJ96,"") | AM96: =IFERROR(R96*5*AJ96,"") | AN96: =IFERROR(S96*6*AJ96,"") | AP96: 5 | AR96: =IFERROR(AP96*AQ96*AS98,0) -> 0 | AX96: =AT96*3+AU96*4+AV96*5+AW96*6 -> 0 | AY96: =AX96*I96 -> 0
AJ97: =IF(H97=130,0.132335,IF(H97=100,0.0785,IF(H97=110,0.095,IF(H97=160,0.198005,"")))) | AK97: =IFERROR(P97*3*AJ97,"") | AL97: =IFERROR(Q97*4*AJ97,"") | AM97: =IFERROR(R97*5*AJ97,"") | AN97: =IFERROR(S97*6*AJ97,"") | AP97: 4 | AR97: =IFERROR(AP97*AQ97*AS98,0) -> 0 | AX97: =AT97*3+AU97*4+AV97*5+AW97*6 -> 0 | AY97: =AX97*I97 -> 0
AJ98: =IF(H98=130,0.132335,IF(H98=100,0.0785,IF(H98=110,0.095,IF(H98=160,0.198005,"")))) | AK98: =IFERROR(P98*3*AJ98,"") | AL98: =IFERROR(Q98*4*AJ98,"") | AM98: =IFERROR(R98*5*AJ98,"") | AN98: =IFERROR(S98*6*AJ98,"") | AP98: 3 | AR98: =IFERROR(AP98*AQ98*AS98,0) -> 0 | AS98: =IFERROR(AR99/((AP98*AQ98)+(AP97*AQ97)+(AP96*AQ96)+(AP95*AQ95)),0) -> 0 | AX98: =AT98*3+AU98*4+AV98*5+AW98*6 -> 0 | AY98: =AX98*I98 -> 0
AJ99: =IF(H99=130,0.132335,IF(H99=100,0.0785,IF(H99=110,0.095,IF(H99=160,0.198005,"")))) | AK99: =IFERROR(P99*3*AJ99,"") | AL99: =IFERROR(Q99*4*AJ99,"") | AM99: =IFERROR(R99*5*AJ99,"") | AN99: =IFERROR(S99*6*AJ99,"") | AX99: =AT99*3+AU99*4+AV99*5+AW99*6 -> 0 | AY99: =AX99*I99 -> 0
AJ100: =IF(H100=130,0.132335,IF(H100=100,0.0785,IF(H100=110,0.095,IF(H100=160,0.198005,"")))) | AK100: =IFERROR(P100*3*AJ100,"") | AL100: =IFERROR(Q100*4*AJ100,"") | AM100: =IFERROR(R100*5*AJ100,"") | AN100: =IFERROR(S100*6*AJ100,"") | AP100: HOTOUT | AX100: =AT100*3+AU100*4+AV100*5+AW100*6 -> 0 | AY100: =AX100*I100 -> 0
AJ101: =IF(H101=130,0.132335,IF(H101=100,0.0785,IF(H101=110,0.095,IF(H101=160,0.198005,"")))) | AK101: =IFERROR(P101*3*AJ101,"") | AL101: =IFERROR(Q101*4*AJ101,"") | AM101: =IFERROR(R101*5*AJ101,"") | AN101: =IFERROR(S101*6*AJ101,"") | AO101: 160 | AX101: =AT101*3+AU101*4+AV101*5+AW101*6 -> 0 | AY101: =AX101*I101 -> 0
AJ102: =IF(H102=130,0.132335,IF(H102=100,0.0785,IF(H102=110,0.095,IF(H102=160,0.198005,"")))) | AK102: =IFERROR(P102*3*AJ102,"") | AL102: =IFERROR(Q102*4*AJ102,"") | AM102: =IFERROR(R102*5*AJ102,"") | AN102: =IFERROR(S102*6*AJ102,"") | AX102: =AT102*3+AU102*4+AV102*5+AW102*6 -> 0 | AY102: =AX102*I102 -> 0
AJ103: =IF(H103=130,0.132335,IF(H103=100,0.0785,IF(H103=110,0.095,IF(H103=160,0.198005,"")))) | AK103: =IFERROR(P103*3*AJ103,"") | AL103: =IFERROR(Q103*4*AJ103,"") | AM103: =IFERROR(R103*5*AJ103,"") | AN103: =IFERROR(S103*6*AJ103,"") | AP103: 6 | AR103: =IFERROR(AP103*AQ103*AS106,0) -> 0 | AX103: =AT103*3+AU103*4+AV103*5+AW103*6 -> 0 | AY103: =AX103*I103 -> 0
AJ104: =IF(H104=130,0.132335,IF(H104=100,0.0785,IF(H104=110,0.095,IF(H104=160,0.198005,"")))) | AK104: =IFERROR(P104*3*AJ104,"") | AL104: =IFERROR(Q104*4*AJ104,"") | AM104: =IFERROR(R104*5*AJ104,"") | AN104: =IFERROR(S104*6*AJ104,"") | AP104: 5 | AR104: =IFERROR(AP104*AQ104*AS106,0) -> 0 | AX104: =AT104*3+AU104*4+AV104*5+AW104*6 -> 0 | AY104: =AX104*I104 -> 0
AJ105: =IF(H105=130,0.132335,IF(H105=100,0.0785,IF(H105=110,0.095,IF(H105=160,0.198005,"")))) | AK105: =IFERROR(P105*3*AJ105,"") | AL105: =IFERROR(Q105*4*AJ105,"") | AM105: =IFERROR(R105*5*AJ105,"") | AN105: =IFERROR(S105*6*AJ105,"") | AP105: 4 | AR105: =IFERROR(AP105*AQ105*AS106,0) -> 0 | AX105: =AT105*3+AU105*4+AV105*5+AW105*6 -> 0 | AY105: =AX105*I105 -> 0
...

Sheet Strip Mill
A1: COLD BILLET CHARGING SMS TO STRIP MILL
A2: DATE | C2: Analysis Report | H2: SIZE | I2: 130 X 130 | M2: TOTAL MTR | N2: Quantity (MT) | S2: TOTAL MTR | T2: Quantity (MT) | U2: Total Prod. (in Heat)
B3: H.No. | C3: % C | D3: % Mn | E3: % Si | F3: % S | G3: % P | I3: 3M | J3: 4M | K3: 5M | L3: 6M | O3: 3 M | P3: 4M | Q3: 5M | R3: 6M
A4: =Prod.!A4 -> 46296 | B4: =Prod.!B4 -> 1.10.1 | C4: =Prod.!C4 -> 0 | D4: =Prod.!D4 -> 0 | E4: =Prod.!E4 -> 0 | F4: =Prod.!F4 -> 0 | G4: =Prod.!G4 -> 0 | H4: =IF(Prod.!H4=130,"130 × 130",IF(Prod.!H4=160,"160 × 160",IF(Prod.!H4=110,"110 × 110",""))) | I4: =Prod.!J4 -> 0 | J4: =Prod.!K4 -> 0 | K4: =Prod.!L4 -> 0 | L4: =Prod.!M4 -> 0 | M4: =Prod.!N4 -> 0 | N4: =Prod.!O4 -> 0 | O4: =Prod.!P4 -> 0 | P4: =Prod.!Q4 -> 0 | ... R4: =Prod.!S4 -> 0 | S4: =O4*3+P4*4+Q4*5+R4*6 -> 0 | T4: =Prod.!U4 | U4: =Prod.!AB4
B5: =Prod.!B5 -> 1.10.2 | C5: =Prod.!C5 -> 0 | D5: =Prod.!D5 -> 0 | E5: =Prod.!E5 -> 0 | F5: =Prod.!F5 -> 0 | G5: =Prod.!G5 -> 0 | H5: =IF(Prod.!H5=130,"130 × 130",IF(Prod.!H5=160,"160 × 160",IF(Prod.!H5=110,"110 × 110",""))) | I5: =Prod.!J5 -> 0 | J5: =Prod.!K5 -> 0 | K5: =Prod.!L5 -> 0 | L5: =Prod.!M5 -> 0 | M5: =Prod.!N5 -> 0 | N5: =Prod.!O5 -> 0 | O5: =Prod.!P5 -> 0 | P5: =Prod.!Q5 -> 0 | ... R5: =Prod.!S5 -> 0 | S5: =O5*3+P5*4+Q5*5+R5*6 -> 0 | T5: =Prod.!U5 | U5: =Prod.!AB5
B6: =Prod.!B6 -> 1.10.3 | C6: =Prod.!C6 -> 0 | D6: =Prod.!D6 -> 0 | E6: =Prod.!E6 -> 0 | F6: =Prod.!F6 -> 0 | G6: =Prod.!G6 -> 0 | H6: =IF(Prod.!H6=130,"130 × 130",IF(Prod.!H6=160,"160 × 160",IF(Prod.!H6=110,"110 × 110",""))) | I6: =Prod.!J6 -> 0 | J6: =Prod.!K6 -> 0 | K6: =Prod.!L6 -> 0 | L6: =Prod.!M6 -> 0 | M6: =Prod.!N6 -> 0 | N6: =Prod.!O6 -> 0 | O6: =Prod.!P6 -> 0 | P6: =Prod.!Q6 -> 0 | ... R6: =Prod.!S6 -> 0 | S6: =O6*3+P6*4+Q6*5+R6*6 -> 0 | T6: =Prod.!U6 | U6: =Prod.!AB6
B7: =Prod.!B7 -> 1.10.4 | C7: =Prod.!C7 -> 0 | D7: =Prod.!D7 -> 0 | E7: =Prod.!E7 -> 0 | F7: =Prod.!F7 -> 0 | G7: =Prod.!G7 -> 0 | H7: =IF(Prod.!H7=130,"130 × 130",IF(Prod.!H7=160,"160 × 160",IF(Prod.!H7=110,"110 × 110",""))) | I7: =Prod.!J7 -> 0 | J7: =Prod.!K7 -> 0 | K7: =Prod.!L7 -> 0 | L7: =Prod.!M7 -> 0 | M7: =Prod.!N7 -> 0 | N7: =Prod.!O7 -> 0 | O7: =Prod.!P7 -> 0 | P7: =Prod.!Q7 -> 0 | ... R7: =Prod.!S7 -> 0 | S7: =O7*3+P7*4+Q7*5+R7*6 -> 0 | T7: =Prod.!U7 | U7: =Prod.!AB7
B8: =Prod.!B8 -> 1.10.5 | C8: =Prod.!C8 -> 0 | D8: =Prod.!D8 -> 0 | E8: =Prod.!E8 -> 0 | F8: =Prod.!F8 -> 0 | G8: =Prod.!G8 -> 0 | H8: =IF(Prod.!H8=130,"130 × 130",IF(Prod.!H8=160,"160 × 160",IF(Prod.!H8=110,"110 × 110",""))) | I8: =Prod.!J8 -> 0 | J8: =Prod.!K8 -> 0 | K8: =Prod.!L8 -> 0 | L8: =Prod.!M8 -> 0 | M8: =Prod.!N8 -> 0 | N8: =Prod.!O8 -> 0 | O8: =Prod.!P8 -> 0 | P8: =Prod.!Q8 -> 0 | ... R8: =Prod.!S8 -> 0 | S8: =O8*3+P8*4+Q8*5+R8*6 -> 0 | T8: =Prod.!U8 | U8: =Prod.!AB8
B9: =Prod.!B9 -> 1.10.6 | C9: =Prod.!C9 -> 0 | D9: =Prod.!D9 -> 0 | E9: =Prod.!E9 -> 0 | F9: =Prod.!F9 -> 0 | G9: =Prod.!G9 -> 0 | H9: =IF(Prod.!H9=130,"130 × 130",IF(Prod.!H9=160,"160 × 160",IF(Prod.!H9=110,"110 × 110",""))) | I9: =Prod.!J9 -> 0 | J9: =Prod.!K9 -> 0 | K9: =Prod.!L9 -> 0 | L9: =Prod.!M9 -> 0 | M9: =Prod.!N9 -> 0 | N9: =Prod.!O9 -> 0 | O9: =Prod.!P9 -> 0 | P9: =Prod.!Q9 -> 0 | ... R9: =Prod.!S9 -> 0 | S9: =O9*3+P9*4+Q9*5+R9*6 -> 0 | T9: =Prod.!U9 | U9: =Prod.!AB9
B10: =Prod.!B10 -> 1.10.7 | C10: =Prod.!C10 -> 0 | D10: =Prod.!D10 -> 0 | E10: =Prod.!E10 -> 0 | F10: =Prod.!F10 -> 0 | G10: =Prod.!G10 -> 0 | H10: =IF(Prod.!H10=130,"130 × 130",IF(Prod.!H10=160,"160 × 160",IF(Prod.!H10=110,"110 × 110",""))) | I10: =Prod.!J10 -> 0 | J10: =Prod.!K10 -> 0 | K10: =Prod.!L10 -> 0 | L10: =Prod.!M10 -> 0 | M10: =Prod.!N10 -> 0 | N10: =Prod.!O10 -> 0 | O10: =Prod.!P10 -> 0 | P10: =Prod.!Q10 -> 0 | ... R10: =Prod.!S10 -> 0 | S10: =O10*3+P10*4+Q10*5+R10*6 -> 0 | T10: =Prod.!U10 | U10: =Prod.!AB10
B11: =Prod.!B11 -> 1.10.8 | C11: =Prod.!C11 -> 0 | D11: =Prod.!D11 -> 0 | E11: =Prod.!E11 -> 0 | F11: =Prod.!F11 -> 0 | G11: =Prod.!G11 -> 0 | H11: =IF(Prod.!H11=130,"130 × 130",IF(Prod.!H11=160,"160 × 160",IF(Prod.!H11=110,"110 × 110",""))) | I11: =Prod.!J11 -> 0 | J11: =Prod.!K11 -> 0 | K11: =Prod.!L11 -> 0 | L11: =Prod.!M11 -> 0 | M11: =Prod.!N11 -> 0 | N11: =Prod.!O11 -> 0 | O11: =Prod.!P11 -> 0 | P11: =Prod.!Q11 -> 0 | ... R11: =Prod.!S11 -> 0 | S11: =O11*3+P11*4+Q11*5+R11*6 -> 0 | T11: =Prod.!U11 | U11: =Prod.!AB11
B12: =Prod.!B12 -> 1.10.9 | C12: =Prod.!C12 -> 0 | D12: =Prod.!D12 -> 0 | E12: =Prod.!E12 -> 0 | F12: =Prod.!F12 -> 0 | G12: =Prod.!G12 -> 0 | H12: =IF(Prod.!H12=130,"130 × 130",IF(Prod.!H12=160,"160 × 160",IF(Prod.!H12=110,"110 × 110",""))) | I12: =Prod.!J12 -> 0 | J12: =Prod.!K12 -> 0 | K12: =Prod.!L12 -> 0 | L12: =Prod.!M12 -> 0 | M12: =Prod.!N12 -> 0 | N12: =Prod.!O12 -> 0 | O12: =Prod.!P12 -> 0 | P12: =Prod.!Q12 -> 0 | ... R12: =Prod.!S12 -> 0 | S12: =O12*3+P12*4+Q12*5+R12*6 -> 0 | T12: =Prod.!U12 | U12: =Prod.!AB12
B13: =Prod.!B13 -> 1.10.10 | C13: =Prod.!C13 -> 0 | D13: =Prod.!D13 -> 0 | E13: =Prod.!E13 -> 0 | F13: =Prod.!F13 -> 0 | G13: =Prod.!G13 -> 0 | H13: =IF(Prod.!H13=130,"130 × 130",IF(Prod.!H13=160,"160 × 160",IF(Prod.!H13=110,"110 × 110",""))) | I13: =Prod.!J13 -> 0 | J13: =Prod.!K13 -> 0 | K13: =Prod.!L13 -> 0 | L13: =Prod.!M13 -> 0 | M13: =Prod.!N13 -> 0 | N13: =Prod.!O13 -> 0 | O13: =Prod.!P13 -> 0 | P13: =Prod.!Q13 -> 0 | ... R13: =Prod.!S13 -> 0 | S13: =O13*3+P13*4+Q13*5+R13*6 -> 0 | T13: =Prod.!U13 | U13: =Prod.!AB13
B14: =Prod.!B14 -> 1.10.11 | C14: =Prod.!C14 -> 0 | D14: =Prod.!D14 -> 0 | E14: =Prod.!E14 -> 0 | F14: =Prod.!F14 -> 0 | G14: =Prod.!G14 -> 0 | H14: =IF(Prod.!H14=130,"130 × 130",IF(Prod.!H14=160,"160 × 160",IF(Prod.!H14=110,"110 × 110",""))) | I14: =Prod.!J14 -> 0 | J14: =Prod.!K14 -> 0 | K14: =Prod.!L14 -> 0 | L14: =Prod.!M14 -> 0 | M14: =Prod.!N14 -> 0 | N14: =Prod.!O14 -> 0 | O14: =Prod.!P14 -> 0 | P14: =Prod.!Q14 -> 0 | ... R14: =Prod.!S14 -> 0 | S14: =O14*3+P14*4+Q14*5+R14*6 -> 0 | T14: =Prod.!U14 | U14: =Prod.!AB14
B15: =Prod.!B15 -> 1.10.12 | C15: =Prod.!C15 -> 0 | D15: =Prod.!D15 -> 0 | E15: =Prod.!E15 -> 0 | F15: =Prod.!F15 -> 0 | G15: =Prod.!G15 -> 0 | H15: =IF(Prod.!H15=130,"130 × 130",IF(Prod.!H15=160,"160 × 160",IF(Prod.!H15=110,"110 × 110",""))) | I15: =Prod.!J15 -> 0 | J15: =Prod.!K15 -> 0 | K15: =Prod.!L15 -> 0 | L15: =Prod.!M15 -> 0 | M15: =Prod.!N15 -> 0 | N15: =Prod.!O15 -> 0 | O15: =Prod.!P15 -> 0 | P15: =Prod.!Q15 -> 0 | ... R15: =Prod.!S15 -> 0 | S15: =O15*3+P15*4+Q15*5+R15*6 -> 0 | T15: =Prod.!U15 | U15: =Prod.!AB15
N16: =SUM(N4:N15) -> 0
B17: RHF | H17: 160 × 160 | I17: =Prod.!J18 -> 0 | J17: =Prod.!K18 -> 0 | K17: =Prod.!L18 -> 0 | L17: =Prod.!M18 -> 0 | N17: =Prod.!O18-N18 -> 0
H18: 130 × 130 | I18: =Prod.!J17 -> 0 | J18: =Prod.!K17 -> 0 | K18: =Prod.!L17 -> 0 | L18: =Prod.!M17 -> 0 | N18: =Prod.!O17 -> 0 | O18: =SUM(O4:O16) -> 0 | P18: =SUM(P4:P16) -> 0 | Q18: =SUM(Q4:Q16) -> 0 | R18: =SUM(R4:R16) -> 0 | S18: =SUM(S4:S17) -> 0 | T18: =SUM(T4:T17) -> 0 | U18: =SUM(U4:U17) -> 0

Sheet Monthly Prod
A1: Date | B1: =SUM(B3:B33) -> 0 | C1: =SUM(C3:C33) -> 0 | D1: =SUM(D3:D33) -> 0 | E1: =SUM(E3:E33) -> 0 | F1: =SUM(F3:F33) -> 0 | G1: =SUM(G3:G33) -> 0 | H1: =SUM(H3:H33) -> 0 | I1: =SUM(I3:I33) -> 12 | Q1: =B1/(COUNTA(B3:B33)) -> 0 | R1: =B1/I1 -> 0
B2: Total Prod | C2: Hot Charging | D2: RHF | E2: Bypass | F2: Hotout Net Weight | G2: Hotout Calculated Weight | H2: Dispatch | I2: HEAT | J2: OPENING | K2: M2M | L2: CONSUMPTION IN STRIP MILL | M2: COIL | N2: MISSROLL | O2: MILL SCALE | P2: TOTAL | Q2: MT/DAY | R2: MT/HEAT | S2: =Q1*30 -> 0 | T2: =S2-10750 -> -10750 | U2: =T2*350 -> -3762500 | V2: =U2*18% -> -677250 | W2: =V2/18 -> -37625
A3: 46296 | B3: =IF(INDIRECT("Prod.!AB" & (ROW()-3)*18+18)<>0, INDIRECT("Prod.!AB" & (ROW()-3)*18+18), 0) -> 0 | C3: =IF(INDIRECT("Prod.!U" & (ROW()-3)*18+18)<>0, INDIRECT("Prod.!U" & (ROW()-3)*18+18), 0) -> 0 | D3: =IF(INDIRECT("Prod.!O" & (ROW()-3)*18+18)<>0, INDIRECT("Prod.!O" & (ROW()-3)*18+18), 0) -> 0 | E3: =IF(INDIRECT("Prod.!AA" & (ROW()-3)*18+18)<>0, INDIRECT("Prod.!AA" & (ROW()-3)*18+18), 0) -> 0 | F3: =IF(INDIRECT("Prod.!AR" & (ROW()-3)*18+18)<>0, INDIRECT("Prod.!AR" & (ROW()-3)*18+18), 0) -> 0 | G3: =IF(INDIRECT("Prod.!AH" & (ROW()-3)*18+18)<>0, INDIRECT("Prod.!AH" & (ROW()-3)*18+18), 0) -> 0 | H3: =IF(INDIRECT("Prod.!T" & (ROW()-3)*18+18)<>0, INDIRECT("Prod.!T" & (ROW()-3)*18+18), 0) -> 0 | I3: =IF(INDIRECT("Prod.!A" & (ROW()-3)*18+18)<>0, INDIRECT("Prod.!A" & (ROW()-3)*18+18), 0) -> 12 | J3: 109.811 | K3: =C3+D3-F3 -> 0 | L3: 179.843 | M3: 177.145 | O3: 2.698 | P3: =M3+N3+O3 -> 179.843
A4: 46297 | J4: -2.204 | K4: =C4+D4-F4 -> 0 | L4: 172.035 | M4: 169.454 | O4: 2.581 | P4: =M4+N4+O4 -> 172.035 | R4: STOCK
A5: 46298 | K5: =C5+D5-F5 -> 0 | L5: 239.128 | M5: 228.906 | N5: 6.352 | O5: 3.87 | P5: =M5+N5+O5 -> 239.128 | R5: =ROUND('Daily Stock'!Q15+B1-C1-D1+F1-H1,3) -> 662.854
A6: 46299 | K6: =C6+D6-F6 -> 0 | L6: 453.248 | M6: 429.531 | N6: 15.748 | O6: 7.969 | P6: =M6+N6+O6 -> 453.248 | Q6: OFFGRADE HEAT
A7: 46300 | K7: =C7+D7-F7 -> 0 | L7: 105.867 | M7: 97.648 | N7: 6.483 | O7: 1.736 | P7: =M7+N7+O7 -> 105.867 | Q7: =COUNTIFS(Prod.!B:B, ">0.12", Prod.!A:A, "<>MAX") -> 0
A8: 46301 | K8: =C8+D8-F8 -> 0 | L8: 473.23 | M8: 456.519 | N8: 8.337 | O8: 8.374 | P8: =M8+N8+O8 -> 473.23 | R8: =B2 -> Total Prod | S8: =B1 -> 0
A9: 46302 | K9: =C9+D9-F9 -> 0 | L9: 375.434 | M9: 365.527 | N9: 3.308 | O9: 6.599 | P9: =M9+N9+O9 -> 375.434 | Q9: =C1+D1-F1 -> 0 | R9: =C2 -> Hot Charging | S9: =C1 -> 0
A10: 46303 | K10: =C10+D10-F10 -> 0 | L10: 404.036 | M10: 424.122 | N10: 7.41 | O10: 7.819 | P10: =M10+N10+O10 -> 439.351 | R10: =D2 -> RHF | S10: =D1 -> 0
A11: 46304 | J11: TOTAL | K11: =SUM(K3:K10) -> 0 | L11: =SUM(L3:L10) -> 2402.821 | M11: =SUM(M3:M10) -> 2348.852 | N11: =SUM(N3:N10) -> 47.638 | O11: =SUM(O3:O10) -> 41.646 | P11: =SUM(P3:P10) -> 2438.136 | R11: =E2 -> Bypass | S11: =E1 -> 0
A12: 46305 | R12: =F2 -> Hotout Net Weight | S12: =F1 -> 0
A13: 46306 | R13: =H2 -> Dispatch | S13: =H1 -> 0
A14: 46307
A15: 46308
A16: 46309
A17: 46310
A18: 46311
A19: 46312
A20: 46313
A21: 46314
A22: 46315
A23: 46316
A24: 46317
A25: 46318
... A33: 46326

Sheet Billet Stock Format
A1: Calculation of physical verification of finished goods
A2: =R6 -> As on 01.10.2026
A4: Sl No. | B4: Particular | C4: Size | D4: Length (In Mtr) | E4: As per physical verification | H4: Quantity as per ERP (In Mt) | I4: Remarks
E5: No of Pieces/ Meter | F5: Standard Weight (Mt / piece) | G5: Quantity (In Mt)
A6: 1 | B6: MS BILLET | C6: 100*100 | D6: 6 | E6: 0 | F6: =D6*0.078 -> 0.468 | G6: =E6*F6 -> 0 | H6: 0 | K6: 110 X 6 | L6: ='Daily Stock'!Q22 -> 0 | R6: As on 01.10.2026
A7: 2 | B7: MS BILLET | C7: 100*100 | D7: short length | E7: 0 | F7: 0.078 | G7: =E7*F7 -> 0 | H7: 0 | K7: 110 X 5.25 | L7: ='Daily Stock'!Q23 -> 0 | R7: Size | T7: ERP STOCK | U7: Dispatchable | V7: Remark
A8: 3 | B8: SWADESH | C8: 160*160 | D8: 3 | E8: 1 | F8: =G8/E8 -> 0.58 | G8: 0.58 | H8: 0 | I8: =SUM(H8:H10) -> 6.911 | K8: 110 X R | L8: ='Daily Stock'!Q24 -> 6.911 | R8: 110x110 | S8: 6 | T8: =U8 -> 0 | U8: =H8 -> 0 | V8: Normal
A9: 4 | B9: MS BILLET | C9: 110*110 | D9: 5.25 | E9: =H9/F9 -> 0 | F9: =D9*0.095 -> 0.49875 | G9: =E9*F9 -> 0 | K9: 130 X 6 | L9: ='Daily Stock'!Q25 -> 74.87 | U9: 0
A10: 5 | B10: MS BILLET | C10: 110*110 | D10: short length | E10: =H10/F10 -> 72.747368 | F10: 0.095 | G10: =E10*F10 -> 6.911 | H10: =L8 -> 6.911 | K10: 130 X 5 | L10: ='Daily Stock'!Q26 -> 33.084 | S10: Random | T10: 0 | U10: 0
A11: 6 | B11: MS BILLET | C11: 130*130 | D11: 3 | E11: =H11/F11 -> 308.00116 | F11: =0.132335*D11 -> 0.397005 | G11: =E11*F11 -> 122.278 | H11: =L12 -> 122.278 | I11: =SUM(H11:H15) -> 263.326 | K11: 130 X 4 | L11: ='Daily Stock'!Q27 -> 33.094 | R11: 130x130 | S11: 6 | T11: =U11 -> 74.87 | U11: =H12 -> 74.87 | V11: Normal
A12: 7 | B12: MS BILLET | C12: 130*130 | D12: 6 | E12: =H12/F12 -> 94.293523 | F12: =0.132335*D12 -> 0.79401 | G12: =E12*F12 -> 74.87 | H12: =L9 -> 74.87 | K12: 130 X 3 | L12: ='Daily Stock'!Q28 -> 122.278
A13: 8 | B13: MS BILLET | C13: 130*130 | D13: 5 | E13: =H13/F13 -> 50.000378 | F13: =0.132335*D13 -> 0.661675 | G13: =E13*F13 -> 33.084 | H13: =L10 -> 33.084 | K13: 160 X R | L13: ='Daily Stock'!Q29 -> 0 | S13: 4 | T13: =U13 -> 33.094 | U13: =G14 -> 33.094 | V13: Normal | X13: As on 01.10.2026
A14: 9 | B14: MS BILLET | C14: 130*130 | D14: 4 | E14: =H14/F14 -> 62.519364 | F14: =0.132335*D14 -> 0.52934 | G14: =E14*F14 -> 33.094 | H14: =L11 -> 33.094 | K14: 160 X 5 | L14: ='Daily Stock'!Q30 -> 50.54 | X14: Current Stock | Y14: 110 x 110 | Z14: 130 x 130 | AA14: 160 x 160
A15: 10 | B15: MS BILLET | C15: 130*130 | D15: short length | E15: =H15/F15 -> 0 | F15: =0.132335 -> 0.132335 | G15: =E15*F15 -> 0 | H15: 0 | K15: 160 X 4 | L15: ='Daily Stock'!Q31 -> 82.29 | S15: 3 | T15: =U15 -> 122.278 | U15: =G11 -> 122.278 | V15: Normal | X15: Internal Billets | Y15: =I8 -> 6.911 | Z15: =I11 -> 263.326 | AA15: =I18 -> 392.617
A16: 11 | B16: AKASH | C16: 130*130 | D16: 6 | E16: =45+43+3-88 -> 3 | F16: =G16/E16 -> 0.78333333 | G16: =35.99+34.37+2.35-70.36 -> 2.35 | H16: 0 | I16: . | K16: 160 X 3 | L16: ='Daily Stock'!Q32 -> 259.787 | X16: Inward Billets | Z16: =G17+G16 -> 19.84 | AA16: =G22+G21+G23+G8 -> 1665.8
A17: 12 | B17: SHYAM | C17: 130x130 | D17: 6 | E17: =265+2+180+264+94+93+7-80-182-59-149-313-93-7 -> 22 | F17: 0.795 | G17: =E17*F17 -> 17.49 | H17: 0 | S17: 5 | T17: =U17 -> 33.084 | U17: =G13 -> 33.084 | V17: Normal
A18: 13 | B18: MS BILLET | C18: 160*160 | D18: 3 | E18: =H18/F18 -> 437.34081 | F18: =0.198005*D18 -> 0.594015 | G18: =E18*F18 -> 259.787 | H18: =L16 -> 259.787 | I18: =SUM(H18:H23) -> 392.617 | K18: ='Monthly Prod'!B3 -> 0 | L18: ='Monthly Prod'!C3 -> 0 | M18: ='Monthly Prod'!D3 -> 0 | N18: ='Monthly Prod'!E3 -> 0 | O18: ='Monthly Prod'!F3 -> 0 | P18: ='Monthly Prod'!H3 -> 0 | Q18: DAILY | S18: Random | T18: =U18 -> 0 | U18: =G15 -> 0 | V18: Normal | X18: Total- | Y18: =SUM(Y15:Y17) -> 6.911 | Z18: =SUM(Z15:Z17) -> 283.166 | AA18: =SUM(AA15:AA17) -> 2058.417
A19: 14 | B19: MS BILLET | C19: 160*160 | D19: 4 | E19: =H19/F19 -> 103.89889 | F19: =0.198005*D19 -> 0.79202 | G19: =E19*F19 -> 82.29 | H19: =L15 -> 82.29 | K19: TP | L19: HC | M19: RHF | N19: BP | O19: HO | P19: DISP | R19: 160x160 | S19: 6 | T19: 0 | U19: 0
A20: 15 | B20: MS BILLET | C20: 160*160 | D20: 5 | E20: =H20/F20 -> 51.049216 | F20: =0.198005*D20 -> 0.990025 | G20: =E20*F20 -> 50.54 | H20: =L14 -> 50.54 | K20: =SUM('Monthly Prod'!B3) -> 0 | L20: =SUM('Monthly Prod'!C3) -> 0 | M20: =SUM('Monthly Prod'!D3) -> 0 | N20: =SUM('Monthly Prod'!E3) -> 0 | O20: =SUM('Monthly Prod'!F3) -> 0 | P20: =SUM('Monthly Prod'!H3) -> 0 | Q20: MONTHLY | S20: 4.8 | X20: Pending As Per PO | Z20: 130 x 130 | AA20: 160 x 160
A21: 16 | B21: AR ISPAT | C21: 160*160 | D21: 6 | E21: =67+117+251+80+45 -> 560 | F21: =G21/E21 -> 1.2022321 | G21: =80.75+140.64+301.61+34.93+80.59+34.73 -> 673.25 | H21: 0 | S21: 4 | T21: =U21 -> 82.29 | U21: =G19 -> 82.29 | V21: Normal | Y21: Akash Sales | Z21: =400+10-69.71-140.17-34.22-65.36-35.99-34.37 -> 30.18 | AA21: -
A22: 17 | B22: MASHIVA | C22: 160*160 | D22: 6 | E22: =340+84+318+100+134+6+92+133+25+307+82+0.5+29+29-220-120-85-417-140 -> 697.5 | F22: =G22/E22 -> 1.2017061 | G22: =109.37+159.53+29.74+370.26+99.63+34.5+0.58+34.58 -> 838.19 | H22: 0 | Y22: VRKP | Z22: 30.79
A23: 18 | B23: SHYAM | C23: 160*160 | D23: 6 | E23: =62+66 -> 128 | F23: =G23/E23 -> 1.2014063 | G23: =74.38+79.4 -> 153.78 | H23: =L13 -> 0 | S23: 3 | T23: =U23 -> 259.787 | U23: =G18 -> 259.787 | V23: Normal | Y23: SHYAM | Z23: 0 | AA23: =320-74.38-79.4 -> 166.22
A24: Total | G24: =SUM(G6:G23) -> 2348.494 | H24: =SUM(H6:H23) -> 662.854 | I24: =H24-G24 -> -1685.64 | Y24: AR Ispat | AA24: =1000-80.75-140.64-301.61-34.93-80.59-34.73 -> 326.75
A25: Opening Stock | B25: Hot Out receive | C25: Production | D25: Hot Charging | E25: Cold Charging | F25: Dispatch | G25: Closing Stock | H25: VRKP Cold Charging Pcs | I25: Hot Out received | S25: 5 | T25: =U25 -> 50.54 | U25: =G20 -> 50.54 | V25: Normal | Y25: Mashiva | AA25: =400.91+500-370.26-99.63-69.08-80.1-109.37-159.53-29.74 -> -16.8
S26: 4.8 | T26: 0 | U26: 0 | V26: Normal | X26: HOLD DETAILS | Z26: TEST PENDING
A27: 662.854 | B27: =O18 -> 0 | C27: =K18 -> 0 | D27: =L18 -> 0 | E27: =M18 -> 0 | F27: =P18 -> 0 | G27: =A27+B27+C27-D27-E27-F27 -> 662.854 | S27: Random | T27: 0 | U27: 0 | V27: Normal | X27: 160 x 160 x 6MTR
D28: =D27+E27+F27 -> 0 | S28: 5 | T28: 0 | U28: 0 | X28: AR Ispat | Y28: =523+34.93+80.59+34.73 -> 673.25
A29: Monthly production | T29: =SUM(T8:T28) -> 655.943 | U29: =SUM(U8:U28) -> 655.943 | X29: Mashiva | Y29: =668.9+49.82+34.5+34.58 -> 787.8
A30: Opening stock of September | B30: Hot Out Receive | C30: Production | D30: Total Hotcharging | E30: Cold Charging | F30: dispatch | G30: closing
A31: 662.854 | B31: =O20 -> 0 | C31: =K20 -> 0 | D31: =L20 -> 0 | E31: =M20 -> 0 | F31: =P20 -> 0 | G31: =A31+B31+C31-D31-E31-F31+H31 -> 662.854
D32: =D31+E31+F31 -> 0
K38: 110 X 6 | L38: ='Daily Stock'!Q40 -> 0 | R38: As on 02.10.2026
K39: 110 X 5.25 | L39: ='Daily Stock'!Q41 -> 0 | R39: Size | T39: ERP STOCK | U39: Dispatchable | V39: Remark
K40: 110 X R | L40: ='Daily Stock'!Q42 -> 0 | R40: 110x110 | S40: 6 | T40: =U40 -> 0 | U40: =H40 -> 0 | V40: Normal
K41: 130 X 6 | L41: ='Daily Stock'!Q43 -> 0 | U41: 0
K42: 130 X 5 | L42: ='Daily Stock'!Q44 -> 0 | S42: Random | T42: 0 | U42: 0
K43: 130 X 4 | L43: ='Daily Stock'!Q45 -> 0 | R43: 130x130 | S43: 6 | T43: =U43 -> 0 | U43: =H44 -> 0 | V43: Normal
K44: 130 X 3 | L44: ='Daily Stock'!Q46 -> 0
K45: 160 X R | L45: ='Daily Stock'!Q47 -> 0 | S45: 4 | T45: =U45 -> 0 | U45: =G46 -> 0 | V45: Normal
K46: 160 X 5 | L46: ='Daily Stock'!Q48 -> 0
K47: 160 X 4 | L47: ='Daily Stock'!Q49 -> 0 | S47: 3 | T47: =U47 -> 0 | U47: =G43 -> 0 | V47: Normal
K48: 160 X 3 | L48: ='Daily Stock'!Q50 -> 0
S49: 5 | T49: =U49 -> 0 | U49: =G45 -> 0 | V49: Normal
K50: ='Monthly Prod'!B4 -> 0 | L50: ='Monthly Prod'!C4 -> 0 | M50: ='Monthly Prod'!D4 -> 0 | N50: ='Monthly Prod'!E4 -> 0 | O50: ='Monthly Prod'!F4 -> 0 | P50: ='Monthly Prod'!H4 -> 0 | Q50: DAILY | S50: Random | T50: =U50 -> 0 | U50: =G47 -> 0 | V50: Normal
K51: TP | L51: HC | M51: RHF | N51: BP | O51: HO | P51: DISP | R51: 160x160 | S51: 6 | T51: 0 | U51: 0
K52: =SUM('Monthly Prod'!B3:B4) -> 0 | L52: =SUM('Monthly Prod'!C3:C4) -> 0 | M52: =SUM('Monthly Prod'!D3:D4) -> 0 | N52: =SUM('Monthly Prod'!E3:E4) -> 0 | O52: =SUM('Monthly Prod'!F3:F4) -> 0 | P52: =SUM('Monthly Prod'!H3:H4) -> 0 | Q52: MONTHLY | S52: 4.8
S53: 4 | T53: =U53 -> 0 | U53: =G51 -> 0 | V53: Normal
S55: 3 | T55: =U55 -> 0 | U55: =G50 -> 0 | V55: Normal
S57: 5 | T57: =U57 -> 0 | U57: =G52 -> 0 | V57: Normal
S58: 4.8 | T58: 0 | U58: 0 | V58: Normal
S59: Random | T59: 0 | U59: 0 | V59: Normal
S60: 5 | T60: 0 | U60: 0
T61: =SUM(T40:T60) -> 0 | U61: =SUM(U40:U60) -> 0
K70: 110 X 6 | L70: ='Daily Stock'!Q58 -> 0 | R70: As on 03.10.2026
K71: 110 X 5.25 | L71: ='Daily Stock'!Q59 -> 0 | R71: Size | T71: ERP STOCK | U71: Dispatchable | V71: Remark
K72: 110 X R | L72: ='Daily Stock'!Q60 -> 0 | R72: 110x110 | S72: 6 | T72: =U72 -> 0 | U72: =H72 -> 0 | V72: Normal
K73: 130 X 6 | L73: ='Daily Stock'!Q61 -> 0 | U73: 0
K74: 130 X 5 | L74: ='Daily Stock'!Q62 -> 0 | S74: Random | T74: 0 | U74: 0
K75: 130 X 4 | L75: ='Daily Stock'!Q63 -> 0 | R75: 130x130 | S75: 6 | T75: =U75 -> 0 | U75: =H76 -> 0 | V75: Normal
K76: 130 X 3 | L76: ='Daily Stock'!Q64 -> 0
K77: 160 X R | L77: ='Daily Stock'!Q65 -> 0 | S77: 4 | T77: =U77 -> 0 | U77: =G78 -> 0 | V77: Normal
K78: 160 X 5 | L78: ='Daily Stock'!Q66 -> 0
K79: 160 X 4 | L79: ='Daily Stock'!Q67 -> 0 | S79: 3 | T79: =U79 -> 0 | U79: =G75 -> 0 | V79: Normal
K80: 160 X 3 | L80: ='Daily Stock'!Q68 -> 0
S81: 5 | T81: =U81 -> 0 | U81: =G77 -> 0 | V81: Normal
K82: ='Monthly Prod'!B5 -> 0 | L82: ='Monthly Prod'!C5 -> 0 | M82: ='Monthly Prod'!D5 -> 0 | N82: ='Monthly Prod'!E5 -> 0 | O82: ='Monthly Prod'!F5 -> 0 | P82: ='Monthly Prod'!H5 -> 0 | Q82: DAILY | S82: Random | T82: =U82 -> 0 | U82: =G79 -> 0 | V82: Normal
K83: TP | L83: HC | M83: RHF | N83: BP | O83: HO | P83: DISP | R83: 160x160 | S83: 6 | T83: 0 | U83: 0
K84: =SUM('Monthly Prod'!B3:B5) -> 0 | L84: =SUM('Monthly Prod'!C3:C5) -> 0 | M84: =SUM('Monthly Prod'!D3:D5) -> 0 | N84: =SUM('Monthly Prod'!E3:E5) -> 0 | O84: =SUM('Monthly Prod'!F3:F5) -> 0 | P84: =SUM('Monthly Prod'!H3:H5) -> 0 | Q84: MONTHLY | S84: 4.8
S85: 4 | T85: =U85 -> 0 | U85: =G83 -> 0 | V85: Normal
S87: 3 | T87: =U87 -> 0 | U87: =G82 -> 0 | V87: Normal
S89: 5 | T89: =U89 -> 0 | U89: =G84 -> 0 | V89: Normal
S90: 4.8 | T90: 0 | U90: 0 | V90: Normal
S91: Random | T91: 0 | U91: 0 | V91: Normal
S92: 5 | T92: 0 | U92: 0
T93: =SUM(T72:T92) -> 0 | U93: =SUM(U72:U92) -> 0
K102: 110 X 6 | L102: ='Daily Stock'!Q76 -> 0 | R102: As on 04.10.2026
K103: 110 X 5.25 | L103: ='Daily Stock'!Q77 -> 0 | R103: Size | T103: ERP STOCK | U103: Dispatchable | V103: Remark
K104: 110 X R | L104: ='Daily Stock'!Q78 -> 0 | R104: 110x110 | S104: 6 | T104: =U104 -> 0 | U104: =H104 -> 0 | V104: Normal
K105: 130 X 6 | L105: ='Daily Stock'!Q79 -> 0 | U105: 0
K106: 130 X 5 | L106: ='Daily Stock'!Q80 -> 0 | S106: Random | T106: 0 | U106: 0
K107: 130 X 4 | L107: ='Daily Stock'!Q81 -> 0 | R107: 130x130 | S107: 6 | T107: =U107 -> 0 | U107: =H108 -> 0 | V107: Normal
K108: 130 X 3 | L108: ='Daily Stock'!Q82 -> 0
K109: 160 X R | L109: ='Daily Stock'!Q83 -> 0 | S109: 4 | T109: =U109 -> 0 | U109: =G110 -> 0 | V109: Normal
K110: 160 X 5 | L110: ='Daily Stock'!Q84 -> 0
K111: 160 X 4 | L111: ='Daily Stock'!Q85 -> 0 | S111: 3 | T111: =U111 -> 0 | U111: =G107 -> 0 | V111: Normal
K112: 160 X 3 | L112: ='Daily Stock'!Q86 -> 0
S113: 5 | T113: =U113 -> 0 | U113: =G109 -> 0 | V113: Normal
K114: ='Monthly Prod'!B6 -> 0 | L114: ='Monthly Prod'!C6 -> 0 | M114: ='Monthly Prod'!D6 -> 0 | N114: ='Monthly Prod'!E6 -> 0 | O114: ='Monthly Prod'!F6 -> 0 | P114: ='Monthly Prod'!H6 -> 0 | Q114: DAILY | S114: Random | T114: =U114 -> 0 | U114: =G111 -> 0 | V114: Normal
K115: TP | L115: HC | M115: RHF | N115: BP | O115: HO | P115: DISP | R115: 160x160 | S115: 6 | T115: 0 | U115: 0
K116: =SUM('Monthly Prod'!B3:B6) -> 0 | L116: =SUM('Monthly Prod'!C3:C6) -> 0 | M116: =SUM('Monthly Prod'!D3:D6) -> 0 | N116: =SUM('Monthly Prod'!E3:E6) -> 0 | O116: =SUM('Monthly Prod'!F3:F6) -> 0 | P116: =SUM('Monthly Prod'!H3:H6) -> 0 | Q116: MONTHLY | S116: 4.8
S117: 4 | T117: =U117 -> 0 | U117: =G115 -> 0 | V117: Normal
S119: 3 | T119: =U119 -> 0 | U119: =G114 -> 0 | V119: Normal
S121: 5 | T121: =U121 -> 0 | U121: =G116 -> 0 | V121: Normal
S122: 4.8 | T122: 0 | U122: 0 | V122: Normal
S123: Random | T123: 0 | U123: 0 | V123: Normal
S124: 5 | T124: 0 | U124: 0
T125: =SUM(T104:T124) -> 0 | U125: =SUM(U104:U124) -> 0
K134: 110 X 6 | L134: ='Daily Stock'!Q94 -> 0 | R134: As on 05.10.2026
K135: 110 X 5.25 | L135: ='Daily Stock'!Q95 -> 0 | R135: Size | T135: ERP STOCK | U135: Dispatchable | V135: Remark
K136: 110 X R | L136: ='Daily Stock'!Q96 -> 0 | R136: 110x110 | S136: 6 | T136: =U136 -> 0 | U136: =H136 -> 0 | V136: Normal
...

Sheet Cumulative Stock
B1: =NOW() -> 46309.519
B2: Supplier
B3: Section | C3: Quality Status | D3: MIPPL | E3: AR ISPAT | F3: MAHASHIVA | G3: SHYAM | H3: AKASH | I3: SWADESH | J3: Total
B4: 110 | C4: OK | D4: 6.911 | J4: =SUM(D4:H4) -> 6.911
B5: 130 | C5: OK | D5: =D7-D6 -> 0 | E5: =E7-E6 -> 0 | F5: =F7-F6 -> 0 | G5: =G7-G6 -> 0 | H5: =H7-H6 -> 0 | I5: =I7-I6 -> 0.58 | J5: =SUM(D5:I5) -> 0.58
C6: HOLD | D6: 0 | E6: 0 | F6: 0 | G6: =G7 -> 0 | J6: =SUM(D6:I6) -> 0
C7: TOTAL | D7: =IFERROR(SUMIFS(INDEX('Billet Stock Format'!$G:$G,MATCH("As on "&TEXT($B$1,"dd.mm.yyyy"),'Billet Stock Format'!$R:$R,0)+5):INDEX('Billet Stock Format'!$G:$G,MATCH("As on "&TEXT($B$1,"dd.mm.yyyy"),'Billet Stock Format'!$R:$R,0)+17),INDEX('Billet Stock Format'!$B:$B,MATCH("As on "&TEXT($B$1,"dd.mm.yyyy"),'Billet Stock Format'!$R:$R,0)+5):INDEX('Billet Stock Format'!$B:$B,MATCH("As on "&TEXT($B$1,"dd.mm.yyyy"),'Billet Stock Format'!$R:$R,0)+17),IF(D3="MIPPL","MS BILLET",IF(D3="MAHASHIVA","MASHIVA",D3)),INDEX('Billet Stock Format'!$C:$C,MATCH("As on "&TEXT($B$1,"dd.mm.yyyy"),'Billet Stock Format'!$R:$R,0)+5):INDEX('Billet Stock Format'!$C:$C,MATCH("As on "&TEXT($B$1,"dd.mm.yyyy"),'Billet Stock Format'!$R:$R,0)+17),$B5&"*"),0) -> 0 | E7: =IFERROR(SUMIFS(INDEX('Billet Stock Format'!$G:$G,MATCH("As on "&TEXT($B$1,"dd.mm.yyyy"),'Billet Stock Format'!$R:$R,0)+5):INDEX('Billet Stock Format'!$G:$G,MATCH("As on "&TEXT($B$1,"dd.mm.yyyy"),'Billet Stock Format'!$R:$R,0)+17),INDEX('Billet Stock Format'!$B:$B,MATCH("As on "&TEXT($B$1,"dd.mm.yyyy"),'Billet Stock Format'!$R:$R,0)+5):INDEX('Billet Stock Format'!$B:$B,MATCH("As on "&TEXT($B$1,"dd.mm.yyyy"),'Billet Stock Format'!$R:$R,0)+17),IF(E3="MIPPL","MS BILLET",IF(E3="MAHASHIVA","MASHIVA",E3)),INDEX('Billet Stock Format'!$C:$C,MATCH("As on "&TEXT($B$1,"dd.mm.yyyy"),'Billet Stock Format'!$R:$R,0)+5):INDEX('Billet Stock Format'!$C:$C,MATCH("As on "&TEXT($B$1,"dd.mm.yyyy"),'Billet Stock Format'!$R:$R,0)+17),$B5&"*"),0) -> 0 | F7: =IFERROR(SUMIFS(INDEX('Billet Stock Format'!$G:$G,MATCH("As on "&TEXT($B$1,"dd.mm.yyyy"),'Billet Stock Format'!$R:$R,0)+5):INDEX('Billet Stock Format'!$G:$G,MATCH("As on "&TEXT($B$1,"dd.mm.yyyy"),'Billet Stock Format'!$R:$R,0)+17),INDEX('Billet Stock Format'!$B:$B,MATCH("As on "&TEXT($B$1,"dd.mm.yyyy"),'Billet Stock Format'!$R:$R,0)+5):INDEX('Billet Stock Format'!$B:$B,MATCH("As on "&TEXT($B$1,"dd.mm.yyyy"),'Billet Stock Format'!$R:$R,0)+17),IF(F3="MIPPL","MS BILLET",IF(F3="MAHASHIVA","MASHIVA",F3)),INDEX('Billet Stock Format'!$C:$C,MATCH("As on "&TEXT($B$1,"dd.mm.yyyy"),'Billet Stock Format'!$R:$R,0)+5):INDEX('Billet Stock Format'!$C:$C,MATCH("As on "&TEXT($B$1,"dd.mm.yyyy"),'Billet Stock Format'!$R:$R,0)+17),$B5&"*"),0) -> 0 | G7: =IFERROR(SUMIFS(INDEX('Billet Stock Format'!$G:$G,MATCH("As on "&TEXT($B$1,"dd.mm.yyyy"),'Billet Stock Format'!$R:$R,0)+5):INDEX('Billet Stock Format'!$G:$G,MATCH("As on "&TEXT($B$1,"dd.mm.yyyy"),'Billet Stock Format'!$R:$R,0)+17),INDEX('Billet Stock Format'!$B:$B,MATCH("As on "&TEXT($B$1,"dd.mm.yyyy"),'Billet Stock Format'!$R:$R,0)+5):INDEX('Billet Stock Format'!$B:$B,MATCH("As on "&TEXT($B$1,"dd.mm.yyyy"),'Billet Stock Format'!$R:$R,0)+17),IF(G3="MIPPL","MS BILLET",IF(G3="MAHASHIVA","MASHIVA",G3)),INDEX('Billet Stock Format'!$C:$C,MATCH("As on "&TEXT($B$1,"dd.mm.yyyy"),'Billet Stock Format'!$R:$R,0)+5):INDEX('Billet Stock Format'!$C:$C,MATCH("As on "&TEXT($B$1,"dd.mm.yyyy"),'Billet Stock Format'!$R:$R,0)+17),$B5&"*"),0) -> 0 | H7: =IFERROR(SUMIFS(INDEX('Billet Stock Format'!$G:$G,MATCH("As on "&TEXT($B$1,"dd.mm.yyyy"),'Billet Stock Format'!$R:$R,0)+5):INDEX('Billet Stock Format'!$G:$G,MATCH("As on "&TEXT($B$1,"dd.mm.yyyy"),'Billet Stock Format'!$R:$R,0)+17),INDEX('Billet Stock Format'!$B:$B,MATCH("As on "&TEXT($B$1,"dd.mm.yyyy"),'Billet Stock Format'!$R:$R,0)+5):INDEX('Billet Stock Format'!$B:$B,MATCH("As on "&TEXT($B$1,"dd.mm.yyyy"),'Billet Stock Format'!$R:$R,0)+17),IF(H3="MIPPL","MS BILLET",IF(H3="MAHASHIVA","MASHIVA",H3)),INDEX('Billet Stock Format'!$C:$C,MATCH("As on "&TEXT($B$1,"dd.mm.yyyy"),'Billet Stock Format'!$R:$R,0)+5):INDEX('Billet Stock Format'!$C:$C,MATCH("As on "&TEXT($B$1,"dd.mm.yyyy"),'Billet Stock Format'!$R:$R,0)+17),$B5&"*"),0) -> 0 | I7: 0.58 | J7: =SUM(D7:I7) -> 0.58
J8: =SUM(D8:I8) -> 0
B9: 160 | C9: OK | D9: =D11-D10 -> 0 | E9: =E11-E10 -> 0 | F9: =F11-F10 -> 0 | G9: =G11-G10 -> 0 | H9: =H11-H10 -> 0 | I9: =SUMIFS('Billet Stock Format'!$G$871:$G$883,'Billet Stock Format'!$B$871:$B$883,"SWADESH") -> 0 | J9: =SUM(D9:I9) -> 0
C10: HOLD | D10: =IFERROR(SUMIFS(INDEX('Billet Stock Format'!$Y:$Y,MATCH("As on "&TEXT($B$1,"dd.mm.yyyy"),'Billet Stock Format'!$R:$R,0)+20):INDEX('Billet Stock Format'!$Y:$Y,MATCH("As on "&TEXT($B$1,"dd.mm.yyyy"),'Billet Stock Format'!$R:$R,0)+24),INDEX('Billet Stock Format'!$X:$X,MATCH("As on "&TEXT($B$1,"dd.mm.yyyy"),'Billet Stock Format'!$R:$R,0)+20):INDEX('Billet Stock Format'!$X:$X,MATCH("As on "&TEXT($B$1,"dd.mm.yyyy"),'Billet Stock Format'!$R:$R,0)+24),IF(D3="MAHASHIVA","Mashiva",IF(D3="SHYAM","Shyam Metalics",D3))&"*"),0) -> 0 | E10: =IFERROR(SUMIFS(INDEX('Billet Stock Format'!$Y:$Y,MATCH("As on "&TEXT($B$1,"dd.mm.yyyy"),'Billet Stock Format'!$R:$R,0)+20):INDEX('Billet Stock Format'!$Y:$Y,MATCH("As on "&TEXT($B$1,"dd.mm.yyyy"),'Billet Stock Format'!$R:$R,0)+24),INDEX('Billet Stock Format'!$X:$X,MATCH("As on "&TEXT($B$1,"dd.mm.yyyy"),'Billet Stock Format'!$R:$R,0)+20):INDEX('Billet Stock Format'!$X:$X,MATCH("As on "&TEXT($B$1,"dd.mm.yyyy"),'Billet Stock Format'!$R:$R,0)+24),IF(E3="MAHASHIVA","Mashiva",IF(E3="SHYAM","Shyam Metalics",E3))&"*"),0) -> 0 | F10: =IFERROR(SUMIFS(INDEX('Billet Stock Format'!$Y:$Y,MATCH("As on "&TEXT($B$1,"dd.mm.yyyy"),'Billet Stock Format'!$R:$R,0)+20):INDEX('Billet Stock Format'!$Y:$Y,MATCH("As on "&TEXT($B$1,"dd.mm.yyyy"),'Billet Stock Format'!$R:$R,0)+24),INDEX('Billet Stock Format'!$X:$X,MATCH("As on "&TEXT($B$1,"dd.mm.yyyy"),'Billet Stock Format'!$R:$R,0)+20):INDEX('Billet Stock Format'!$X:$X,MATCH("As on "&TEXT($B$1,"dd.mm.yyyy"),'Billet Stock Format'!$R:$R,0)+24),IF(F3="MAHASHIVA","Mashiva",IF(F3="SHYAM","Shyam Metalics",F3))&"*"),0) -> 0 | G10: =IFERROR(SUMIFS(INDEX('Billet Stock Format'!$Y:$Y,MATCH("As on "&TEXT($B$1,"dd.mm.yyyy"),'Billet Stock Format'!$R:$R,0)+20):INDEX('Billet Stock Format'!$Y:$Y,MATCH("As on "&TEXT($B$1,"dd.mm.yyyy"),'Billet Stock Format'!$R:$R,0)+24),INDEX('Billet Stock Format'!$X:$X,MATCH("As on "&TEXT($B$1,"dd.mm.yyyy"),'Billet Stock Format'!$R:$R,0)+20):INDEX('Billet Stock Format'!$X:$X,MATCH("As on "&TEXT($B$1,"dd.mm.yyyy"),'Billet Stock Format'!$R:$R,0)+24),IF(G3="MAHASHIVA","Mashiva",IF(G3="SHYAM","Shyam Metalics",G3))&"*"),0) -> 0 | H10: =IFERROR(SUMIFS(INDEX('Billet Stock Format'!$Y:$Y,MATCH("As on "&TEXT($B$1,"dd.mm.yyyy"),'Billet Stock Format'!$R:$R,0)+20):INDEX('Billet Stock Format'!$Y:$Y,MATCH("As on "&TEXT($B$1,"dd.mm.yyyy"),'Billet Stock Format'!$R:$R,0)+24),INDEX('Billet Stock Format'!$X:$X,MATCH("As on "&TEXT($B$1,"dd.mm.yyyy"),'Billet Stock Format'!$R:$R,0)+20):INDEX('Billet Stock Format'!$X:$X,MATCH("As on "&TEXT($B$1,"dd.mm.yyyy"),'Billet Stock Format'!$R:$R,0)+24),IF(H3="MAHASHIVA","Mashiva",IF(H3="SHYAM","Shyam Metalics",H3))&"*"),0) -> 0 | J10: =SUM(D10:I10) -> 0
C11: TOTAL | D11: =IFERROR(SUMIFS(INDEX('Billet Stock Format'!$G:$G,MATCH("As on "&TEXT($B$1,"dd.mm.yyyy"),'Billet Stock Format'!$R:$R,0)+5):INDEX('Billet Stock Format'!$G:$G,MATCH("As on "&TEXT($B$1,"dd.mm.yyyy"),'Billet Stock Format'!$R:$R,0)+17),INDEX('Billet Stock Format'!$B:$B,MATCH("As on "&TEXT($B$1,"dd.mm.yyyy"),'Billet Stock Format'!$R:$R,0)+5):INDEX('Billet Stock Format'!$B:$B,MATCH("As on "&TEXT($B$1,"dd.mm.yyyy"),'Billet Stock Format'!$R:$R,0)+17),IF(D3="MIPPL","MS BILLET",IF(D3="MAHASHIVA","MASHIVA",D3)),INDEX('Billet Stock Format'!$C:$C,MATCH("As on "&TEXT($B$1,"dd.mm.yyyy"),'Billet Stock Format'!$R:$R,0)+5):INDEX('Billet Stock Format'!$C:$C,MATCH("As on "&TEXT($B$1,"dd.mm.yyyy"),'Billet Stock Format'!$R:$R,0)+17),$B9&"*"),0) -> 0 | E11: =IFERROR(SUMIFS(INDEX('Billet Stock Format'!$G:$G,MATCH("As on "&TEXT($B$1,"dd.mm.yyyy"),'Billet Stock Format'!$R:$R,0)+5):INDEX('Billet Stock Format'!$G:$G,MATCH("As on "&TEXT($B$1,"dd.mm.yyyy"),'Billet Stock Format'!$R:$R,0)+17),INDEX('Billet Stock Format'!$B:$B,MATCH("As on "&TEXT($B$1,"dd.mm.yyyy"),'Billet Stock Format'!$R:$R,0)+5):INDEX('Billet Stock Format'!$B:$B,MATCH("As on "&TEXT($B$1,"dd.mm.yyyy"),'Billet Stock Format'!$R:$R,0)+17),IF(E3="MIPPL","MS BILLET",IF(E3="MAHASHIVA","MASHIVA",E3)),INDEX('Billet Stock Format'!$C:$C,MATCH("As on "&TEXT($B$1,"dd.mm.yyyy"),'Billet Stock Format'!$R:$R,0)+5):INDEX('Billet Stock Format'!$C:$C,MATCH("As on "&TEXT($B$1,"dd.mm.yyyy"),'Billet Stock Format'!$R:$R,0)+17),$B9&"*"),0) -> 0 | F11: =IFERROR(SUMIFS(INDEX('Billet Stock Format'!$G:$G,MATCH("As on "&TEXT($B$1,"dd.mm.yyyy"),'Billet Stock Format'!$R:$R,0)+5):INDEX('Billet Stock Format'!$G:$G,MATCH("As on "&TEXT($B$1,"dd.mm.yyyy"),'Billet Stock Format'!$R:$R,0)+17),INDEX('Billet Stock Format'!$B:$B,MATCH("As on "&TEXT($B$1,"dd.mm.yyyy"),'Billet Stock Format'!$R:$R,0)+5):INDEX('Billet Stock Format'!$B:$B,MATCH("As on "&TEXT($B$1,"dd.mm.yyyy"),'Billet Stock Format'!$R:$R,0)+17),IF(F3="MIPPL","MS BILLET",IF(F3="MAHASHIVA","MASHIVA",F3)),INDEX('Billet Stock Format'!$C:$C,MATCH("As on "&TEXT($B$1,"dd.mm.yyyy"),'Billet Stock Format'!$R:$R,0)+5):INDEX('Billet Stock Format'!$C:$C,MATCH("As on "&TEXT($B$1,"dd.mm.yyyy"),'Billet Stock Format'!$R:$R,0)+17),$B9&"*"),0) -> 0 | G11: =IFERROR(SUMIFS(INDEX('Billet Stock Format'!$G:$G,MATCH("As on "&TEXT($B$1,"dd.mm.yyyy"),'Billet Stock Format'!$R:$R,0)+5):INDEX('Billet Stock Format'!$G:$G,MATCH("As on "&TEXT($B$1,"dd.mm.yyyy"),'Billet Stock Format'!$R:$R,0)+17),INDEX('Billet Stock Format'!$B:$B,MATCH("As on "&TEXT($B$1,"dd.mm.yyyy"),'Billet Stock Format'!$R:$R,0)+5):INDEX('Billet Stock Format'!$B:$B,MATCH("As on "&TEXT($B$1,"dd.mm.yyyy"),'Billet Stock Format'!$R:$R,0)+17),IF(G3="MIPPL","MS BILLET",IF(G3="MAHASHIVA","MASHIVA",G3)),INDEX('Billet Stock Format'!$C:$C,MATCH("As on "&TEXT($B$1,"dd.mm.yyyy"),'Billet Stock Format'!$R:$R,0)+5):INDEX('Billet Stock Format'!$C:$C,MATCH("As on "&TEXT($B$1,"dd.mm.yyyy"),'Billet Stock Format'!$R:$R,0)+17),$B9&"*"),0) -> 0 | H11: =IFERROR(SUMIFS(INDEX('Billet Stock Format'!$G:$G,MATCH("As on "&TEXT($B$1,"dd.mm.yyyy"),'Billet Stock Format'!$R:$R,0)+5):INDEX('Billet Stock Format'!$G:$G,MATCH("As on "&TEXT($B$1,"dd.mm.yyyy"),'Billet Stock Format'!$R:$R,0)+17),INDEX('Billet Stock Format'!$B:$B,MATCH("As on "&TEXT($B$1,"dd.mm.yyyy"),'Billet Stock Format'!$R:$R,0)+5):INDEX('Billet Stock Format'!$B:$B,MATCH("As on "&TEXT($B$1,"dd.mm.yyyy"),'Billet Stock Format'!$R:$R,0)+17),IF(H3="MIPPL","MS BILLET",IF(H3="MAHASHIVA","MASHIVA",H3)),INDEX('Billet Stock Format'!$C:$C,MATCH("As on "&TEXT($B$1,"dd.mm.yyyy"),'Billet Stock Format'!$R:$R,0)+5):INDEX('Billet Stock Format'!$C:$C,MATCH("As on "&TEXT($B$1,"dd.mm.yyyy"),'Billet Stock Format'!$R:$R,0)+17),$B9&"*"),0) -> 0 | I11: =SUMIFS('Billet Stock Format'!$G$871:$G$883,'Billet Stock Format'!$B$871:$B$883,"SWADESH") -> 0 | J11: =SUM(D11:I11) -> 0
H13: NOT OK | J13: =J6+J10 -> 0
H14: OK INWARD | J14: =J4+J7+J11-J13-J15 -> 7.491
H15: OK MIPPL | J15: =D7+D11 -> 0
H17: TOTAL | J17: =J13+J14+J15 -> 7.491

Sheet Daily Prod Format
A1: =J2 -> DATE-01-10-2026 | H1: PELLETS | I1: =IFERROR(W3/W2,0) -> 0 | U1: FINES. | V1: LUMPS. | W1: PELLET | X1: LUMPS | Y1: FINES
A2: TOTAL HEAT | B2: 12 | H2: FINES | I2: =IFERROR((U3+Y3)/(U2+Y2),0) -> 0 | J2: DATE-01-10-2026 | U2: =SUMIF(E:E, "OUT SIDE FINES", F:F) -> 0 | V2: =SUMIF(E:E, "OUT SIDE LUMPS", F:F) -> 0 | W2: =SUMIF(E:E, "PELLET", F:F) -> 0 | X2: =SUMIF(E:E, "LUMPS", F:F) -> 0 | Y2: =SUMIF(E:E, "FINES", F:F) -> 0
A3: PRODUCTION | B3: =D13+D19+D31 -> 0 | H3: LUMPS | I3: =IFERROR((V3+X3)/(V2+X2),0) -> 0 | J3: SIZE | K3: 3M | L3: 4M | M3: 5M | N3: 6M | O3: 3M | P3: 4M | Q3: 5M | R3: 6M | U3: =SUMIF(E:E, "OUT SIDE FINES", H:H) -> 0 | V3: =SUMIF(E:E, "OUT SIDE LUMPS", H:H) -> 0 | W3: =SUMIF(E:E, "PELLET", H:H) -> 0 | X3: =SUMIF(E:E, "LUMPS", H:H) -> 0 | Y3: =SUMIF(E:E, "FINES", H:H) -> 0
A4: SIZE (F/L) | D4: QUANTITY(MT) | E4: Raw Slag | J4: 160 | K4: {=INDIRECT("'Prod.'!P18")} -> 0 | L4: {=INDIRECT("'Prod.'!Q18")} -> 0 | M4: {=INDIRECT("'Prod.'!R18")} -> 0 | N4: {=INDIRECT("'Prod.'!S18")} -> 0 | O4: {=INDIRECT("'Prod.'!V18")} -> 0 | P4: {=INDIRECT("'Prod.'!W18")} -> 0 | Q4: {=INDIRECT("'Prod.'!X18")} -> 0 | R4: {=INDIRECT("'Prod.'!Y18")} -> 0 | U4: RAW MATERIAL
A5: (130X130)MMX6M | B5: =R10 -> 0 | D5: =B5*6*0.132335 -> 0 | E5: Slag Jam | J5: 110 | K5: =Prod.!J16 -> 0 | L5: =Prod.!K16 -> 0 | M5: =Prod.!L16 -> 0 | N5: =Prod.!M16 -> 0 | U5: =A1 -> DATE-01-10-2026 | W5: DAILY AVG | X5: MONTHLY AVG
A6: (130X130)MMX4M | B6: =P10 -> 0 | D6: =(B6*4*0.132335) -> 0 | E6: Mag. Material
A7: (130X130)MMX5M | B7: =Q10 -> 0 | D7: =B7*5*0.132335 -> 0 | E7: BILLET END CUT | U7: =E6 -> Mag. Material | V7: =F6 -> 0
A8: (130X130)MMX3M | B8: =O10 -> 0 | D8: =B8*3*0.132335 -> 0 | E8: LUMPS | H8: =F8*G8 -> 0 | U8: =E8 -> LUMPS | V8: =F8 -> 0 | W8: =G8 -> 0
A9: (160X160)MMX3M | B9: =O4 -> 0 | D9: =B9*3*0.198005 -> 0 | E9: PELLET | H9: =F9*G9 -> 0 | J9: SIZE | K9: 3M | L9: 4M | M9: 5M | N9: 6M | O9: 3M | P9: 4M | Q9: 5M | R9: 6M | U9: =E9 -> PELLET | V9: =F9 -> 0 | W9: =G9 -> 0 | X9: =IFERROR($I$1,0) -> 0
A10: (160X160)MMX4M | B10: =P4 -> 0 | D10: =B10*4*0.198005 -> 0 | E10: FINES | H10: =F10*G10 -> 0 | J10: 130 | K10: {=INDIRECT("'Prod.'!P17")} -> 0 | L10: {=INDIRECT("'Prod.'!Q17")} -> 0 | M10: {=INDIRECT("'Prod.'!R17")} -> 0 | N10: {=INDIRECT("'Prod.'!S17")} -> 0 | O10: {=INDIRECT("'Prod.'!V17")} -> 0 | P10: {=INDIRECT("'Prod.'!W17")} -> 0 | Q10: {=INDIRECT("'Prod.'!X17")} -> 0 | R10: {=INDIRECT("'Prod.'!Y17")} -> 0 | U10: =E10 -> FINES | V10: =F10 -> 0 | W10: =G10 -> 0 | X10: =IFERROR($I$2,0) -> 0
A11: (160X160)MMX5M | B11: =Q4 -> 0 | D11: =B11*5*0.198005 -> 0 | E11: OUT SIDE FINES | H11: =F11*G11 -> 0 | U11: =E11 -> OUT SIDE FINES | V11: =F11 -> 0 | W11: =G11 -> 0
A12: (110X110)MMX6M | B12: =N5 -> 0 | D12: =B12*6*0.095 -> 0 | E12: OUT SIDE LUMPS | H12: =F12*G12 -> 0 | U12: =E12 -> OUT SIDE LUMPS | V12: =F12 -> 0 | W12: =G12 -> 0 | X12: =IFERROR($I$3,0) -> 0
A13: TOTAL | D13: =SUM(D5:D12) -> 0 | E13: SCRAP | J13: MIN | K13: =Prod.!C16 -> 0 | L13: =Prod.!D16 -> 0 | M13: =Prod.!E16 -> 0 | N13: =Prod.!F16 -> 0 | O13: =Prod.!G16 -> 0 | U13: =E13 -> SCRAP | V13: =F13-V16 -> 0
A14: SHORT LENGTH | D14: QUANTITY(MT) | E14: MS SCRAP | J14: MAX | K14: =Prod.!C17 -> 0 | L14: =Prod.!D17 -> 0 | M14: =Prod.!E17 -> 0 | N14: =Prod.!F17 -> 0 | O14: =Prod.!G17 -> 0 | U14: =E14 -> MS SCRAP | V14: =F14 -> 0
A15: 160X160XR | D15: =B15*0.199 -> 0 | E15: MS SCRAP-ROLLING MILL | U15: =E15 -> MS SCRAP-ROLLING MILL | V15: =F15 -> 0
A16: 110X110XR | B16: =K5*3+L5*4+M5*5 -> 0 | D16: =B16*0.095 -> 0 | E16: SUPER HEAVY | L16: HOTOUT | U16: =E20 -> C I SCRAP | V16: =F20 -> 0
A17: 130X130XR | D17: =B17*0.133 -> 0 | E17: HEAVY | K17: 160 | U17: TOTAL WEIGHT | V17: =V7+V8+V9+V10+V11+V12+V13+V14+V15+V16 -> 0
A18: 160X160XR | D18: =B18*0.199 -> 0 | E18: COMMERCIAL
A19: TOTAL | D19: =SUM(D15:D18) -> 0 | E19: LIGHT COMMERCIAL | L19: =Prod.!AP13 -> 6 | M19: =Prod.!AQ13 -> 0 | N19: =Prod.!AR13 -> 0
A20: S. MILL:- | D20: QUANTITY(MT) | E20: C I SCRAP | G20: TOTAL RM | L20: =Prod.!AP14 -> 5 | M20: =Prod.!AQ14 -> 0 | N20: =Prod.!AR14 -> 0
A21: 130X130X3 | B21: =K10 -> 0 | D21: =B21*3*0.132335 -> 0 | E21: DUST | G21: =F6+F8+F9+F10+F11+F12+F13+F14+F15 -> 0 | L21: =Prod.!AP15 -> 4 | M21: =Prod.!AQ15 -> 0 | N21: =Prod.!AR15 -> 0
A22: 130X130X4 | B22: =L10 -> 0 | D22: =(B22*4*0.132335) -> 0 | E22: STRIP MILL TO SMS HOT OUT BILLET | L22: =Prod.!AP16 -> 3 | M22: =Prod.!AQ16 -> 0 | N22: =Prod.!AR16 -> 0 | O22: =N23/((L22*M22)+(L21*M21)+(L20*M20)+(L19*M19)) -> #DIV/0!
E23: 130X6 | F23: =M30 -> 0 | G23: =IFERROR(F23*6*O33,0) -> 0 | N23: =Prod.!AR17 -> 0
A24: 130X130X5 | B24: =M10 -> 0 | D24: =B24*5*0.132335 -> 0 | E24: 130X5 | F24: =M31 -> 0 | G24: =IFERROR(F24*5*O33,0) -> 0
E25: 130X4 | F25: =M32 -> 0 | G25: =IFERROR(F25*4*O33,0) -> 0
E26: 160X4 | F26: =M21 -> 0 | G26: =IFERROR(F26*4*O22,0) -> 0
A27: 130X130X6 | B27: =N10 -> 0 | D27: =B27*6*0.132335 -> 0 | E27: 160X3 | F27: =M22 -> 0 | G27: =IFERROR(F27*3*O22,0) -> 0 | L27: HOTOUT
A28: 160X160X5 | B28: =M4 -> 0 | D28: =B28*5*0.198005 -> 0 | E28: 130X3 | F28: =M33 -> 0 | G28: =IFERROR(F28*3*O33,0) -> 0 | K28: 130
A29: 160X160X3 | B29: =K4 -> 0 | D29: =B29*3*0.198005 -> 0 | E29: TOTAL WEIGHT | F29: =SUM(G23:G28) -> 0
A30: 160X160X4 | B30: =L4 -> 0 | D30: =B30*4*0.198005 -> 0 | E30: BILLET DISPATCH | F30: =F31+F32+F33+F34 -> 0 | L30: =Prod.!AP5 -> 6 | M30: =Prod.!AQ5 -> 0 | N30: =Prod.!AR5 -> 0
A31: TOTAL | D31: =SUM(D21:D30) -> 0 | E31: 130 X 5 | L31: =Prod.!AP6 -> 5 | M31: =Prod.!AQ6 -> 0 | N31: =Prod.!AR6 -> 0
E32: 130 X 4 | L32: =Prod.!AP7 -> 4 | M32: =Prod.!AQ7 -> 0 | N32: =Prod.!AR7 -> 0
E33: 160 X 5 | L33: =Prod.!AP8 -> 3 | M33: =Prod.!AQ8 -> 0 | N33: =Prod.!AR8 -> 0 | O33: =N34/((L33*M33)+(L32*M32)+(L31*M31)+(L30*M30)) -> #DIV/0!
A34: CHEMICAL COMPOSITION REPORT:- | E34: 160 X 3 | N34: =Prod.!AR9 -> 0
A35: ELEMENTS | B35: MIN. | C35: MAX. | E35: SMS TO R.H.F BILLET | F35: =F37+F38+F36+F39 -> 0 | G35: PCS
A36: % C | B36: =K13 -> 0 | C36: =K14 -> 0 | E36: 130 X 3 | F36: =IF(E36="160 X 3", G36*3*0.198005, IF(E36="160 X 4", G36*4*0.198005, IF(E36="160 X 5", G36*5*0.198005, IF(E36="130 X 3", G36*3*0.132335, IF(E36="130 X 4", G36*4*0.132335, IF(E36="130 X 5", G36*5*0.132335, IF(E36="130 X 6", G36*6*0.132335, 0))))))) -> 0
A37: % Mn | B37: =L13 -> 0 | C37: =L14 -> 0 | E37: 160 X 4 | F37: =IF(E37="160 X 3", G37*3*0.198005, IF(E37="160 X 4", G37*4*0.198005, IF(E37="160 X 5", G37*5*0.198005, IF(E37="130 X 3", G37*3*0.132335, IF(E37="130 X 4", G37*4*0.132335, IF(E37="130 X 5", G37*5*0.132335, IF(E37="130 X 6", G37*6*0.132335, 0))))))) -> 0
A38: % Si | B38: =M13 -> 0 | C38: =M14 -> 0 | E38: 160 X 3 | F38: =IF(E38="160 X 3", G38*3*0.198005, IF(E38="160 X 4", G38*4*0.198005, IF(E38="160 X 5", G38*5*0.198005, IF(E38="130 X 3", G38*3*0.132335, IF(E38="130 X 4", G38*4*0.132335, IF(E38="130 X 5", G38*5*0.132335, IF(E38="130 X 6", G38*6*0.132335, 0))))))) -> 0
A39: % S | B39: =N13 -> 0 | C39: =N14 -> 0 | E39: 130 X 6 | F39: =IF(E39="160 X 3", G39*3*0.198005, IF(E39="160 X 4", G39*4*0.198005, IF(E39="160 X 5", G39*5*0.198005, IF(E39="130 X 3", G39*3*0.132335, IF(E39="130 X 4", G39*4*0.132335, IF(E39="130 X 5", G39*5*0.132335, IF(E39="130 X 6", G39*6*0.132335, 0))))))) -> 0
A40: % P | B40: =O13 -> 0 | C40: =O14 -> 0 | F40: =IF(E40="160 X 3", G40*3*0.198005, IF(E40="160 X 4", G40*4*0.198005, IF(E40="160 X 5", G40*5*0.198005, IF(E40="130 X 3", G40*3*0.132335, IF(E40="130 X 4", G40*4*0.132335, IF(E40="130 X 5", G40*5*0.132335, IF(E40="130 X 6", G40*6*0.132335, 0))))))) -> 0
J42: DATE-02-10-2026
J43: SIZE | K43: 3M | L43: 4M | M43: 5M | N43: 6M | O43: 3M | P43: 4M | Q43: 5M | R43: 6M
J44: 160 | K44: =Prod.!P36 -> 0 | L44: =Prod.!Q36 -> 0 | M44: =Prod.!R36 -> 0 | N44: =Prod.!S36 -> 0 | O44: =Prod.!V36 -> 0 | P44: =Prod.!W36 -> 0 | Q44: =Prod.!X36 -> 0 | R44: =Prod.!Y36 -> 0 | U44: RAW MATERIAL
J45: 110 | K45: =Prod.!J34 -> 0 | L45: =Prod.!K34 -> 0 | M45: =Prod.!L34 -> 0 | N45: =Prod.!M34 -> 0 | U45: =A41 -> 0 | W45: DAILY AVG | X45: MONTHLY AVG
U47: =E46 -> 0 | V47: =F46 -> 0
U48: =E48 -> 0 | V48: =F48 -> 0 | W48: =G48 -> 0
J49: SIZE | K49: 3M | L49: 4M | M49: 5M | N49: 6M | O49: 3M | P49: 4M | Q49: 5M | R49: 6M | U49: =E49 -> 0 | V49: =F49 -> 0 | W49: =G49 -> 0 | X49: =$I$1 -> 0
J50: 130 | K50: =Prod.!P35 -> 0 | L50: =Prod.!Q35 -> 0 | M50: =Prod.!R35 -> 0 | N50: =Prod.!S35 -> 0 | O50: =Prod.!V35 -> 0 | P50: =Prod.!W35 -> 0 | Q50: =Prod.!X35 -> 0 | R50: =Prod.!Y35 -> 0 | U50: =E50 -> 0 | V50: =F50 -> 0 | W50: =G50 -> 0 | X50: =IFERROR($I$2,0) -> 0
U51: =E51 -> 0 | V51: =F51 -> 0 | W51: =G51 -> 0
U52: =E52 -> 0 | V52: =F52 -> 0 | W52: =G52 -> 0 | X52: =IFERROR($I$3,0) -> 0
J53: MIN | K53: =Prod.!C34 -> 0 | L53: =Prod.!D34 -> 0 | M53: =Prod.!E34 -> 0 | N53: =Prod.!F34 -> 0 | O53: =Prod.!G34 -> 0 | U53: =E53 -> 0 | V53: =F53-V56 -> 0
J54: MAX | K54: =Prod.!C35 -> 0 | L54: =Prod.!D35 -> 0 | M54: =Prod.!E35 -> 0 | N54: =Prod.!F35 -> 0 | O54: =Prod.!G35 -> 0 | U54: =E54 -> 0 | V54: =F54 -> 0
U55: =E55 -> 0 | V55: =F55 -> 0
L56: HOTOUT | U56: =E60 -> 0 | V56: =F60 -> 0
K57: 160 | U57: TOTAL WEIGHT | V57: =V47+V48+V49+V50+V51+V52+V53+V54+V55+V56 -> 0
L59: =Prod.!AP31 -> 6 | M59: =Prod.!AQ31 -> 0 | N59: =Prod.!AR31 -> 0
L60: =Prod.!AP32 -> 5 | M60: =Prod.!AQ32 -> 0 | N60: =Prod.!AR32 -> 0
L61: =Prod.!AP33 -> 4 | M61: =Prod.!AQ33 -> 0 | N61: =Prod.!AR33 -> 0
L62: =Prod.!AP34 -> 3 | M62: =Prod.!AQ34 -> 0 | N62: =Prod.!AR34 -> 0 | O62: =N63/((L62*M62)+(L61*M61)+(L60*M60)+(L59*M59)) -> #DIV/0!
N63: =Prod.!AR35 -> 0
L67: HOTOUT
K68: 130
L70: =Prod.!AP23 -> 6 | M70: =Prod.!AQ23 -> 0 | N70: =Prod.!AR23 -> 0
L71: =Prod.!AP24 -> 5 | M71: =Prod.!AQ24 -> 0 | N71: =Prod.!AR24 -> 0
L72: =Prod.!AP25 -> 4 | M72: =Prod.!AQ25 -> 0 | N72: =Prod.!AR25 -> 0
L73: =Prod.!AP26 -> 3 | M73: =Prod.!AQ26 -> 0 | N73: =Prod.!AR26 -> 0 | O73: =N74/((L73*M73)+(L72*M72)+(L71*M71)+(L70*M70)) -> #DIV/0!
N74: =Prod.!AR27 -> 0
J82: DATE-03-10-2026
J83: SIZE | K83: 3M | L83: 4M | M83: 5M | N83: 6M | O83: 3M | P83: 4M | Q83: 5M | R83: 6M
J84: 160 | K84: =Prod.!P54 -> 0 | L84: =Prod.!Q54 -> 0 | M84: =Prod.!R54 -> 0 | N84: =Prod.!S54 -> 0 | O84: =Prod.!V54 -> 0 | P84: =Prod.!W54 -> 0 | Q84: =Prod.!X54 -> 0 | R84: =Prod.!Y54 -> 0 | U84: RAW MATERIAL
J85: 110 | K85: =Prod.!J52 -> 0 | L85: =Prod.!K52 -> 0 | M85: =Prod.!L52 -> 0 | N85: =Prod.!M52 -> 0 | U85: =A81 -> 0 | W85: DAILY AVG | X85: MONTHLY AVG
U87: =E86 -> 0 | V87: =F86 -> 0
U88: =E88 -> 0 | V88: =F88 -> 0 | W88: =G88 -> 0
J89: SIZE | K89: 3M | L89: 4M | M89: 5M | N89: 6M | O89: 3M | P89: 4M | Q89: 5M | R89: 6M | U89: =E89 -> 0 | V89: =F89 -> 0 | W89: =G89 -> 0 | X89: =$I$1 -> 0
J90: 130 | K90: =Prod.!P53 -> 0 | L90: =Prod.!Q53 -> 0 | M90: =Prod.!R53 -> 0 | N90: =Prod.!S53 -> 0 | O90: =Prod.!V53 -> 0 | P90: =Prod.!W53 -> 0 | Q90: =Prod.!X53 -> 0 | R90: =Prod.!Y53 -> 0 | U90: =E90 -> 0 | V90: =F90 -> 0 | W90: =G90 -> 0 | X90: =IFERROR($I$2,0) -> 0
U91: =E91 -> 0 | V91: =F91 -> 0 | W91: =G91 -> 0
U92: =E92 -> 0 | V92: =F92 -> 0 | W92: =G92 -> 0 | X92: =IFERROR($I$3,0) -> 0
J93: MIN | K93: =Prod.!C52 -> 0 | L93: =Prod.!D52 -> 0 | M93: =Prod.!E52 -> 0 | N93: =Prod.!F52 -> 0 | O93: =Prod.!G52 -> 0 | U93: =E93 -> 0 | V93: =F93-V96 -> 0
J94: MAX | K94: =Prod.!C53 -> 0 | L94: =Prod.!D53 -> 0 | M94: =Prod.!E53 -> 0 | N94: =Prod.!F53 -> 0 | O94: =Prod.!G53 -> 0 | U94: =E94 -> 0 | V94: =F94 -> 0
U95: =E95 -> 0 | V95: =F95 -> 0
L96: HOTOUT | U96: =E100 -> 0 | V96: =F100 -> 0
K97: 160 | U97: TOTAL WEIGHT | V97: =V87+V88+V89+V90+V91+V92+V93+V94+V95+V96 -> 0
L99: =Prod.!AP49 -> 6 | M99: =Prod.!AQ49 -> 0 | N99: =Prod.!AR49 -> 0
L100: =Prod.!AP50 -> 5 | M100: =Prod.!AQ50 -> 0 | N100: =Prod.!AR50 -> 0
L101: =Prod.!AP51 -> 4 | M101: =Prod.!AQ51 -> 0 | N101: =Prod.!AR51 -> 0
L102: =Prod.!AP52 -> 3 | M102: =Prod.!AQ52 -> 0 | N102: =Prod.!AR52 -> 0 | O102: =N103/((L102*M102)+(L101*M101)+(L100*M100)+(L99*M99)) -> #DIV/0!
N103: =Prod.!AR53 -> 0
L107: HOTOUT
K108: 130
L110: =Prod.!AP41 -> 6 | M110: =Prod.!AQ41 -> 0 | N110: =Prod.!AR41 -> 0
L111: =Prod.!AP42 -> 5 | M111: =Prod.!AQ42 -> 0 | N111: =Prod.!AR42 -> 0
L112: =Prod.!AP43 -> 4 | M112: =Prod.!AQ43 -> 0 | N112: =Prod.!AR43 -> 0
L113: =Prod.!AP44 -> 3 | M113: =Prod.!AQ44 -> 0 | N113: =Prod.!AR44 -> 0 | O113: =N114/((L113*M113)+(L112*M112)+(L111*M111)+(L110*M110)) -> #DIV/0!
N114: =Prod.!AR45 -> 0
J122: DATE-04-10-2026
J123: SIZE | K123: 3M | L123: 4M | M123: 5M | N123: 6M | O123: 3M | P123: 4M | Q123: 5M | R123: 6M
J124: 160 | K124: =Prod.!P72 -> 0 | L124: =Prod.!Q72 -> 0 | M124: =Prod.!R72 -> 0 | N124: =Prod.!S72 -> 0 | O124: =Prod.!V72 -> 0 | P124: =Prod.!W72 -> 0 | Q124: =Prod.!X72 -> 0 | R124: =Prod.!Y72 -> 0 | U124: RAW MATERIAL
J125: 110 | K125: =Prod.!J70 -> 0 | L125: =Prod.!K70 -> 0 | M125: =Prod.!L70 -> 0 | N125: =Prod.!M70 -> 0 | U125: =A121 -> 0 | W125: DAILY AVG | X125: MONTHLY AVG
U127: =E126 -> 0 | V127: =F126 -> 0
U128: =E128 -> 0 | V128: =F128 -> 0 | W128: =G128 -> 0
...

Sheet Former Calculation
V3: FURNACE MAKE | W3: MEGATHERM
G4: → | H4: 63 | K4: CALCULATION OF PRODUCTION BY FORMER MEASUREMENT | V4: CAPACITY | W4: 30
V5: POWER | W5: 12.MW
V6: RAMMING MASS | W6: 50Kg × 190 BAGS | Y6: =190*50 -> 9500
G7: → | H7: 103 | I7: → | J7: =H7+B12 -> 120
C11: ↕ | G11: → | H11: 55
B12: 17 | G12: → | H12: 53
C15: a) | D15: =H4 -> 63 | E15: × | F15: =H11 -> 55 | G15: × | H15: 3.14 | I15: × | J15: 0.112 | K15: × | L15: =H7 -> 103 | N15: =D15*F15*H15*J15*L15 -> 125512.83 | P15: =N15/N16 -> 31378.208
D16: 4 | N16: 4
C18: b) | D18: =H11 -> 55 | E18: × | F18: =H12 -> 53 | G18: × | H18: 3.14 | I18: × | J18: 0.112 | K18: × | L18: =B12 -> 17 | N18: =D18*F18*H18*J18*L18 -> 17427.502 | P18: =N18/N19 -> 4356.8756
D19: 4 | N19: 4
P21: =P15+P18 -> 35735.084

Sheet RM Report
A1: DATE | B1: OPENING | C1: PRODUCTION | D1: TOTAL | E1: RAW SLAG TRANSFER TO (S.C) | F1: CONSUMPTION | G1: SLAG IRON (MAG MATERIAL) | H1: SLAG JAM RECEIVED | I1: FE(T) | J1: MAG % | K1: NON-MAG % | N1: SCRAP | O1: MS SCRAP | P1: MS SCRAP R.M | Q1: CI MIX SCRAP | R1: PIG IRON | S1: PELLETS | T1: FINES | U1: BILLET END CUT | V1: FINES. | W1: LUMPS. | Y1: =A1 -> DATE | Z1: SCRAP | AA1: SUPER HEAVY | AB1: HEAVY | AC1: COMMERCIAL | AD1: LIGHT COMMERCIAL | AE1: CI MIX SCRAP | AF1: DUST | AI1: Lumps | AJ1: Fines | AK1: Pellets | AL1: Steel Melting Scrap | AM1: Mag Material | AN1: M.S Scrap R.M | AO1: M.S Scrap | AP1: CI MIX SCRAP | AQ1: PIG IRON | AR1: Over Size Mag
A2: 46296 | B2: 36.184 | D2: =B2+C2 -> 36.184 | E2: =OFFSET('Daily Prod Format'!F4,(ROW(A1)-1)*39, 0) -> 0 | G2: =OFFSET('Daily Prod Format'!F6, (ROW(E1)-1)*39, 0) -> 0 | H2: =OFFSET('Daily Prod Format'!F5, (ROW(A1)-1)*39, 0) -> 0 | N2: =(OFFSET('Daily Prod Format'!F13,(ROW(A1)-1)*39, 0))-Q2 -> 0 | O2: =OFFSET('Daily Prod Format'!F14,(ROW(A1)-1)*39, 0) -> 0 | P2: =OFFSET('Daily Prod Format'!F15,(ROW(A1)-1)*39, 0) -> 0 | Q2: =OFFSET('Daily Prod Format'!F20,(ROW(A1)-1)*39, 0) -> 0 | R2: =OFFSET('Daily Prod Format'!F8,(ROW(E1)-1)*39, 0) -> 0 | S2: =OFFSET('Daily Prod Format'!F9,(ROW(H1)-1)*39, 0) -> 0 | T2: =OFFSET('Daily Prod Format'!F10,(ROW(G1)-1)*39, 0) -> 0 | U2: =OFFSET('Daily Prod Format'!F7,(ROW(E1)-1)*39, 0) -> 0 | V2: =OFFSET('Daily Prod Format'!F11,(ROW(F1)-1)*39, 0) -> 0 | W2: =OFFSET('Daily Prod Format'!F12,(ROW(E1)-1)*39, 0) -> 0 | Y2: =A2 -> 46296 | Z2: =OFFSET('Daily Prod Format'!F13,(ROW(D1)-1)*39, 0) -> 0 | AA2: =OFFSET('Daily Prod Format'!F16,(ROW(E1)-1)*39, 0) -> 0 | AB2: =OFFSET('Daily Prod Format'!F17,(ROW(F1)-1)*39, 0) -> 0 | AC2: =OFFSET('Daily Prod Format'!F18,(ROW(G1)-1)*39, 0) -> 0 | AD2: =OFFSET('Daily Prod Format'!F19,(ROW(H1)-1)*39, 0) -> 0 | AE2: =OFFSET('Daily Prod Format'!F20,(ROW(I1)-1)*39, 0) -> 0 | AF2: =OFFSET('Daily Prod Format'!F21,(ROW(I1)-1)*39, 0) -> 0 | AI2: 75 | AJ2: 40 | AK2: 114 | AL2: 194 | AM2: 10 | AN2: 10 | AO2: 19.31 | AP2: 8 | AQ2: 0
A3: 46297 | B3: =B2+C2-E2 -> 36.184 | D3: =B3+C3 -> 36.184 | E3: =OFFSET('Daily Prod Format'!F5,(ROW(A2)-1)*39, 0) -> 0 | G3: =OFFSET('Daily Prod Format'!F7, (ROW(E2)-1)*39, 0) -> 0 | H3: =OFFSET('Daily Prod Format'!F6, (ROW(A2)-1)*39, 0) -> 0 | N3: =(OFFSET('Daily Prod Format'!F14,(ROW(A2)-1)*39, 0))-Q3 -> 0 | O3: =OFFSET('Daily Prod Format'!F15,(ROW(A2)-1)*39, 0) -> 0 | P3: =OFFSET('Daily Prod Format'!F16,(ROW(A2)-1)*39, 0) -> 0 | Q3: =OFFSET('Daily Prod Format'!F21,(ROW(A2)-1)*39, 0) -> 0 | R3: =OFFSET('Daily Prod Format'!F9,(ROW(E2)-1)*39, 0) -> 0 | S3: =OFFSET('Daily Prod Format'!F10,(ROW(H2)-1)*39, 0) -> 0 | T3: =OFFSET('Daily Prod Format'!F11,(ROW(G2)-1)*39, 0) -> 0 | U3: =OFFSET('Daily Prod Format'!F8,(ROW(E2)-1)*39, 0) -> 0 | V3: =OFFSET('Daily Prod Format'!F12,(ROW(F2)-1)*39, 0) -> 0 | W3: =OFFSET('Daily Prod Format'!F13,(ROW(E2)-1)*39, 0) -> 0 | Y3: =A3 -> 46297 | Z3: =OFFSET('Daily Prod Format'!F14,(ROW(D2)-1)*39, 0) -> 0 | AA3: =OFFSET('Daily Prod Format'!F17,(ROW(E2)-1)*39, 0) -> 0 | AB3: =OFFSET('Daily Prod Format'!F18,(ROW(F2)-1)*39, 0) -> 0 | AC3: =OFFSET('Daily Prod Format'!F19,(ROW(G2)-1)*39, 0) -> 0 | AD3: =OFFSET('Daily Prod Format'!F20,(ROW(H2)-1)*39, 0) -> 0 | AE3: =OFFSET('Daily Prod Format'!F21,(ROW(I2)-1)*39, 0) -> 0 | AF3: =OFFSET('Daily Prod Format'!F22,(ROW(I2)-1)*39, 0) -> 0 | AI3: 68 | AJ3: 45 | AK3: 127 | AL3: 208 | AM3: 10 | AN3: 12 | AP3: 3 | AQ3: 2
A4: 46298 | D4: =B4+C4 -> 0 | E4: =OFFSET('Daily Prod Format'!F6,(ROW(A3)-1)*39, 0) -> 0 | G4: =OFFSET('Daily Prod Format'!F8, (ROW(E3)-1)*39, 0) -> 0 | H4: =OFFSET('Daily Prod Format'!F7, (ROW(A3)-1)*39, 0) -> 0 | N4: =(OFFSET('Daily Prod Format'!F15,(ROW(A3)-1)*39, 0))-Q4 -> 0 | O4: =OFFSET('Daily Prod Format'!F16,(ROW(A3)-1)*39, 0) -> 0 | P4: =OFFSET('Daily Prod Format'!F17,(ROW(A3)-1)*39, 0) -> 0 | Q4: =OFFSET('Daily Prod Format'!F22,(ROW(A3)-1)*39, 0) -> 0 | R4: =OFFSET('Daily Prod Format'!F10,(ROW(E3)-1)*39, 0) -> 0 | S4: =OFFSET('Daily Prod Format'!F11,(ROW(H3)-1)*39, 0) -> 0 | T4: =OFFSET('Daily Prod Format'!F12,(ROW(G3)-1)*39, 0) -> 0 | U4: =OFFSET('Daily Prod Format'!F9,(ROW(E3)-1)*39, 0) -> 0 | V4: =OFFSET('Daily Prod Format'!F13,(ROW(F3)-1)*39, 0) -> 0 | W4: =OFFSET('Daily Prod Format'!F14,(ROW(E3)-1)*39, 0) -> 0 | Y4: =A4 -> 46298 | Z4: =OFFSET('Daily Prod Format'!F15,(ROW(D3)-1)*39, 0) -> 0 | AA4: =OFFSET('Daily Prod Format'!F18,(ROW(E3)-1)*39, 0) -> 0 | AB4: =OFFSET('Daily Prod Format'!F19,(ROW(F3)-1)*39, 0) -> 0 | AC4: =OFFSET('Daily Prod Format'!F20,(ROW(G3)-1)*39, 0) -> 0 | AD4: =OFFSET('Daily Prod Format'!F21,(ROW(H3)-1)*39, 0) -> 0 | AE4: =OFFSET('Daily Prod Format'!F22,(ROW(I3)-1)*39, 0) -> 0 | AF4: =OFFSET('Daily Prod Format'!F23,(ROW(I3)-1)*39, 0) -> 0 | AI4: 65 | AJ4: 52 | AK4: 112 | AL4: 224 | AM4: 7 | AN4: 12 | AP4: 0 | AQ4: 0
A5: 46299 | D5: =B5+C5 -> 0 | E5: =OFFSET('Daily Prod Format'!F7,(ROW(A4)-1)*39, 0) -> 0 | G5: =OFFSET('Daily Prod Format'!F9, (ROW(E4)-1)*39, 0) -> 0 | H5: =OFFSET('Daily Prod Format'!F8, (ROW(A4)-1)*39, 0) -> 0 | N5: =(OFFSET('Daily Prod Format'!F16,(ROW(A4)-1)*39, 0))-Q5 -> 0 | O5: =OFFSET('Daily Prod Format'!F17,(ROW(A4)-1)*39, 0) -> 0 | P5: =OFFSET('Daily Prod Format'!F18,(ROW(A4)-1)*39, 0) -> 0 | Q5: =OFFSET('Daily Prod Format'!F23,(ROW(A4)-1)*39, 0) -> 0 | R5: =OFFSET('Daily Prod Format'!F11,(ROW(E4)-1)*39, 0) -> 0 | S5: =OFFSET('Daily Prod Format'!F12,(ROW(H4)-1)*39, 0) -> 0 | T5: =OFFSET('Daily Prod Format'!F13,(ROW(G4)-1)*39, 0) -> 0 | U5: =OFFSET('Daily Prod Format'!F10,(ROW(E4)-1)*39, 0) -> 0 | V5: =OFFSET('Daily Prod Format'!F14,(ROW(F4)-1)*39, 0) -> 0 | W5: =OFFSET('Daily Prod Format'!F15,(ROW(E4)-1)*39, 0) -> 0 | Y5: =A5 -> 46299 | Z5: =OFFSET('Daily Prod Format'!F16,(ROW(D4)-1)*39, 0) -> 0 | AA5: =OFFSET('Daily Prod Format'!F19,(ROW(E4)-1)*39, 0) -> 0 | AB5: =OFFSET('Daily Prod Format'!F20,(ROW(F4)-1)*39, 0) -> 0 | AC5: =OFFSET('Daily Prod Format'!F21,(ROW(G4)-1)*39, 0) -> 0 | AD5: =OFFSET('Daily Prod Format'!F22,(ROW(H4)-1)*39, 0) -> 0 | AE5: =OFFSET('Daily Prod Format'!F23,(ROW(I4)-1)*39, 0) -> 0 | AF5: =OFFSET('Daily Prod Format'!F24,(ROW(I4)-1)*39, 0) -> 0
A6: 46300 | D6: =B6+C6 -> 0 | E6: =OFFSET('Daily Prod Format'!F8,(ROW(A5)-1)*39, 0) -> 0 | G6: =OFFSET('Daily Prod Format'!F10, (ROW(E5)-1)*39, 0) -> 0 | H6: =OFFSET('Daily Prod Format'!F9, (ROW(A5)-1)*39, 0) -> 0 | N6: =(OFFSET('Daily Prod Format'!F17,(ROW(A5)-1)*39, 0))-Q6 -> 0 | O6: =OFFSET('Daily Prod Format'!F18,(ROW(A5)-1)*39, 0) -> 0 | P6: =OFFSET('Daily Prod Format'!F19,(ROW(A5)-1)*39, 0) -> 0 | Q6: =OFFSET('Daily Prod Format'!F24,(ROW(A5)-1)*39, 0) -> 0 | R6: =OFFSET('Daily Prod Format'!F12,(ROW(E5)-1)*39, 0) -> 0 | S6: =OFFSET('Daily Prod Format'!F13,(ROW(H5)-1)*39, 0) -> 0 | T6: =OFFSET('Daily Prod Format'!F14,(ROW(G5)-1)*39, 0) -> 0 | U6: =OFFSET('Daily Prod Format'!F11,(ROW(E5)-1)*39, 0) -> 0 | V6: =OFFSET('Daily Prod Format'!F15,(ROW(F5)-1)*39, 0) -> 0 | W6: =OFFSET('Daily Prod Format'!F16,(ROW(E5)-1)*39, 0) -> 0 | Y6: =A6 -> 46300 | Z6: =OFFSET('Daily Prod Format'!F17,(ROW(D5)-1)*39, 0) -> 0 | AA6: =OFFSET('Daily Prod Format'!F20,(ROW(E5)-1)*39, 0) -> 0 | AB6: =OFFSET('Daily Prod Format'!F21,(ROW(F5)-1)*39, 0) -> 0 | AC6: =OFFSET('Daily Prod Format'!F22,(ROW(G5)-1)*39, 0) -> 0 | AD6: =OFFSET('Daily Prod Format'!F23,(ROW(H5)-1)*39, 0) -> 0 | AE6: =OFFSET('Daily Prod Format'!F24,(ROW(I5)-1)*39, 0) -> 0 | AF6: =OFFSET('Daily Prod Format'!F25,(ROW(I5)-1)*39, 0) -> 0
A7: 46301 | D7: =B7+C7 -> 0 | E7: =OFFSET('Daily Prod Format'!F9,(ROW(A6)-1)*39, 0) -> 0 | G7: =OFFSET('Daily Prod Format'!F11, (ROW(E6)-1)*39, 0) -> 0 | H7: =OFFSET('Daily Prod Format'!F10, (ROW(A6)-1)*39, 0) -> 0 | N7: =(OFFSET('Daily Prod Format'!F18,(ROW(A6)-1)*39, 0))-Q7 -> 0 | O7: =OFFSET('Daily Prod Format'!F19,(ROW(A6)-1)*39, 0) -> 0 | P7: =OFFSET('Daily Prod Format'!F20,(ROW(A6)-1)*39, 0) -> 0 | Q7: =OFFSET('Daily Prod Format'!F25,(ROW(A6)-1)*39, 0) -> 0 | R7: =OFFSET('Daily Prod Format'!F13,(ROW(E6)-1)*39, 0) -> 0 | S7: =OFFSET('Daily Prod Format'!F14,(ROW(H6)-1)*39, 0) -> 0 | T7: =OFFSET('Daily Prod Format'!F15,(ROW(G6)-1)*39, 0) -> 0 | U7: =OFFSET('Daily Prod Format'!F12,(ROW(E6)-1)*39, 0) -> 0 | V7: =OFFSET('Daily Prod Format'!F16,(ROW(F6)-1)*39, 0) -> 0 | W7: =OFFSET('Daily Prod Format'!F17,(ROW(E6)-1)*39, 0) -> 0 | Y7: =A7 -> 46301 | Z7: =OFFSET('Daily Prod Format'!F18,(ROW(D6)-1)*39, 0) -> 0 | AA7: =OFFSET('Daily Prod Format'!F21,(ROW(E6)-1)*39, 0) -> 0 | AB7: =OFFSET('Daily Prod Format'!F22,(ROW(F6)-1)*39, 0) -> 0 | AC7: =OFFSET('Daily Prod Format'!F23,(ROW(G6)-1)*39, 0) -> 0 | AD7: =OFFSET('Daily Prod Format'!F24,(ROW(H6)-1)*39, 0) -> 0 | AE7: =OFFSET('Daily Prod Format'!F25,(ROW(I6)-1)*39, 0) -> 0 | AF7: =OFFSET('Daily Prod Format'!F26,(ROW(I6)-1)*39, 0) -> 0
A8: 46302 | D8: =B8+C8 -> 0 | E8: =OFFSET('Daily Prod Format'!F10,(ROW(A7)-1)*39, 0) -> 0 | G8: =OFFSET('Daily Prod Format'!F12, (ROW(E7)-1)*39, 0) -> 0 | H8: =OFFSET('Daily Prod Format'!F11, (ROW(A7)-1)*39, 0) -> 0 | N8: =(OFFSET('Daily Prod Format'!F19,(ROW(A7)-1)*39, 0))-Q8 -> 0 | O8: =OFFSET('Daily Prod Format'!F20,(ROW(A7)-1)*39, 0) -> 0 | P8: =OFFSET('Daily Prod Format'!F21,(ROW(A7)-1)*39, 0) -> 0 | Q8: =OFFSET('Daily Prod Format'!F26,(ROW(A7)-1)*39, 0) -> 0 | R8: =OFFSET('Daily Prod Format'!F14,(ROW(E7)-1)*39, 0) -> 0 | S8: =OFFSET('Daily Prod Format'!F15,(ROW(H7)-1)*39, 0) -> 0 | T8: =OFFSET('Daily Prod Format'!F16,(ROW(G7)-1)*39, 0) -> 0 | U8: =OFFSET('Daily Prod Format'!F13,(ROW(E7)-1)*39, 0) -> 0 | V8: =OFFSET('Daily Prod Format'!F17,(ROW(F7)-1)*39, 0) -> 0 | W8: =OFFSET('Daily Prod Format'!F18,(ROW(E7)-1)*39, 0) -> 0 | Y8: =A8 -> 46302 | Z8: =OFFSET('Daily Prod Format'!F19,(ROW(D7)-1)*39, 0) -> 0 | AA8: =OFFSET('Daily Prod Format'!F22,(ROW(E7)-1)*39, 0) -> 0 | AB8: =OFFSET('Daily Prod Format'!F23,(ROW(F7)-1)*39, 0) -> 0 | AC8: =OFFSET('Daily Prod Format'!F24,(ROW(G7)-1)*39, 0) -> 0 | AD8: =OFFSET('Daily Prod Format'!F25,(ROW(H7)-1)*39, 0) -> 0 | AE8: =OFFSET('Daily Prod Format'!F26,(ROW(I7)-1)*39, 0) -> 0 | AF8: =OFFSET('Daily Prod Format'!F27,(ROW(I7)-1)*39, 0) -> 0
A9: 46303 | D9: =B9+C9 -> 0 | E9: =OFFSET('Daily Prod Format'!F11,(ROW(A8)-1)*39, 0) -> 0 | G9: =OFFSET('Daily Prod Format'!F13, (ROW(E8)-1)*39, 0) -> 0 | H9: =OFFSET('Daily Prod Format'!F12, (ROW(A8)-1)*39, 0) -> 0 | N9: =(OFFSET('Daily Prod Format'!F20,(ROW(A8)-1)*39, 0))-Q9 -> 0 | O9: =OFFSET('Daily Prod Format'!F21,(ROW(A8)-1)*39, 0) -> 0 | P9: =OFFSET('Daily Prod Format'!F22,(ROW(A8)-1)*39, 0) -> 0 | Q9: =OFFSET('Daily Prod Format'!F27,(ROW(A8)-1)*39, 0) -> 0 | R9: =OFFSET('Daily Prod Format'!F15,(ROW(E8)-1)*39, 0) -> 0 | S9: =OFFSET('Daily Prod Format'!F16,(ROW(H8)-1)*39, 0) -> 0 | T9: =OFFSET('Daily Prod Format'!F17,(ROW(G8)-1)*39, 0) -> 0 | U9: =OFFSET('Daily Prod Format'!F14,(ROW(E8)-1)*39, 0) -> 0 | V9: =OFFSET('Daily Prod Format'!F18,(ROW(F8)-1)*39, 0) -> 0 | W9: =OFFSET('Daily Prod Format'!F19,(ROW(E8)-1)*39, 0) -> 0 | Y9: =A9 -> 46303 | Z9: =OFFSET('Daily Prod Format'!F20,(ROW(D8)-1)*39, 0) -> 0 | AA9: =OFFSET('Daily Prod Format'!F23,(ROW(E8)-1)*39, 0) -> 0 | AB9: =OFFSET('Daily Prod Format'!F24,(ROW(F8)-1)*39, 0) -> 0 | AC9: =OFFSET('Daily Prod Format'!F25,(ROW(G8)-1)*39, 0) -> 0 | AD9: =OFFSET('Daily Prod Format'!F26,(ROW(H8)-1)*39, 0) -> 0 | AE9: =OFFSET('Daily Prod Format'!F27,(ROW(I8)-1)*39, 0) -> 0 | AF9: =OFFSET('Daily Prod Format'!F28,(ROW(I8)-1)*39, 0) -> 0
A10: 46304 | D10: =B10+C10 -> 0 | E10: =OFFSET('Daily Prod Format'!F12,(ROW(A9)-1)*39, 0) -> 0 | G10: =OFFSET('Daily Prod Format'!F14, (ROW(E9)-1)*39, 0) -> 0 | H10: =OFFSET('Daily Prod Format'!F13, (ROW(A9)-1)*39, 0) -> 0 | N10: =(OFFSET('Daily Prod Format'!F21,(ROW(A9)-1)*39, 0))-Q10 -> 0 | O10: =OFFSET('Daily Prod Format'!F22,(ROW(A9)-1)*39, 0) -> 0 | P10: =OFFSET('Daily Prod Format'!F23,(ROW(A9)-1)*39, 0) -> 0 | Q10: =OFFSET('Daily Prod Format'!F28,(ROW(A9)-1)*39, 0) -> 0 | R10: =OFFSET('Daily Prod Format'!F16,(ROW(E9)-1)*39, 0) -> 0 | S10: =OFFSET('Daily Prod Format'!F17,(ROW(H9)-1)*39, 0) -> 0 | T10: =OFFSET('Daily Prod Format'!F18,(ROW(G9)-1)*39, 0) -> 0 | U10: =OFFSET('Daily Prod Format'!F15,(ROW(E9)-1)*39, 0) -> 0 | V10: =OFFSET('Daily Prod Format'!F19,(ROW(F9)-1)*39, 0) -> 0 | W10: =OFFSET('Daily Prod Format'!F20,(ROW(E9)-1)*39, 0) -> 0 | Y10: =A10 -> 46304 | Z10: =OFFSET('Daily Prod Format'!F21,(ROW(D9)-1)*39, 0) -> 0 | AA10: =OFFSET('Daily Prod Format'!F24,(ROW(E9)-1)*39, 0) -> 0 | AB10: =OFFSET('Daily Prod Format'!F25,(ROW(F9)-1)*39, 0) -> 0 | AC10: =OFFSET('Daily Prod Format'!F26,(ROW(G9)-1)*39, 0) -> 0 | AD10: =OFFSET('Daily Prod Format'!F27,(ROW(H9)-1)*39, 0) -> 0 | AE10: =OFFSET('Daily Prod Format'!F28,(ROW(I9)-1)*39, 0) -> 0 | AF10: =OFFSET('Daily Prod Format'!F29,(ROW(I9)-1)*39, 0) -> 0
A11: 46305 | D11: =B11+C11 -> 0 | E11: =OFFSET('Daily Prod Format'!F13,(ROW(A10)-1)*39, 0) -> 0 | G11: =OFFSET('Daily Prod Format'!F15, (ROW(E10)-1)*39, 0) -> 0 | H11: =OFFSET('Daily Prod Format'!F14, (ROW(A10)-1)*39, 0) -> 0 | N11: =(OFFSET('Daily Prod Format'!F22,(ROW(A10)-1)*39, 0))-Q11 -> 0 | O11: =OFFSET('Daily Prod Format'!F23,(ROW(A10)-1)*39, 0) -> 0 | P11: =OFFSET('Daily Prod Format'!F24,(ROW(A10)-1)*39, 0) -> 0 | Q11: =OFFSET('Daily Prod Format'!F29,(ROW(A10)-1)*39, 0) -> 0 | R11: =OFFSET('Daily Prod Format'!F17,(ROW(E10)-1)*39, 0) -> 0 | S11: =OFFSET('Daily Prod Format'!F18,(ROW(H10)-1)*39, 0) -> 0 | T11: =OFFSET('Daily Prod Format'!F19,(ROW(G10)-1)*39, 0) -> 0 | U11: =OFFSET('Daily Prod Format'!F16,(ROW(E10)-1)*39, 0) -> 0 | V11: =OFFSET('Daily Prod Format'!F20,(ROW(F10)-1)*39, 0) -> 0 | W11: =OFFSET('Daily Prod Format'!F21,(ROW(E10)-1)*39, 0) -> 0 | Y11: =A11 -> 46305 | Z11: =OFFSET('Daily Prod Format'!F22,(ROW(D10)-1)*39, 0) -> 0 | AA11: =OFFSET('Daily Prod Format'!F25,(ROW(E10)-1)*39, 0) -> 0 | AB11: =OFFSET('Daily Prod Format'!F26,(ROW(F10)-1)*39, 0) -> 0 | AC11: =OFFSET('Daily Prod Format'!F27,(ROW(G10)-1)*39, 0) -> 0 | AD11: =OFFSET('Daily Prod Format'!F28,(ROW(H10)-1)*39, 0) -> 0 | AE11: =OFFSET('Daily Prod Format'!F29,(ROW(I10)-1)*39, 0) -> 0 | AF11: =OFFSET('Daily Prod Format'!F30,(ROW(I10)-1)*39, 0) -> 0
A12: 46306 | D12: =B12+C12 -> 0 | E12: =OFFSET('Daily Prod Format'!F14,(ROW(A11)-1)*39, 0) -> 0 | G12: =OFFSET('Daily Prod Format'!F16, (ROW(E11)-1)*39, 0) -> 0 | H12: =OFFSET('Daily Prod Format'!F15, (ROW(A11)-1)*39, 0) -> 0 | N12: =(OFFSET('Daily Prod Format'!F23,(ROW(A11)-1)*39, 0))-Q12 -> 0 | O12: =OFFSET('Daily Prod Format'!F24,(ROW(A11)-1)*39, 0) -> 0 | P12: =OFFSET('Daily Prod Format'!F25,(ROW(A11)-1)*39, 0) -> 0 | Q12: =OFFSET('Daily Prod Format'!F30,(ROW(A11)-1)*39, 0) -> 0 | R12: =OFFSET('Daily Prod Format'!F18,(ROW(E11)-1)*39, 0) -> 0 | S12: =OFFSET('Daily Prod Format'!F19,(ROW(H11)-1)*39, 0) -> 0 | T12: =OFFSET('Daily Prod Format'!F20,(ROW(G11)-1)*39, 0) -> 0 | U12: =OFFSET('Daily Prod Format'!F17,(ROW(E11)-1)*39, 0) -> 0 | V12: =OFFSET('Daily Prod Format'!F21,(ROW(F11)-1)*39, 0) -> 0 | W12: =OFFSET('Daily Prod Format'!F22,(ROW(E11)-1)*39, 0) -> 0 | Y12: =A12 -> 46306 | Z12: =OFFSET('Daily Prod Format'!F23,(ROW(D11)-1)*39, 0) -> 0 | AA12: =OFFSET('Daily Prod Format'!F26,(ROW(E11)-1)*39, 0) -> 0 | AB12: =OFFSET('Daily Prod Format'!F27,(ROW(F11)-1)*39, 0) -> 0 | AC12: =OFFSET('Daily Prod Format'!F28,(ROW(G11)-1)*39, 0) -> 0 | AD12: =OFFSET('Daily Prod Format'!F29,(ROW(H11)-1)*39, 0) -> 0 | AE12: =OFFSET('Daily Prod Format'!F30,(ROW(I11)-1)*39, 0) -> 0 | AF12: =OFFSET('Daily Prod Format'!F31,(ROW(I11)-1)*39, 0) -> 0
A13: 46307 | D13: =B13+C13 -> 0 | E13: =OFFSET('Daily Prod Format'!F15,(ROW(A12)-1)*39, 0) -> 0 | G13: =OFFSET('Daily Prod Format'!F17, (ROW(E12)-1)*39, 0) -> 0 | H13: =OFFSET('Daily Prod Format'!F16, (ROW(A12)-1)*39, 0) -> 0 | N13: =(OFFSET('Daily Prod Format'!F24,(ROW(A12)-1)*39, 0))-Q13 -> 0 | O13: =OFFSET('Daily Prod Format'!F25,(ROW(A12)-1)*39, 0) -> 0 | P13: =OFFSET('Daily Prod Format'!F26,(ROW(A12)-1)*39, 0) -> 0 | Q13: =OFFSET('Daily Prod Format'!F31,(ROW(A12)-1)*39, 0) -> 0 | R13: =OFFSET('Daily Prod Format'!F19,(ROW(E12)-1)*39, 0) -> 0 | S13: =OFFSET('Daily Prod Format'!F20,(ROW(H12)-1)*39, 0) -> 0 | T13: =OFFSET('Daily Prod Format'!F21,(ROW(G12)-1)*39, 0) -> 0 | U13: =OFFSET('Daily Prod Format'!F18,(ROW(E12)-1)*39, 0) -> 0 | V13: =OFFSET('Daily Prod Format'!F22,(ROW(F12)-1)*39, 0) -> 0 | W13: =OFFSET('Daily Prod Format'!F23,(ROW(E12)-1)*39, 0) -> 0 | Y13: =A13 -> 46307 | Z13: =OFFSET('Daily Prod Format'!F24,(ROW(D12)-1)*39, 0) -> 0 | AA13: =OFFSET('Daily Prod Format'!F27,(ROW(E12)-1)*39, 0) -> 0 | AB13: =OFFSET('Daily Prod Format'!F28,(ROW(F12)-1)*39, 0) -> 0 | AC13: =OFFSET('Daily Prod Format'!F29,(ROW(G12)-1)*39, 0) -> 0 | AD13: =OFFSET('Daily Prod Format'!F30,(ROW(H12)-1)*39, 0) -> 0 | AE13: =OFFSET('Daily Prod Format'!F31,(ROW(I12)-1)*39, 0) -> 0 | AF13: =OFFSET('Daily Prod Format'!F32,(ROW(I12)-1)*39, 0) -> 0
A14: 46308 | D14: =B14+C14 -> 0 | E14: =OFFSET('Daily Prod Format'!F16,(ROW(A13)-1)*39, 0) -> 0 | G14: =OFFSET('Daily Prod Format'!F18, (ROW(E13)-1)*39, 0) -> 0 | H14: =OFFSET('Daily Prod Format'!F17, (ROW(A13)-1)*39, 0) -> 0 | N14: =(OFFSET('Daily Prod Format'!F25,(ROW(A13)-1)*39, 0))-Q14 -> 0 | O14: =OFFSET('Daily Prod Format'!F26,(ROW(A13)-1)*39, 0) -> 0 | P14: =OFFSET('Daily Prod Format'!F27,(ROW(A13)-1)*39, 0) -> 0 | Q14: =OFFSET('Daily Prod Format'!F32,(ROW(A13)-1)*39, 0) -> 0 | R14: =OFFSET('Daily Prod Format'!F20,(ROW(E13)-1)*39, 0) -> 0 | S14: =OFFSET('Daily Prod Format'!F21,(ROW(H13)-1)*39, 0) -> 0 | T14: =OFFSET('Daily Prod Format'!F22,(ROW(G13)-1)*39, 0) -> 0 | U14: =OFFSET('Daily Prod Format'!F19,(ROW(E13)-1)*39, 0) -> 0 | V14: =OFFSET('Daily Prod Format'!F23,(ROW(F13)-1)*39, 0) -> 0 | W14: =OFFSET('Daily Prod Format'!F24,(ROW(E13)-1)*39, 0) -> 0 | Y14: =A14 -> 46308 | Z14: =OFFSET('Daily Prod Format'!F25,(ROW(D13)-1)*39, 0) -> 0 | AA14: =OFFSET('Daily Prod Format'!F28,(ROW(E13)-1)*39, 0) -> 0 | AB14: =OFFSET('Daily Prod Format'!F29,(ROW(F13)-1)*39, 0) -> 0 | AC14: =OFFSET('Daily Prod Format'!F30,(ROW(G13)-1)*39, 0) -> 0 | AD14: =OFFSET('Daily Prod Format'!F31,(ROW(H13)-1)*39, 0) -> 0 | AE14: =OFFSET('Daily Prod Format'!F32,(ROW(I13)-1)*39, 0) -> 0 | AF14: =OFFSET('Daily Prod Format'!F33,(ROW(I13)-1)*39, 0) -> 0
A15: 46309 | D15: =B15+C15 -> 0 | E15: =OFFSET('Daily Prod Format'!F17,(ROW(A14)-1)*39, 0) -> 0 | G15: =OFFSET('Daily Prod Format'!F19, (ROW(E14)-1)*39, 0) -> 0 | H15: =OFFSET('Daily Prod Format'!F18, (ROW(A14)-1)*39, 0) -> 0 | N15: =(OFFSET('Daily Prod Format'!F26,(ROW(A14)-1)*39, 0))-Q15 -> 0 | O15: =OFFSET('Daily Prod Format'!F27,(ROW(A14)-1)*39, 0) -> 0 | P15: =OFFSET('Daily Prod Format'!F28,(ROW(A14)-1)*39, 0) -> 0 | Q15: =OFFSET('Daily Prod Format'!F33,(ROW(A14)-1)*39, 0) -> 0 | R15: =OFFSET('Daily Prod Format'!F21,(ROW(E14)-1)*39, 0) -> 0 | S15: =OFFSET('Daily Prod Format'!F22,(ROW(H14)-1)*39, 0) -> 0 | T15: =OFFSET('Daily Prod Format'!F23,(ROW(G14)-1)*39, 0) -> 0 | U15: =OFFSET('Daily Prod Format'!F20,(ROW(E14)-1)*39, 0) -> 0 | V15: =OFFSET('Daily Prod Format'!F24,(ROW(F14)-1)*39, 0) -> 0 | W15: =OFFSET('Daily Prod Format'!F25,(ROW(E14)-1)*39, 0) -> 0 | Y15: =A15 -> 46309 | Z15: =OFFSET('Daily Prod Format'!F26,(ROW(D14)-1)*39, 0) -> 0 | AA15: =OFFSET('Daily Prod Format'!F29,(ROW(E14)-1)*39, 0) -> 0 | AB15: =OFFSET('Daily Prod Format'!F30,(ROW(F14)-1)*39, 0) -> 0 | AC15: =OFFSET('Daily Prod Format'!F31,(ROW(G14)-1)*39, 0) -> 0 | AD15: =OFFSET('Daily Prod Format'!F32,(ROW(H14)-1)*39, 0) -> 0 | AE15: =OFFSET('Daily Prod Format'!F33,(ROW(I14)-1)*39, 0) -> 0 | AF15: =OFFSET('Daily Prod Format'!F34,(ROW(I14)-1)*39, 0) -> 0
A16: 46310 | D16: =B16+C16 -> 0 | E16: =OFFSET('Daily Prod Format'!F18,(ROW(A15)-1)*39, 0) -> 0 | G16: =OFFSET('Daily Prod Format'!F20, (ROW(E15)-1)*39, 0) -> 0 | H16: =OFFSET('Daily Prod Format'!F19, (ROW(A15)-1)*39, 0) -> 0 | N16: =(OFFSET('Daily Prod Format'!F27,(ROW(A15)-1)*39, 0))-Q16 -> 0 | O16: =OFFSET('Daily Prod Format'!F28,(ROW(A15)-1)*39, 0) -> 0 | P16: =OFFSET('Daily Prod Format'!F29,(ROW(A15)-1)*39, 0) -> 0 | Q16: =OFFSET('Daily Prod Format'!F34,(ROW(A15)-1)*39, 0) -> 0 | R16: =OFFSET('Daily Prod Format'!F22,(ROW(E15)-1)*39, 0) -> 0 | S16: =OFFSET('Daily Prod Format'!F23,(ROW(H15)-1)*39, 0) -> 0 | T16: =OFFSET('Daily Prod Format'!F24,(ROW(G15)-1)*39, 0) -> 0 | U16: =OFFSET('Daily Prod Format'!F21,(ROW(E15)-1)*39, 0) -> 0 | V16: =OFFSET('Daily Prod Format'!F25,(ROW(F15)-1)*39, 0) -> 0 | W16: =OFFSET('Daily Prod Format'!F26,(ROW(E15)-1)*39, 0) -> 0 | Y16: =A16 -> 46310 | Z16: =OFFSET('Daily Prod Format'!F27,(ROW(D15)-1)*39, 0) -> 0 | AA16: =OFFSET('Daily Prod Format'!F30,(ROW(E15)-1)*39, 0) -> 0 | AB16: =OFFSET('Daily Prod Format'!F31,(ROW(F15)-1)*39, 0) -> 0 | AC16: =OFFSET('Daily Prod Format'!F32,(ROW(G15)-1)*39, 0) -> 0 | AD16: =OFFSET('Daily Prod Format'!F33,(ROW(H15)-1)*39, 0) -> 0 | AE16: =OFFSET('Daily Prod Format'!F34,(ROW(I15)-1)*39, 0) -> 0 | AF16: =OFFSET('Daily Prod Format'!F35,(ROW(I15)-1)*39, 0) -> 0
... A32: 46326 | D32: =B32+C32 -> 0 | E32: =OFFSET('Daily Prod Format'!F34,(ROW(A31)-1)*39, 0) -> 0 | G32: =OFFSET('Daily Prod Format'!F36, (ROW(E31)-1)*39, 0) -> 0 | H32: =OFFSET('Daily Prod Format'!F35, (ROW(A31)-1)*39, 0) -> 0 | N32: =(OFFSET('Daily Prod Format'!F43,(ROW(A31)-1)*39, 0))-Q32 -> 0 | O32: =OFFSET('Daily Prod Format'!F44,(ROW(A31)-1)*39, 0) -> 0 | P32: =OFFSET('Daily Prod Format'!F45,(ROW(A31)-1)*39, 0) -> 0 | Q32: =OFFSET('Daily Prod Format'!F50,(ROW(A31)-1)*39, 0) -> 0 | R32: =OFFSET('Daily Prod Format'!F38,(ROW(E31)-1)*39, 0) -> 0 | S32: =OFFSET('Daily Prod Format'!F39,(ROW(H31)-1)*39, 0) -> 0 | T32: =OFFSET('Daily Prod Format'!F40,(ROW(G31)-1)*39, 0) -> 0 | U32: =OFFSET('Daily Prod Format'!F37,(ROW(E31)-1)*39, 0) -> 0 | V32: =OFFSET('Daily Prod Format'!F41,(ROW(F31)-1)*39, 0) -> 0 | W32: =OFFSET('Daily Prod Format'!F42,(ROW(E31)-1)*39, 0) -> 0 | Y32: =A32 -> 46326 | Z32: =OFFSET('Daily Prod Format'!F43,(ROW(D31)-1)*39, 0) -> 0 | AA32: =OFFSET('Daily Prod Format'!F46,(ROW(E31)-1)*39, 0) -> 0 | AB32: =OFFSET('Daily Prod Format'!F47,(ROW(F31)-1)*39, 0) -> 0 | AC32: =OFFSET('Daily Prod Format'!F48,(ROW(G31)-1)*39, 0) -> 0 | AD32: =OFFSET('Daily Prod Format'!F49,(ROW(H31)-1)*39, 0) -> 0 | AE32: =OFFSET('Daily Prod Format'!F50,(ROW(I31)-1)*39, 0) -> 0 | AF32: =OFFSET('Daily Prod Format'!F51,(ROW(I31)-1)*39, 0) -> 0
N33: =SUM(N2:N32) -> 0 | O33: =SUM(O2:O32) -> 0 | P33: =SUM(P2:P32) -> 0 | Q33: =SUM(Q2:Q32) -> 0 | R33: =SUM(R8) -> 0 | S33: =SUM(S2:S32) -> 0 | T33: =SUM(T2:T32) -> 0 | U33: =SUM(U2:U21)+SUM(X22:X29) -> 0 | V33: =SUM(V2:V32) -> 0 | W33: =SUM(W2:W32) -> 0 | Z33: =SUM(Z2:Z32) -> 0 | AA33: =SUM(AA2:AA32) -> 0 | AB33: =SUM(AB2:AB32) -> 0 | AC33: =SUM(AC2:AC32) -> 0 | AD33: =SUM(AD2:AD32) -> 0 | AE33: =SUM(AE2:AE32) -> 0 | AF33: =SUM(AF2:AF32) -> 0
B34: ='FC Report'!A36 -> 189.664 | C34: ='FC Report'!B36 -> 230 | D34: ='FC Report'!A36+'FC Report'!B36 -> 419.664 | E34: =SUM(E2:E32) -> 0 | F34: ='FC Report'!C36 -> 156.88 | G34: =SUM(G2:G32) -> 0 | H34: =SUM(H2:H32) -> 0 | M34: TOTAL | N34: =N33+Q33 -> 0 | R34: =SUM(R9:R32) -> 0
E35: {=IFERROR(IF(E34=-INDEX(Durgesh!$1:$1048576,41,MATCH(1,INDEX((Durgesh!$3:$3="3-ISSUE")*(Durgesh!$4:$4="INTER STOCK TRANSFER"),0),0)),"✓","✗"),"✗")} -> ✗ | F35: =IF(F34 = ('FC Report'!C36), "✓", "✗") -> ✓ | G35: =IF(G34 = ('FC Report'!E16), "✓", "✗") -> ✗ | H35: =IF(H34 = ('FC Report'!E18), "✓", "✗") -> ✗ | N35: =N34-'FC Report'!E9 -> -652.68 | O35: ='FC Report'!E14-O33 -> 0 | P35: ='FC Report'!E12-P33 -> 24.537 | Q35: ='FC Report'!E11-Q33 -> 5.3 | W35: 1855.34
E36: =(B34+C34)-F34 -> 262.784 | F36: =(G34/F34) -> 0 | N36: =IF(N34 = 'FC Report'!E9, "✓", "✗") -> ✗ | O36: =IF(O33 = 'FC Report'!E14, "✓", "✗") -> ✓ | P36: =IF(P33 = 'FC Report'!E12, "✓", "✗") -> ✗ | Q36: =IF(Q33 = 'FC Report'!E11, "✓", "✗") -> ✗ | R36: =IF(R33 = 'FC Report'!E15, "✓", "✗") -> ✓ | S36: =IF(S33 = 'FC Report'!E7, "✓", "✗") -> ✗ | T36: =IF(T33 = 'FC Report'!E5, "✓", "✗") -> ✗ | V36: =IF(V33 = 'FC Report'!E6, "✓", "✗") -> ✓ | W36: =IF(W33 = 'FC Report'!E4, "✓", "✗") -> ✓ | Y36: =0.82-0.49 -> 0.33 | Z36: PELLETS
R37: =IF(R34 = 'FC Report'!E8, "✓", "✗") -> ✓ | S37: ='FC Report'!E7-'RM Report'!S33 -> 256.21 | T37: ='FC Report'!E5-'RM Report'!T33 -> 44.86 | V37: ='FC Report'!E6-'RM Report'!V33 -> 0 | W37: ='FC Report'!E4-'RM Report'!W33 -> 0 | Y37: =703.97-703.79 -> 0.18 | Z37: FINES
F38: =SUM(F2:F32)-F34 -> -156.88

Sheet FC Report
A1: SMS Monthly Report - OCT'26
A2: SMS Stock and Consumption reports. | Q2: Approved Charge Mix %
A3: Sl no | B3: Particular | D3: Opening | E3: Received | F3: Total | G3: Issue | H3: M to M Transfer | I3: Closing | J3: % Target Consp. | K3: % Actual cons. | L3: Metal conv. | M3: Assumed yield % | N3: %Fe(M) | Q3: Item | R3: CM1 | S3: CM2 | T3: CM3 | U3: CM4 | V3: CM5 | W3: CM6 | X3: Avg
A4: 1 | B4: SPONGE IRON LUMPS. | D4: =IFERROR(VLOOKUP(B4,Durgesh!C:E,3,FALSE()),"") -> 690.95 | E4: {=IFERROR(SUMPRODUCT(IFERROR((Durgesh!$C$4:$C$1000='FC Report'!B4)*(Durgesh!$D$3:$Z$3="2-RECIEPT")*Durgesh!$D$4:$Z$1000,0)),"")} -> 0 | F4: =(D4+E4) -> 690.95 | G4: {=IFERROR(SUMPRODUCT(IFERROR((Durgesh!$C$4:$C$1000='FC Report'!B4)*(Durgesh!$D$3:$Z$3="3-ISSUE")*Durgesh!$D$4:$Z$1000,0)),"")} -> -143 | H4: {=IFERROR(SUM(INDEX(Durgesh!M:M, MATCH('FC Report'!B4, Durgesh!C:C, 0), {1})), "")} -> 0 | I4: =F4+G4 -> 547.95 | J4: =X4 -> 16.6 | K4: =(G4/$G$17)*100 -> 13.44895 | L4: =K4*M4 -> 0.53795802 | M4: =(N4/100)+4% -> 0.04 | N4: ='Daily Prod Format'!I3 -> 0 | O4: =IF(IFERROR(INDEX(Durgesh!F:Z, MATCH(B4, Durgesh!C:C, 0), MATCH("4-CLOSING", Durgesh!$F$3:$Z$3, 0)), "")=I4, "✓", "✗") -> ✓ | Q4: SPONGE IRON LUMPS | R4: 15 | S4: 14 | T4: 17 | U4: 20 | V4: 20 | W4: 18 | X4: =(R4*$R$19+S4*$S$19+T4*$T$19+U4*$U$19+W4*$W$19+V4*$V$19)/$X$19 -> 16.6
A5: =+A4+1 -> 2 | B5: SPONGE IRON FINES | D5: =IFERROR(VLOOKUP(B5,Durgesh!C:E,3,FALSE()),"") -> 65.86 | E5: {=IFERROR(SUMPRODUCT(IFERROR((Durgesh!$C$4:$C$1000='FC Report'!B5)*(Durgesh!$D$3:$Z$3="2-RECIEPT")*Durgesh!$D$4:$Z$1000,0)),"")} -> 44.86 | F5: =(D5+E5) -> 110.72 | G5: {=IFERROR(SUMPRODUCT(IFERROR((Durgesh!$C$4:$C$1000='FC Report'!B5)*(Durgesh!$D$3:$Z$3="3-ISSUE")*Durgesh!$D$4:$Z$1000,0)),"")} -> -53 | H5: {=IFERROR(SUM(INDEX(Durgesh!M:M, MATCH('FC Report'!B5, Durgesh!C:C, 0), {1})), "")} -> 0 | I5: =F5+G5 -> 57.72 | J5: =X5 -> 12.7 | K5: =(G5/$G$17)*100 -> 4.984576 | L5: =K5*M5 -> 0.04984576 | M5: =(N5/100)+1% -> 0.01 | N5: ='Daily Prod Format'!I2 -> 0 | O5: =IF(IFERROR(INDEX(Durgesh!F:Z, MATCH(B5, Durgesh!C:C, 0), MATCH("4-CLOSING", Durgesh!$F$3:$Z$3, 0)), "")=I5, "✓", "✗") -> ✓ | Q5: SPONGE IRON FINES | R5: 13 | S5: 13 | T5: 13 | U5: 10 | V5: 13 | W5: 13 | X5: =(R5*$R$19+S5*$S$19+T5*$T$19+U5*$U$19+W5*$W$19+V5*$V$19)/$X$19 -> 12.7
A6: =+A5+1 -> 3 | B6: SPONGE IRON FINES. | D6: =IFERROR(VLOOKUP(B6,Durgesh!C:E,3,FALSE()),"") -> 207 | E6: {=IFERROR(SUMPRODUCT(IFERROR((Durgesh!$C$4:$C$1000='FC Report'!B6)*(Durgesh!$D$3:$Z$3="2-RECIEPT")*Durgesh!$D$4:$Z$1000,0)),"")} -> 0 | F6: =(D6+E6) -> 207 | G6: {=IFERROR(SUMPRODUCT(IFERROR((Durgesh!$C$4:$C$1000='FC Report'!B6)*(Durgesh!$D$3:$Z$3="3-ISSUE")*Durgesh!$D$4:$Z$1000,0)),"")} -> -32 | H6: {=IFERROR(SUM(INDEX(Durgesh!M:M, MATCH('FC Report'!B6, Durgesh!C:C, 0), {1})), "")} -> 0 | I6: =F6+G6 -> 175 | J6: =X6 -> 14.4 | K6: =(G6/$G$17)*100 -> 3.0095553 | L6: =K6*M6 -> 0 | O6: =IF(IFERROR(INDEX(Durgesh!F:Z, MATCH(B6, Durgesh!C:C, 0), MATCH("4-CLOSING", Durgesh!$F$3:$Z$3, 0)), "")=I6, "✓", "✗") -> ✓ | Q6: SPONGE IRON PELLETS | R6: 18 | S6: 16 | T6: 13 | U6: 9 | V6: 12 | W6: 14 | X6: =(R6*$R$19+S6*$S$19+T6*$T$19+U6*$U$19+W6*$W$19+V6*$V$19)/$X$19 -> 14.4
A7: =+A6+1 -> 4 | B7: SPONGE IRON PELLETS | D7: =IFERROR(VLOOKUP(B7,Durgesh!C:E,3,FALSE()),"") -> 131.63 | E7: {=IFERROR(SUMPRODUCT(IFERROR((Durgesh!$C$4:$C$1000='FC Report'!B7)*(Durgesh!$D$3:$Z$3="2-RECIEPT")*Durgesh!$D$4:$Z$1000,0)),"")} -> 256.21 | F7: =(D7+E7) -> 387.84 | G7: {=IFERROR(SUMPRODUCT(IFERROR((Durgesh!$C$4:$C$1000='FC Report'!B7)*(Durgesh!$D$3:$Z$3="3-ISSUE")*Durgesh!$D$4:$Z$1000,0)),"")} -> -241 | H7: {=IFERROR(SUM(INDEX(Durgesh!M:M, MATCH('FC Report'!B7, Durgesh!C:C, 0), {1})), "")} -> 0 | I7: =F7+G7 -> 146.84 | J7: =X7 -> 0 | K7: =(G7/$G$17)*100 -> 22.665714 | L7: =K7*M7 -> 0.45331427 | M7: =(N7/100)+2% -> 0.02 | N7: ='Daily Prod Format'!I1 -> 0 | O7: =IF(IFERROR(INDEX(Durgesh!F:Z, MATCH(B7, Durgesh!C:C, 0), MATCH("4-CLOSING", Durgesh!$F$3:$Z$3, 0)), "")=I7, "✓", "✗") -> ✓ | Q7: PIG IRON | R7: 0 | S7: 0 | T7: 0 | U7: 0 | V7: 0 | W7: 0 | X7: =(R7*$R$19+S7*$S$19+T7*$T$19+U7*$U$19+W7*$W$19+V7*$V$19)/$X$19 -> 0
A8: =+A7+1 -> 5 | B8: PIG IRON | D8: =IFERROR(VLOOKUP(B8,Durgesh!C:E,3,FALSE()),"") -> 316.55 | E8: {=IFERROR(SUMPRODUCT(IFERROR((Durgesh!$C$4:$C$1000='FC Report'!B8)*(Durgesh!$D$3:$Z$3="2-RECIEPT")*Durgesh!$D$4:$Z$1000,0)),"")} -> 0 | F8: =(D8+E8) -> 316.55 | G8: {=IFERROR(SUMPRODUCT(IFERROR((Durgesh!$C$4:$C$1000='FC Report'!B8)*(Durgesh!$D$3:$Z$3="3-ISSUE")*Durgesh!$D$4:$Z$1000,0)),"")} -> -2 | H8: {=IFERROR(SUM(INDEX(Durgesh!M:M, MATCH('FC Report'!B8, Durgesh!C:C, 0), {1})), "")} -> 0 | I8: =F8+G8 -> 314.55 | J8: =X8 -> 52.833333 | K8: =(G8/$G$17)*100 -> 0.18809721 | L8: =K8*M8 -> 0.1749304 | M8: 0.93 | O8: =IF(IFERROR(INDEX(Durgesh!F:Z, MATCH(B8, Durgesh!C:C, 0), MATCH("4-CLOSING", Durgesh!$F$3:$Z$3, 0)), "")=I8, "✓", "✗") -> ✓ | Q8: SCRAP | R8: 50 | S8: 53 | T8: 54 | U8: 58 | V8: 52 | W8: 52 | X8: =(R8*$R$19+S8*$S$19+T8*$T$19+U8*$U$19+W8*$W$19+V8*$V$19)/$X$19 -> 52.833333
A9: =+A8+1 -> 6 | B9: STEEL MELTING SCRAP | D9: =IFERROR(VLOOKUP(B9,Durgesh!C:E,3,FALSE()),"") -> 549.669 | E9: {=IFERROR(SUMPRODUCT(IFERROR((Durgesh!$C$4:$C$1000='FC Report'!B9)*(Durgesh!$D$3:$Z$3="2-RECIEPT")*Durgesh!$D$4:$Z$1000,0)),"")} -> 652.68 | F9: =(D9+E9) -> 1202.349 | G9: {=IFERROR(SUMPRODUCT(IFERROR((Durgesh!$C$4:$C$1000='FC Report'!B9)*(Durgesh!$D$3:$Z$3="3-ISSUE")*Durgesh!$D$4:$Z$1000,0)),"")} -> -519.97 | H9: {=IFERROR(SUM(INDEX(Durgesh!M:M, MATCH('FC Report'!B9, Durgesh!C:C, 0), {1})), "")} -> -5.3 | I9: =F9+G9 -> 682.379 | J9: =X9 -> 0 | K9: =(G9/$G$17)*100 -> 48.902453 | L9: =K9*M9 -> 44.012208 | M9: 0.9 | O9: =IF(IFERROR(INDEX(Durgesh!F:Z, MATCH(B9, Durgesh!C:C, 0), MATCH("4-CLOSING", Durgesh!$F$3:$Z$3, 0)), "")=I9, "✓", "✗") -> ✓ | Q9: Cast Iron | R9: 0 | S9: 0 | T9: 0 | U9: 0 | V9: 0 | W9: 0 | X9: =(R9*$R$19+S9*$S$19+T9*$T$19+U9*$U$19+W9*$W$19+V9*$V$19)/$X$19 -> 0
A10: =+A9+1 -> 7 | B10: PIG IRON (GRANULATED) | D10: =IFERROR(VLOOKUP(B10,Durgesh!C:E,3,FALSE()),"") -> 0 | E10: {=IFERROR(SUMPRODUCT(IFERROR((Durgesh!$C$4:$C$1000='FC Report'!B10)*(Durgesh!$D$3:$Z$3="2-RECIEPT")*Durgesh!$D$4:$Z$1000,0)),"")} -> 0 | F10: =(D10+E10) -> 0 | G10: {=IFERROR(SUMPRODUCT(IFERROR((Durgesh!$C$4:$C$1000='FC Report'!B10)*(Durgesh!$D$3:$Z$3="3-ISSUE")*Durgesh!$D$4:$Z$1000,0)),"")} -> 0 | H10: {=IFERROR(SUM(INDEX(Durgesh!M:M, MATCH('FC Report'!B10, Durgesh!C:C, 0), {1})), "")} -> 0 | I10: =F10+G10 -> 0 | J10: =X10 -> 0.46666667 | K10: =(G10/$G$17)*100 -> 0 | L10: =K10*M10 -> 0 | M10: 0.9 | O10: =IF(IFERROR(INDEX(Durgesh!F:Z, MATCH(B10, Durgesh!C:C, 0), MATCH("4-CLOSING", Durgesh!$F$3:$Z$3, 0)), "")=I10, "✓", "✗") -> ✓ | Q10: CI MIX SCRAP | R10: 1 | S10: 1 | T10: 0 | U10: 0 | V10: 0 | W10: 0 | X10: =(R10*$R$19+S10*$S$19+T10*$T$19+U10*$U$19+W10*$W$19+V10*$V$19)/$X$19 -> 0.46666667
A11: 8 | B11: CI MIX SCRAP | D11: =IFERROR(VLOOKUP(B11,Durgesh!C:E,3,FALSE()),"") -> 33.025 | E11: {=IFERROR(SUMPRODUCT(IFERROR((Durgesh!$C$4:$C$1000='FC Report'!B11)*(Durgesh!$D$3:$Z$3="2-RECIEPT")*Durgesh!$D$4:$Z$1000,0)),"")} -> 5.3 | F11: =(D11+E11) -> 38.325 | G11: {=IFERROR(SUMPRODUCT(IFERROR((Durgesh!$C$4:$C$1000='FC Report'!B11)*(Durgesh!$D$3:$Z$3="3-ISSUE")*Durgesh!$D$4:$Z$1000,0)),"")} -> -11 | H11: {=IFERROR(SUM(INDEX(Durgesh!M:M, MATCH('FC Report'!B11, Durgesh!C:C, 0), {1})), "")} -> 0 | I11: =F11+G11 -> 27.325 | J11: =X11 -> 2 | K11: =(G11/$G$17)*100 -> 1.0345346 | L11: =K11*M11 -> 1.013844 | M11: 0.98 | O11: =IF(IFERROR(INDEX(Durgesh!F:Z, MATCH(B11, Durgesh!C:C, 0), MATCH("4-CLOSING", Durgesh!$F$3:$Z$3, 0)), "")=I11, "✓", "✗") -> ✓ | Q11: MS SCRAP- ROLLING MILL | R11: 2 | S11: 2 | T11: 2 | U11: 2 | V11: 2 | W11: 2 | X11: =(R11*$R$19+S11*$S$19+T11*$T$19+U11*$U$19+W11*$W$19+V11*$V$19)/$X$19 -> 2
A12: 9 | B12: MS Scrap -Rolling Mill | D12: =IFERROR(VLOOKUP(B12,Durgesh!C:E,3,FALSE()),"") -> 33.61 | E12: {=IFERROR(SUMPRODUCT(IFERROR((Durgesh!$C$4:$C$1000='FC Report'!B12)*(Durgesh!$D$3:$Z$3="2-RECIEPT")*Durgesh!$D$4:$Z$1000,0)),"")} -> 24.537 | F12: =(D12+E12) -> 58.147 | G12: {=IFERROR(SUMPRODUCT(IFERROR((Durgesh!$C$4:$C$1000='FC Report'!B12)*(Durgesh!$D$3:$Z$3="3-ISSUE")*Durgesh!$D$4:$Z$1000,0)),"")} -> -22 | H12: {=IFERROR(SUM(INDEX(Durgesh!M:M, MATCH('FC Report'!B12, Durgesh!C:C, 0), {1})), "")} -> 0 | I12: =F12+G12 -> 36.147 | J12: =X12 -> 0 | K12: =(G12/$G$17)*100 -> 2.0690693 | L12: =K12*M12 -> 1.8621624 | M12: 0.9 | O12: =IF(IFERROR(INDEX(Durgesh!F:Z, MATCH(B12, Durgesh!C:C, 0), MATCH("4-CLOSING", Durgesh!$F$3:$Z$3, 0)), "")=I12, "✓", "✗") -> ✓ | Q12: PCM JAM | R12: 0 | S12: 0 | T12: 0 | U12: 0 | V12: 0 | W12: 0 | X12: =(R12*$R$19+S12*$S$19+T12*$T$19+U12*$U$19+W12*$W$19+V12*$V$19)/$X$19 -> 0
A13: =+A12+1 -> 10 | B13: CI SKULL | D13: =IFERROR(VLOOKUP(B13,Durgesh!C:E,3,FALSE()),"") -> 0 | E13: {=IFERROR(SUMPRODUCT(IFERROR((Durgesh!$C$4:$C$1000='FC Report'!B13)*(Durgesh!$D$3:$Z$3="2-RECIEPT")*Durgesh!$D$4:$Z$1000,0)),"")} -> 0 | F13: =(D13+E13) -> 0 | G13: {=IFERROR(SUMPRODUCT(IFERROR((Durgesh!$C$4:$C$1000='FC Report'!B13)*(Durgesh!$D$3:$Z$3="3-ISSUE")*Durgesh!$D$4:$Z$1000,0)),"")} -> 0 | H13: {=IFERROR(SUM(INDEX(Durgesh!M:M, MATCH('FC Report'!B13, Durgesh!C:C, 0), {1})), "")} -> 0 | I13: =F13+G13 -> 0 | J13: =X13 -> 0 | K13: =(G13/$G$17)*100 -> 0 | L13: =K13*M13 -> 0 | M13: 0.97 | O13: =IF(IFERROR(INDEX(Durgesh!F:Z, MATCH(B13, Durgesh!C:C, 0), MATCH("4-CLOSING", Durgesh!$F$3:$Z$3, 0)), "")=I13, "✓", "✗") -> ✓ | Q13: MS SCRAP | R13: 0 | S13: 0 | T13: 0 | U13: 0 | V13: 0 | W13: 0 | X13: =(R13*$R$19+S13*$S$19+T13*$T$19+U13*$U$19+W13*$W$19+V13*$V$19)/$X$19 -> 0
A14: =+A13+1 -> 11 | B14: MS SCRAP | D14: =IFERROR(VLOOKUP(B14,Durgesh!C:E,3,FALSE()),"") -> 19.31 | E14: {=IFERROR(SUMPRODUCT(IFERROR((Durgesh!$C$4:$C$1000='FC Report'!B14)*(Durgesh!$D$3:$Z$3="2-RECIEPT")*Durgesh!$D$4:$Z$1000,0)),"")} -> 0 | F14: =(D14+E14) -> 19.31 | G14: {=IFERROR(SUMPRODUCT(IFERROR((Durgesh!$C$4:$C$1000='FC Report'!B14)*(Durgesh!$D$3:$Z$3="3-ISSUE")*Durgesh!$D$4:$Z$1000,0)),"")} -> -19.31 | H14: {=IFERROR(SUM(INDEX(Durgesh!M:M, MATCH('FC Report'!B14, Durgesh!C:C, 0), {1})), "")} -> 0 | I14: =F14+G14 -> 0 | J14: =X14 -> 0 | K14: =(G14/$G$17)*100 -> 1.8160785 | L14: =K14*M14 -> 1.5799883 | M14: 0.87 | O14: =IF(IFERROR(INDEX(Durgesh!F:Z, MATCH(B14, Durgesh!C:C, 0), MATCH("4-CLOSING", Durgesh!$F$3:$Z$3, 0)), "")=I14, "✓", "✗") -> ✓ | Q14: MS SKULL | R14: 0 | S14: 0 | T14: 0 | U14: 0 | V14: 0 | W14: 0 | X14: =(R14*$R$19+S14*$S$19+T14*$T$19+U14*$U$19+W14*$W$19+V14*$V$19)/$X$19 -> 0
A15: =+A14+1 -> 12 | B15: OVER SIZE MAG | D15: =IFERROR(VLOOKUP(B15,Durgesh!C:E,3,FALSE()),"") -> 0 | E15: {=IFERROR(IF(SUMPRODUCT((Durgesh!$F$3:$Z$3="2-RECIEPT")*(Durgesh!$F$4:$Z$4="INTER STOCK TRANSFER")*(COLUMN(Durgesh!$F$3:$Z$3)-COLUMN(Durgesh!$F$3)+1))=0, 0, INDEX(Durgesh!F:Z, MATCH('FC Report'!B15, Durgesh!C:C, 0), SUMPRODUCT((Durgesh!$F$3:$Z$3="2-RECIEPT")*(Durgesh!$F$4:$Z$4="INTER STOCK TRANSFER")*(COLUMN(Durgesh!$F$3:$Z$3)-COLUMN(Durgesh!$F$3)+1)))), 0)} -> 0 | F15: =(D15+E15) -> 0 | G15: {=IFERROR(INDEX(Durgesh!F:Z, MATCH('FC Report'!B15, Durgesh!C:C, 0), SUMPRODUCT((Durgesh!$F$3:$Z$3="3-ISSUE")*(Durgesh!$F$4:$Z$4="PRODUCTION")*(COLUMN(Durgesh!$F$3:$Z$3)-COLUMN(Durgesh!$F$3)+1))), "")} -> 0 | H15: {=IFERROR(SUM(INDEX(Durgesh!M:M, MATCH('FC Report'!B15, Durgesh!C:C, 0), {1})), "")} -> 0 | I15: =F15+G15 -> 0 | J15: =X15 -> 0 | K15: =(G15/$G$17)*100 -> 0 | L15: =K15*M15 -> 0 | M15: 0.68 | O15: =IF(IFERROR(INDEX(Durgesh!F:Z, MATCH(B15, Durgesh!C:C, 0), MATCH("4-CLOSING", Durgesh!$F$3:$Z$3, 0)), "")=I15, "✓", "✗") -> ✓ | Q15: OVER SIZE MAG | R15: 0 | S15: 0 | T15: 0 | U15: 0 | V15: 0 | W15: 0 | X15: =(R15*$R$19+S15*$S$19+T15*$T$19+U15*$U$19+W15*$W$19+V15*$V$19)/$X$19 -> 0
A16: =+A15+1 -> 13 | B16: Mag Material Slag | D16: =IFERROR(VLOOKUP(B16,Durgesh!C:E,3,FALSE()),"") -> 12.35 | E16: {=IFERROR(IF(SUMPRODUCT((Durgesh!$F$3:$Z$3="2-RECIEPT")*(Durgesh!$F$4:$Z$4="INTER STOCK TRANSFER")*(COLUMN(Durgesh!$F$3:$Z$3)-COLUMN(Durgesh!$F$3)+1))=0, 0, INDEX(Durgesh!F:Z, MATCH('FC Report'!B16, Durgesh!C:C, 0), SUMPRODUCT((Durgesh!$F$3:$Z$3="2-RECIEPT")*(Durgesh!$F$4:$Z$4="INTER STOCK TRANSFER")*(COLUMN(Durgesh!$F$3:$Z$3)-COLUMN(Durgesh!$F$3)+1)))), 0)} -> 33.41 | F16: =(D16+E16) -> 45.76 | G16: {=IFERROR(INDEX(Durgesh!F:Z, MATCH('FC Report'!B16, Durgesh!C:C, 0), SUMPRODUCT((Durgesh!$F$3:$Z$3="3-ISSUE")*(Durgesh!$F$4:$Z$4="PRODUCTION")*(COLUMN(Durgesh!$F$3:$Z$3)-COLUMN(Durgesh!$F$3)+1))), "")} -> -20 | H16: {=IFERROR(SUM(INDEX(Durgesh!M:M, MATCH('FC Report'!B16, Durgesh!C:C, 0), {1})), "")} -> 0 | I16: =F16+G16 -> 25.76 | J16: =X16 -> 1 | K16: =(G16/$G$17)*100 -> 1.8809721 | L16: =K16*M16 -> 1.279061 | M16: 0.68 | O16: =IF(IFERROR(INDEX(Durgesh!F:Z, MATCH(B16, Durgesh!C:C, 0), MATCH("4-CLOSING", Durgesh!$F$3:$Z$3, 0)), "")=I16, "✓", "✗") -> ✓ | Q16: SLAG METAL | R16: 1 | S16: 1 | T16: 1 | U16: 1 | V16: 1 | W16: 1 | X16: =(R16*$R$19+S16*$S$19+T16*$T$19+U16*$U$19+W16*$W$19+V16*$V$19)/$X$19 -> 1
B17: TOTAL | D17: =SUM(D4:D16) -> 2059.954 | E17: =SUM(E4:E16) -> 1016.997 | F17: =SUM(F4:F16) -> 3076.951 | G17: =SUM(G4:G16) -> -1063.28 | H17: =SUM(H4:H16) -> -5.3 | I17: =SUM(I4:I16) -> 2013.671 | J17: =SUM(J4:J16) -> 100 | K17: =SUM(K4:K16) -> 100 | L17: =SUM(L4:L16) -> 50.963312 | Q17: TOTAL | R17: =SUM(R4:R16) -> 100 | S17: =SUM(S4:S16) -> 100 | T17: =SUM(T4:T16) -> 100 | U17: =SUM(U4:U16) -> 100 | V17: =SUM(V4:V16) -> 100 | W17: =SUM(W4:W16) -> 100 | X17: =SUM(X4:X16) -> 100
A18: 14 | B18: SLAGE JAAM | D18: =IFERROR(VLOOKUP(B18,Durgesh!C:E,3,FALSE()),"") -> 0 | E18: {=IFERROR(IF(SUMPRODUCT((Durgesh!$F$3:$Z$3="2-RECIEPT")*(Durgesh!$F$4:$Z$4="INTER STOCK TRANSFER")*(COLUMN(Durgesh!$F$3:$Z$3)-COLUMN(Durgesh!$F$3)+1))=0, 0, INDEX(Durgesh!F:Z, MATCH('FC Report'!B18, Durgesh!C:C, 0), SUMPRODUCT((Durgesh!$F$3:$Z$3="2-RECIEPT")*(Durgesh!$F$4:$Z$4="INTER STOCK TRANSFER")*(COLUMN(Durgesh!$F$3:$Z$3)-COLUMN(Durgesh!$F$3)+1)))), 0)} -> 16.88 | F18: =(D18+E18) -> 16.88 | G18: {=IFERROR(INDEX(Durgesh!F:Z, MATCH('FC Report'!B18, Durgesh!C:C, 0), SUMPRODUCT((Durgesh!$F$3:$Z$3="3-ISSUE")*(Durgesh!$F$4:$Z$4="PRODUCTION")*(COLUMN(Durgesh!$F$3:$Z$3)-COLUMN(Durgesh!$F$3)+1))), "")} -> -9.53 | I18: =F18+G18 -> 7.35 | J18: =X18 -> 0 | K18: 0 | L18: =K18*M18 -> 0 | O18: =IF(IFERROR(INDEX(Durgesh!F:Z, MATCH(B18, Durgesh!C:C, 0), MATCH("4-CLOSING", Durgesh!$F$3:$Z$3, 0)), "")=I18, "✓", "✗") -> ✓ | Q18: Slag Iron (Jam) | R18: 0 | S18: 0 | T18: 0 | U18: 0 | V18: 0 | W18: 0 | X18: =(R18*$R$19+S18*$S$19+T18*$T$19+U18*$U$19+W18*$W$19+V18*$V$19)/$X$19 -> 0
A19: Power Consumption reports . | L19: Days | M19: 15 | Q19: Days | R19: 7 | S19: 7 | T19: 7 | U19: 3 | V19: 4 | W19: 2 | X19: =SUM(R19:W19) -> 30
A20: Sl no | B20: Area | C20: Units (KW) | D20: Avg PF | E20: Per MT (KW) | F20: Target MT (KW) | G20: Diff | H20: Consumed MWH | I20: PP Available MWH | J20: Target PLF (13 MW) | K20: Actual PLF | L20: Target Prodn | M20: Avg. Prodn/day | N20: Actual Yield | Q20: Lounder Loss & End cuts .
A21: 1 | B21: Furnace | D21: 0.999 | E21: =(C21/$C$24) -> 0 | G21: =E21-F21 -> 0 | H21: =((C21/$M$19/24)/1000)/D21 -> 0 | K21: =H21/I21*100 -> #DIV/0! | N21: =C24/G17*100 -> -114.71212 | Q21: Total Heat | S21: Target (MT) | T21: Actual (MT) | U21: Diff (MT)
A22: 2 | B22: Auxiliary | D22: 0.999 | E22: =(C22/$C$24) -> 0 | G22: =E22-F22 -> 0 | H22: =((C22/$M$19/24)/1000)/D22 -> 0 | I22: 0 | K22: =H22/I23*100 -> #DIV/0! | Q22: 349 | S22: =C24*0.5% -> 6.098555 | T22: =C24*1.05% -> 12.806966 | U22: =S22-T22 -> -6.7084105
B23: Total | C23: =SUM(C21:C22) -> 0 | E23: =SUM(E21:E22) -> 0 | F23: =SUM(F21:F22) -> 0 | G23: =SUM(G21:G22) -> 0 | H23: =SUM(H21:H22) -> 0 | I23: =SUM(I21:I22) -> 0 | K23: =SUM(K21:K22) -> #DIV/0! | M23: =C24/M19 -> 81.314067 | Q23: Silico Manganese consp.
B24: Production | C24: =E32+F32 -> 1219.711 | Q24: Opening | R24: Received | S24: issue | T24: closing | U24: cons/MT
A25: MS Billet Stock . | Q25: 85.897 | R25: 189.686 | S25: 141.6 | T25: =SUM(Q25+R25)-S25 -> 133.983 | U25: =SUM(S25/C24*1000) -> 116.09307
A26: Size (MM) | B26: Opening Stock (MT) | E26: Production (MT) | G26: Hot Rolled (MT) | I26: Sales (MT) | K26: Closing Stock
B27: Pieces (Nos) | C27: Full Length | D27: Short Length | E27: Full Length | F27: Short Length | G27: Full Length | H27: Hotout | I27: Full Length | J27: Short Length | K27: Full Length | L27: Short Length | M27: Pieces (Nos) | N27: Total (MT) | O27: DIFFERENCE | Q27: SCRAPE SHEARING REPORTS
A28: 100*100 | B28: =C28/(0.078*6) -> 5.9615385 | C28: =SUMIFS(Durgesh!E:E, Durgesh!C:C, "*100X100 MM*") -> 2.79 | D28: {=_xlfn._xlws.FILTER(Durgesh!E:E, ISNUMBER(SEARCH("100MM", Durgesh!C:C)) * ISNUMBER(SEARCH("RANDOM", Durgesh!C:C)))} -> 0 | E28: {=SUMPRODUCT(ISNUMBER(SEARCH("100MM",Durgesh!$C$6:$C$1000))*(ISNUMBER(SEARCH("RANDOM",Durgesh!$C$6:$C$1000))=FALSE())*INDEX(Durgesh!$F$6:$Z$1000,0,SUMPRODUCT((Durgesh!$F$3:$Z$3="2-RECIEPT")*(Durgesh!$F$4:$Z$4="PRODUCTION")*(COLUMN(Durgesh!$F$3:$Z$3)-COLUMN(Durgesh!$F$3)+1))))} -> 0 | F28: {=_xlfn._xlws.FILTER(INDEX(Durgesh!$F$6:$Z$1000,0,SUMPRODUCT((Durgesh!$F$3:$Z$3="2-RECIEPT")*(Durgesh!$F$4:$Z$4="PRODUCTION")*(COLUMN(Durgesh!$F$3:$Z$3)-COLUMN(Durgesh!$F$3)+1))), ISNUMBER(SEARCH("100MM",Durgesh!$C$6:$C$1000))*ISNUMBER(SEARCH("RANDOM",Durgesh!$C$6:$C$1000)))} -> 0 | G28: =SUMIFS(M2M!F:F, M2M!D:D, "*100MM*") -> 0 | I28: 0 | J28: 0 | K28: =C28+E28-G28+I28 -> 2.79 | L28: =D28+F28-H28+J28 -> 0 | M28: =K28/(0.078*6) -> 5.9615385 | N28: =(K28+L28+K29+L29+K31+L31+K30+L30) -> 987.024 | O28: PROD | P28: =C24-'Monthly Prod'!B1 -> 1219.711
A29: 110*110 | B29: =C29/(0.095*6) -> 5.2807018 | C29: =SUMIFS(Durgesh!E:E, Durgesh!C:C, "*110X110 MM*") -> 3.01 | D29: {=_xlfn._xlws.FILTER(Durgesh!E:E, ISNUMBER(SEARCH("110MM", Durgesh!C:C)) * ISNUMBER(SEARCH("RANDOM", Durgesh!C:C)))} -> 6.911 | E29: {=SUMPRODUCT(ISNUMBER(SEARCH("110MM",Durgesh!$C$6:$C$1000))*(ISNUMBER(SEARCH("RANDOM",Durgesh!$C$6:$C$1000))=FALSE())*INDEX(Durgesh!$F$6:$Z$1000,0,SUMPRODUCT((Durgesh!$F$3:$Z$3="2-RECIEPT")*(Durgesh!$F$4:$Z$4="PRODUCTION")*(COLUMN(Durgesh!$F$3:$Z$3)-COLUMN(Durgesh!$F$3)+1))))} -> 0 | F29: {=_xlfn._xlws.FILTER(INDEX(Durgesh!$F$6:$Z$1000,0,SUMPRODUCT((Durgesh!$F$3:$Z$3="2-RECIEPT")*(Durgesh!$F$4:$Z$4="PRODUCTION")*(COLUMN(Durgesh!$F$3:$Z$3)-COLUMN(Durgesh!$F$3)+1))), ISNUMBER(SEARCH("110MM",Durgesh!$C$6:$C$1000))*ISNUMBER(SEARCH("RANDOM",Durgesh!$C$6:$C$1000)))} -> 0 | G29: =SUMIFS(M2M!F:F, M2M!D:D, "*110MM*") -> 0 | I29: 0 | J29: 0 | K29: =C29+E29-G29-I29 -> 3.01 | L29: =(D29+F29-J29) -> 6.911 | M29: =K29/(0.095*6) -> 5.2807018 | O29: ROLLED | P29: =(G32-('Monthly Prod'!C1+'Monthly Prod'!D1)) -> 910.76 | Q29: Total runing hours
A30: 130*130 | B30: =C30/(0.132*6) -> 332.48232 | C30: =SUMIFS(Durgesh!E:E, Durgesh!C:C, "*130MM*", Durgesh!C:C, "<>*RANDOM*") -> 263.326 | D30: {=_xlfn._xlws.FILTER(Durgesh!E:E, ISNUMBER(SEARCH("130MM", Durgesh!C:C)) * ISNUMBER(SEARCH("RANDOM", Durgesh!C:C)))} -> 0 | E30: {=SUMPRODUCT(ISNUMBER(SEARCH("130MM",Durgesh!$C$6:$C$1000))*(ISNUMBER(SEARCH("RANDOM",Durgesh!$C$6:$C$1000))=FALSE())*INDEX(Durgesh!$F$6:$Z$1000,0,SUMPRODUCT((Durgesh!$F$3:$Z$3="2-RECIEPT")*(Durgesh!$F$4:$Z$4="PRODUCTION")*(COLUMN(Durgesh!$F$3:$Z$3)-COLUMN(Durgesh!$F$3)+1))))} -> 949.235 | F30: {=_xlfn._xlws.FILTER(INDEX(Durgesh!$F$6:$Z$1000,0,SUMPRODUCT((Durgesh!$F$3:$Z$3="2-RECIEPT")*(Durgesh!$F$4:$Z$4="PRODUCTION")*(COLUMN(Durgesh!$F$3:$Z$3)-COLUMN(Durgesh!$F$3)+1))), ISNUMBER(SEARCH("130MM",Durgesh!$C$6:$C$1000))*ISNUMBER(SEARCH("RANDOM",Durgesh!$C$6:$C$1000)))} -> 0 | G30: =SUMIFS(M2M!F:F, M2M!D:D, "*130MM*") -> 660.481 | H30: =SUMIFS(M2M!E:E, M2M!D:D, "*130MM*") -> 5.319 | I30: 0 | J30: 0 | K30: =(C30+E30+F30+H30)-(G30+I30) -> 557.399 | L30: =D30 -> 0 | M30: =K30/(0.132*6) -> 703.78662 | O30: =N28-(C28+C29) -> 981.224 | P30: =O30-'Monthly Prod'!R5 -> 318.37 | Q30: Total scrape cutting (MT)
A31: 160*160 | B31: =C31/(0.201*6) -> 325.55307 | C31: =SUMIFS(Durgesh!E:E, Durgesh!C:C, "*160MM*", Durgesh!C:C, "<>*RANDOM*") -> 392.617 | D31: {=_xlfn._xlws.FILTER(Durgesh!E:E, ISNUMBER(SEARCH("160MM", Durgesh!C:C)) * ISNUMBER(SEARCH("RANDOM", Durgesh!C:C)))} -> 0 | E31: {=SUMPRODUCT(ISNUMBER(SEARCH("160MM",Durgesh!$C$6:$C$1000))*(ISNUMBER(SEARCH("RANDOM",Durgesh!$C$6:$C$1000))=FALSE())*INDEX(Durgesh!$F$6:$Z$1000,0,SUMPRODUCT((Durgesh!$F$3:$Z$3="2-RECIEPT")*(Durgesh!$F$4:$Z$4="PRODUCTION")*(COLUMN(Durgesh!$F$3:$Z$3)-COLUMN(Durgesh!$F$3)+1))))} -> 270.476 | F31: {=_xlfn._xlws.FILTER(INDEX(Durgesh!$F$6:$Z$1000,0,SUMPRODUCT((Durgesh!$F$3:$Z$3="2-RECIEPT")*(Durgesh!$F$4:$Z$4="PRODUCTION")*(COLUMN(Durgesh!$F$3:$Z$3)-COLUMN(Durgesh!$F$3)+1))), ISNUMBER(SEARCH("160MM",Durgesh!$C$6:$C$1000))*ISNUMBER(SEARCH("RANDOM",Durgesh!$C$6:$C$1000)))} -> 0 | G31: =SUMIFS(M2M!F:F, M2M!D:D, "*160MM*") -> 250.279 | H31: =SUMIFS(M2M!E:E, M2M!D:D, "*160MM*") -> 4.1 | I31: 0 | J31: 0 | K31: =(C31+E31+H31)-(G31+I31) -> 416.914 | L31: =D31 -> 0 | M31: =K31/(0.201*6) -> 345.69983 | Q31: Power consumption unit | T31: 77989.753
A32: TOTAL | B32: =SUM(B28:B31) -> 669.27763 | C32: =SUM(C28:C31) -> 661.743 | D32: =SUM(D28:D31) -> 6.911 | E32: =SUM(E28:E31) -> 1219.711 | F32: =SUM(F28:F31) -> 0 | G32: =SUM(G28:G31) -> 910.76 | H32: =SUM(H28:H31) -> 9.419 | I32: =SUM(I28:I31) -> 0 | ... M32: =SUM(M28:M31) -> 1060.7287 | O32: =IF(ABS(O30 - 'Monthly Prod'!R5) <= 0.05, "✓", "✗") -> ✗ | Q32: spc production mt /Hrs | T32: =T30/T29 -> #DIV/0!
A33: RAW SLAG | Q33: spc.Power /MT | T33: =T31/T30 -> #DIV/0!
A34: Opening (MT) | B34: Receipt (MT) | C34: Issue (MT) | D34: Finished Product | F34: Target | H34: Actual | J34: Output % | K34: Waste (MT) | L34: Un-processed Slag Closing (MT)
D35: (MT) | E35: N.Mag % | F35: Fe % | G35: N.Mag% | H35: Fe % | I35: N.Mag%
A36: =IFERROR(VLOOKUP(A33,Durgesh!C:E,3,FALSE()),"") -> 189.664 | B36: {=IFERROR(IF(SUMPRODUCT((Durgesh!$F$3:$Z$3="2-RECIEPT")*(Durgesh!$F$4:$Z$4="PRODUCTION")*(COLUMN(Durgesh!$F$3:$Z$3)-COLUMN(Durgesh!$F$3)+1))=0, 0, INDEX(Durgesh!F:Z, MATCH('FC Report'!A33, Durgesh!C:C, 0), SUMPRODUCT((Durgesh!$F$3:$Z$3="2-RECIEPT")*(Durgesh!$F$4:$Z$4="PRODUCTION")*(COLUMN(Durgesh!$F$3:$Z$3)-COLUMN(Durgesh!$F$3)+1)))), 0)} -> 230 | C36: {=-IFERROR(INDEX(Durgesh!F:Z, MATCH('FC Report'!A33, Durgesh!C:C, 0), SUMPRODUCT((Durgesh!$F$3:$Z$3="3-ISSUE")*(Durgesh!$F$4:$Z$4="PRODUCTION")*(COLUMN(Durgesh!$F$3:$Z$3)-COLUMN(Durgesh!$F$3)+1))), "")} -> 156.88 | D36: =E16 -> 33.41 | F36: 70 | G36: 0 | J36: =D36/C36 -> 0.21296532 | K36: =C36-D36 -> 123.47 | L36: =(A36+B36)-C36 -> 262.784 | O36: =IF(IFERROR(INDEX(Durgesh!F:Z, MATCH(B36, Durgesh!C:C, 0), MATCH("4-CLOSING", Durgesh!$F$3:$Z$3, 0)), "")=I36, "✓", "✗") -> ✓
A37: Slag Waste
A38: Product Name | C38: Opening (MT) | E38: Receipt (MT) | G38: Internal use (MT) | I38: Sale (MT) | K38: Closing (MT)
A39: Slag Waste | C39: =IFERROR(VLOOKUP(A37,Durgesh!C:E,3,FALSE()),"") -> 3463.663 | E39: {=IFERROR(INDEX(Durgesh!F:Z, MATCH('FC Report'!A37, Durgesh!C:C, 0), SUMPRODUCT((Durgesh!$F$3:$Z$3="2-RECIEPT")*(Durgesh!$F$4:$Z$4="PRODUCTION")*(COLUMN(Durgesh!$F$3:$Z$3)-COLUMN(Durgesh!$F$3)+1))), "")} -> 106.59 | G39: {=IFERROR(INDEX(Durgesh!F:Z, MATCH('FC Report'!A37, Durgesh!C:C, 0), SUMPRODUCT((Durgesh!$F$3:$Z$3="3-ISSUE")*(Durgesh!$F$4:$Z$4="ISSUE")*(COLUMN(Durgesh!$F$3:$Z$3)-COLUMN(Durgesh!$F$3)+1))), "")} -> 0 | K39: =C39+E39+G39+I39 -> 3570.253 | O39: =IF(IFERROR(INDEX(Durgesh!F:Z, MATCH(B39, Durgesh!C:C, 0), MATCH("4-CLOSING", Durgesh!$F$3:$Z$3, 0)), "")=I39, "✓", "✗") -> ✓
A41: 1 | B41: SILICO MANGANESE | D41: =IFERROR(VLOOKUP(B41,Durgesh!C:E,3,FALSE()),"") -> 52.646 | E41: {=IFERROR(SUMPRODUCT(IFERROR((Durgesh!$C$4:$C$1000='FC Report'!B41)*(Durgesh!$D$3:$Z$3="2-RECIEPT")*Durgesh!$D$4:$Z$1000,0)),"")} -> 0 | F41: =(D41+E41) -> 52.646 | G41: {=IFERROR(SUMPRODUCT(IFERROR((Durgesh!$C$4:$C$1000='FC Report'!B41)*(Durgesh!$D$3:$Z$3="3-ISSUE")*Durgesh!$D$4:$Z$1000,0)),"")} -> -15 | H41: {=IFERROR(SUM(INDEX(Durgesh!M:M, MATCH('FC Report'!B41, Durgesh!C:C, 0), {1})), "")} -> 0 | I41: =F41+G41 -> 37.646 | O41: =IF(IFERROR(INDEX(Durgesh!F:Z, MATCH(B41, Durgesh!C:C, 0), MATCH("4-CLOSING", Durgesh!$F$3:$Z$3, 0)), "")=I41, "✓", "✗") -> ✓
A42: =+A41+1 -> 2 | B42: OVER SIZE SPONGE | D42: =IFERROR(VLOOKUP(B42,Durgesh!C:E,3,FALSE()),"") -> 30.95 | E42: {=IFERROR(SUMPRODUCT(IFERROR((Durgesh!$C$4:$C$1000='FC Report'!B42)*(Durgesh!$D$3:$Z$3="2-RECIEPT")*Durgesh!$D$4:$Z$1000,0)),"")} -> 0.01 | F42: =(D42+E42) -> 30.96 | G42: {=IFERROR(SUMPRODUCT(IFERROR((Durgesh!$C$4:$C$1000='FC Report'!B42)*(Durgesh!$D$3:$Z$3="3-ISSUE")*Durgesh!$D$4:$Z$1000,0)),"")} -> 0 | H42: {=IFERROR(SUM(INDEX(Durgesh!M:M, MATCH('FC Report'!B42, Durgesh!C:C, 0), {1})), "")} -> 0 | I42: =F42+G42 -> 30.96 | O42: =IF(IFERROR(INDEX(Durgesh!F:Z, MATCH(B42, Durgesh!C:C, 0), MATCH("4-CLOSING", Durgesh!$F$3:$Z$3, 0)), "")=I42, "✓", "✗") -> ✓
A43: =+A42+1 -> 3 | B43: BAG FILTER DUST | D43: =IFERROR(VLOOKUP(B43,Durgesh!C:E,3,FALSE()),"") -> 26.18 | E43: {=IFERROR(SUMPRODUCT(IFERROR((Durgesh!$C$4:$C$1000='FC Report'!B43)*(Durgesh!$D$3:$Z$3="2-RECIEPT")*Durgesh!$D$4:$Z$1000,0)),"")} -> 1.11 | F43: =(D43+E43) -> 27.29 | G43: {=IFERROR(SUMPRODUCT(IFERROR((Durgesh!$C$4:$C$1000='FC Report'!B43)*(Durgesh!$D$3:$Z$3="3-ISSUE")*Durgesh!$D$4:$Z$1000,0)),"")} -> 0 | H43: {=IFERROR(SUM(INDEX(Durgesh!M:M, MATCH('FC Report'!B43, Durgesh!C:C, 0), {1})), "")} -> 0 | I43: =F43+G43 -> 27.29 | O43: =IF(IFERROR(INDEX(Durgesh!F:Z, MATCH(B43, Durgesh!C:C, 0), MATCH("4-CLOSING", Durgesh!$F$3:$Z$3, 0)), "")=I43, "✓", "✗") -> ✓
A44: =+A43+1 -> 4 | B44: RAW SLAG | D44: =IFERROR(VLOOKUP(B44,Durgesh!C:E,3,FALSE()),"") -> 189.664 | E44: {=IFERROR(SUMPRODUCT(IFERROR((Durgesh!$C$4:$C$1000='FC Report'!B44)*(Durgesh!$D$3:$Z$3="2-RECIEPT")*Durgesh!$D$4:$Z$1000,0)),"")} -> 466.08 | F44: =(D44+E44) -> 655.744 | G44: {=IFERROR(SUMPRODUCT(IFERROR((Durgesh!$C$4:$C$1000='FC Report'!B44)*(Durgesh!$D$3:$Z$3="3-ISSUE")*Durgesh!$D$4:$Z$1000,0)),"")} -> -392.96 | H44: {=IFERROR(SUM(INDEX(Durgesh!M:M, MATCH('FC Report'!B44, Durgesh!C:C, 0), {1})), "")} -> 0 | I44: =F44+G44 -> 262.784 | O44: =IF(IFERROR(INDEX(Durgesh!F:Z, MATCH(B44, Durgesh!C:C, 0), MATCH("4-CLOSING", Durgesh!$F$3:$Z$3, 0)), "")=I44, "✓", "✗") -> ✓
A45: =+A44+1 -> 5 | B45: MILL SCALE-SMS | D45: =IFERROR(VLOOKUP(B45,Durgesh!C:E,3,FALSE()),"") -> 132.871 | E45: {=IFERROR(SUMPRODUCT(IFERROR((Durgesh!$C$4:$C$1000='FC Report'!B45)*(Durgesh!$D$3:$Z$3="2-RECIEPT")*Durgesh!$D$4:$Z$1000,0)),"")} -> 0 | F45: =(D45+E45) -> 132.871 | G45: {=IFERROR(SUMPRODUCT(IFERROR((Durgesh!$C$4:$C$1000='FC Report'!B45)*(Durgesh!$D$3:$Z$3="3-ISSUE")*Durgesh!$D$4:$Z$1000,0)),"")} -> -2.5 | H45: {=IFERROR(SUM(INDEX(Durgesh!M:M, MATCH('FC Report'!B45, Durgesh!C:C, 0), {1})), "")} -> 0 | I45: =F45+G45 -> 130.371 | O45: =IF(IFERROR(INDEX(Durgesh!F:Z, MATCH(B45, Durgesh!C:C, 0), MATCH("4-CLOSING", Durgesh!$F$3:$Z$3, 0)), "")=I45, "✓", "✗") -> ✓
A46: 6 | B46: SLAG METAL FINES, SIZE : 1 MM TO 3 MM | D46: =IFERROR(VLOOKUP(B46,Durgesh!C:E,3,FALSE()),"") -> 29.34 | E46: {=IFERROR(SUMPRODUCT(IFERROR((Durgesh!$C$4:$C$1000='FC Report'!B46)*(Durgesh!$D$3:$Z$3="2-RECIEPT")*Durgesh!$D$4:$Z$1000,0)),"")} -> 0 | F46: =(D46+E46) -> 29.34 | G46: {=IFERROR(SUMPRODUCT(IFERROR((Durgesh!$C$4:$C$1000='FC Report'!B46)*(Durgesh!$D$3:$Z$3="3-ISSUE")*Durgesh!$D$4:$Z$1000,0)),"")} -> 0 | H46: {=IFERROR(SUM(INDEX(Durgesh!M:M, MATCH('FC Report'!B46, Durgesh!C:C, 0), {1})), "")} -> 0 | I46: =F46+G46 -> 29.34 | O46: =IF(IFERROR(INDEX(Durgesh!F:Z, MATCH(B46, Durgesh!C:C, 0), MATCH("4-CLOSING", Durgesh!$F$3:$Z$3, 0)), "")=I46, "✓", "✗") -> ✓
A47: 7 | B47: Slag Waste | D47: =IFERROR(VLOOKUP(B47,Durgesh!C:E,3,FALSE()),"") -> 3463.663 | E47: {=IFERROR(SUMPRODUCT(IFERROR((Durgesh!$C$4:$C$1000='FC Report'!B47)*(Durgesh!$D$3:$Z$3="2-RECIEPT")*Durgesh!$D$4:$Z$1000,0)),"")} -> 106.59 | F47: =(D47+E47) -> 3570.253 | G47: {=IFERROR(SUMPRODUCT(IFERROR((Durgesh!$C$4:$C$1000='FC Report'!B47)*(Durgesh!$D$3:$Z$3="3-ISSUE")*Durgesh!$D$4:$Z$1000,0)),"")} -> 0 | H47: {=IFERROR(SUM(INDEX(Durgesh!M:M, MATCH('FC Report'!B47, Durgesh!C:C, 0), {1})), "")} -> 0 | I47: =F47+G47 -> 3570.253 | O47: =IF(IFERROR(INDEX(Durgesh!F:Z, MATCH(B47, Durgesh!C:C, 0), MATCH("4-CLOSING", Durgesh!$F$3:$Z$3, 0)), "")=I47, "✓", "✗") -> ✓

Sheet Durgesh
A1: Durgesh stock report -(R9280) as on 04-Oct-2026
A2: Period :- 01-Oct-2026 to 03-Oct-2026
D3: Tnature Group | E3: 1-OPENING | F3: 2-RECIEPT | G3: 2-RECIEPT | H3: 2-RECIEPT | I3: 2-RECIEPT | J3: 2-RECIEPT | K3: 3-ISSUE | L3: 3-ISSUE | M3: 3-ISSUE | N3: 3-ISSUE | O3: 3-ISSUE | P3: 4-CLOSING
D4: Tnature | F4: GOODS RECEPIET NOTE | G4: INTER DIV STOCK TRANSFER | H4: INTER STOCK TRANSFER | I4: MATERIAL TO MATERIAL TRANSFER | J4: PRODUCTION | K4: INTER STOCK TRANSFER | L4: ISSUE | M4: MATERIAL TO MATERIAL TRANSFER | N4: PRODUCTION | O4: SALE
A5: Division Code | B5: Item Code | C5: Item Name | D5: Division Code | E5: Qty | F5: Qty | G5: Qty | H5: Qty | I5: Qty | J5: Qty | K5: Qty | L5: Qty | M5: Qty | N5: Qty | O5: Qty | P5: Qty | Q5: TOTAL
A6: SM | B6: F01010002 | C6: SPONGE IRON FINES | D6: SM | E6: 65.86 | F6: 0 | G6: 44.86 | H6: 0 | I6: 0 | J6: 0 | K6: 0 | L6: 0 | M6: 0 | N6: -53 | O6: 0 | P6: 57.72 | Q6: 115.44
A7: SM | B7: F01010003 | C7: SPONGE IRON PELLETS | D7: SM | E7: 131.63 | F7: 0 | G7: 256.21 | H7: 0 | I7: 0 | J7: 0 | K7: 0 | L7: 0 | M7: 0 | N7: -241 | O7: 0 | P7: 146.84 | Q7: 293.68
A8: SM | B8: F01010007 | C8: SPONGE IRON LUMPS | D8: SM | E8: 0 | F8: 0 | G8: 0 | H8: 0 | I8: 0 | J8: 0 | K8: 0 | L8: 0 | M8: 0 | N8: 0 | O8: 0 | P8: 0 | Q8: 0
A9: SM | B9: F01010009 | C9: Low grade mag Lumps | D9: SM | E9: 0 | F9: 0 | G9: 0 | H9: 0 | I9: 0 | J9: 0 | K9: 0 | L9: 0 | M9: 0 | N9: 0 | O9: 0 | P9: 0 | Q9: 0
A10: SM | B10: F02040004 | C10: BAG FILTER DUST | D10: SM | E10: 26.18 | F10: 0 | G10: 0 | H10: 0 | I10: 0 | J10: 1.11 | K10: 0 | L10: 0 | M10: 0 | N10: 0 | O10: 0 | P10: 27.29 | Q10: 54.58
A11: SM | B11: F02060001 | C11: OVER SIZE SPONGE | D11: SM | E11: 30.95 | F11: 0 | G11: 0 | H11: 0 | I11: 0.01 | J11: 0 | K11: 0 | L11: 0 | M11: 0 | N11: 0 | O11: 0 | P11: 30.96 | Q11: 61.92
A12: SM | B12: F03010001 | C12: M S BILLET (100MM X 100MM) 3 Mtr | D12: SM | E12: 0 | F12: 0 | G12: 0 | H12: 0 | I12: 0 | J12: 0 | K12: 0 | L12: 0 | M12: 0 | N12: 0 | O12: 0 | P12: 0 | Q12: 0
A13: SM | B13: F03010002 | C13: M S BILLET (110MM X 110MM) 3 Mtr | D13: SM | E13: 0 | F13: 0 | G13: 0 | H13: 0 | I13: 0 | J13: 0 | K13: 0 | L13: 0 | M13: 0 | N13: 0 | O13: 0 | P13: 0 | Q13: 0
A14: SM | B14: F03010003 | C14: M S BILLET (100MM X 100MM) 6 Mtr | D14: SM | E14: 0 | F14: 0 | G14: 0 | H14: 0 | I14: 0 | J14: 0 | K14: 0 | L14: 0 | M14: 0 | N14: 0 | O14: 0 | P14: 0 | Q14: 0
A15: SM | B15: F03010004 | C15: M S BILLET (110MM X 110MM) 6 Mtr | D15: SM | E15: 0 | F15: 0 | G15: 0 | H15: 0 | I15: 0 | J15: 0 | K15: 0 | L15: 0 | M15: 0 | N15: 0 | O15: 0 | P15: 0 | Q15: 0
A16: SM | B16: F03010005 | C16: M S BILLET (110MM X 110MM) RANDOM | D16: SM | E16: 6.911 | F16: 0 | G16: 0 | H16: 0 | I16: 0 | J16: 0 | K16: 0 | L16: 0 | M16: 0 | N16: 0 | O16: 0 | P16: 6.911 | Q16: 13.822
A17: SM | B17: F03010006 | C17: M S BILLET (100MM X 100MM) RANDOM | D17: SM | E17: 0 | F17: 0 | G17: 0 | H17: 0 | I17: 0 | J17: 0 | K17: 0 | L17: 0 | M17: 0 | N17: 0 | O17: 0 | P17: 0 | Q17: 0
... A123: SM | B123: W01010044 | C123: OLD & USED UPS | D123: SM | E123: 0 | F123: 0 | G123: 0 | H123: 0 | I123: 0 | J123: 0 | K123: 0 | L123: 0 | M123: 0 | N123: 0 | O123: 0 | P123: 0 | Q123: 0
D125: Total | E125: 6869.112 | F125: 652.68 | G125: 301.07 | H125: 286.37 | I125: 39.266 | J125: 1607.701 | K125: -286.37 | L125: -15 | M125: -916.06 | N125: -1226.89 | O125: -10.34 | P125: 7301.539

Sheet M2M
A1: M2M - ENGINE_x000D_ Period From 01-OCT-26 To 03-OCT-26
A2: General Filter Data
A4: Entity Code | B4: MI - MARUTI ISPAT AND PIPES PRIVATE LIMITED
A5: Division | B5: SM - STEEL MELTING SHOP (SMS)
A6: Period Type | B6: VRDATE
A10: Division Name | B10: Item Group | C10: Unit_x000D_ Of_x000D_ Measurement | D10: Item_x000D_ Name | E10: Received_x000D_ Quantity | F10: Issue_x000D_ Quantity | G10: Received_x000D_ Rate | H10: No_x000D_ of_x000D_ Pcs'_x000D_ Issued | I10: Issue_x000D_ Value | J10: Issue_x000D_ Rate | K10: No_x000D_ of_x000D_ Pcs'_x000D_ Recd | L10: Received_x000D_ Value
A11: SM STEEL MELTING SHOP (SMS) | B11: BL BILLETS | C11: MT | D11: M S BILLET (130MM X 130MM) 3 Mtr(F03010017) | E11: 2.36 | F11: 84.562 | G11: 4963.8 | H11: 84.562 | I11: 27,61,831.42 | J11: 32278.73 | K11: 2.36 | L11: 76230.97
A12: SM STEEL MELTING SHOP (SMS) | B12: BL BILLETS | C12: MT | D12: M S BILLET (130MM X 130MM) 4 MTR(F03010019) | E12: 0 | F12: 20.643 | G12: 1 | H12: 20.643 | I12: 6,75,940.87 | J12: 32744.31 | K12: 0 | L12: 0
A13: SM STEEL MELTING SHOP (SMS) | B13: BL BILLETS | C13: MT | D13: M S BILLET (130MM X 130MM) 5 MTR(F03010023) | E13: 1.345 | F13: 165.419 | G13: 3114.42 | H13: 165.419 | I13: 58,29,961.21 | J13: 35031.83 | K13: 1.345 | L13: 41549.94
A14: SM STEEL MELTING SHOP (SMS) | B14: BL BILLETS | C14: MT | D14: M S BILLET (130MM X 130MM) 6 Mtr(F03010012) | E14: 1.614 | F14: 389.857 | G14: 3138.56 | H14: 389.857 | I14: 1,35,60,062.20 | J14: 34693.16 | K14: 1.614 | L14: 52129.07
A15: SM STEEL MELTING SHOP (SMS) | B15: BL BILLETS | C15: MT | D15: M S BILLET (160MM X 160MM) 3 Mtr(F03010018) | E15: 4.1 | F15: 207.906 | G15: 0.76 | H15: 207.906 | I15: 0 | J15: 0.05 | K15: 4.1 | L15: 0
A16: SM STEEL MELTING SHOP (SMS) | B16: BL BILLETS | C16: MT | D16: M S BILLET (160MM X 160MM) 4 Mtr(F03010026) | E16: 0 | F16: 40.393 | G16: 1 | H16: 40.393 | I16: 0 | J16: 0.05 | K16: 0 | L16: 0
A17: SM STEEL MELTING SHOP (SMS) | B17: BL BILLETS | C17: MT | D17: M S BILLET (160MM X 160MM) 5 Mtr(F03010027) | E17: 0 | F17: 1.98 | G17: 1 | H17: 1.98 | I17: 0 | J17: 0.51 | K17: 0 | L17: 0
A18: SM STEEL MELTING SHOP (SMS) - Total | E18: 9.419 | F18: 910.76 | G18: 11220.55 | H18: 910.76 | I18: 2,28,27,795.70 | J18: 1,34,748.63 | K18: 9.419 | L18: 1,69,909.99
D19: Grand Total | E19: 9.419 | F19: 910.76 | G19: 11220.55 | H19: 910.76 | I19: 2,28,27,795.70 | J19: 1,34,748.63 | K19: 9.419 | L19: 1,69,909.99

Sheet SCRAP
A1: LOT 01 | I1: LOT 02
A2: DATE | B2: OPENING | C2: MELTING | D2: RMD | E2: MS SCRAP | F2: CI MIX | G2: TOTAL QTY | I2: DATE | J2: OPENING | K2: MELTING | L2: RMD | M2: MS SCRAP | N2: CI MIX | O2: TOTAL QTY | P2: LOT 01 | Q2: =B11 -> 280.05
A3: {=IFERROR(_xlfn._xlws.FILTER(A30:A60, F30:F60 = A1), "")} -> 45931 | B3: 280.05 | C3: {=IFERROR(_xlfn._xlws.FILTER(B30:B60, F30:F60 = A1), "")} -> 0 | D3: {=IFERROR(_xlfn._xlws.FILTER(E30:E60, F30:F60 = A1), "")} -> 0 | E3: {=IFERROR(_xlfn._xlws.FILTER(D30:D60, F30:F60 = A1), "")} -> 0 | F3: {=IFERROR(_xlfn._xlws.FILTER(C30:C60, F30:F60 = A1), "")} -> 0 | G3: =IFERROR(B3+C3+D3+E3,0) -> 280.05 | I3: {=IFERROR(_xlfn._xlws.FILTER(A30:A60, F30:F60 = I1), "")} -> 45932 | J3: 252.18 | K3: {=IFERROR(_xlfn._xlws.FILTER(B30:B60, F30:F60 = I1), "")} -> 0 | L3: {=IFERROR(_xlfn._xlws.FILTER(E30:E60, F30:F60 = I1), "")} -> 0 | M3: {=IFERROR(_xlfn._xlws.FILTER(D30:D60, F30:F60 = I1), "")} -> 0 | N3: {=IFERROR(_xlfn._xlws.FILTER(C30:C60, F30:F60 = I1), "")} -> 0 | O3: =IFERROR(J3+K3+L3+M3,0) -> 252.18 | P3: LOT 02 | Q3: =J11 -> 252.18
B4: =G3 -> 280.05 | G4: =IFERROR(B4+C4+D4+E4,0) -> 280.05 | J4: =O3 -> 252.18 | O4: =IFERROR(J4+K4+L4+M4,0) -> 252.18 | P4: LOT 03 | Q4: =B24 -> 1537.77
B5: =G4 -> 280.05 | G5: =IFERROR(B5+C5+D5+E5,0) -> 280.05 | J5: =O4 -> 252.18 | O5: =IFERROR(J5+K5+L5+M5,0) -> 252.18 | P5: LOT 04 | Q5: =J24 -> 217
B6: =G5 -> 280.05 | G6: =IFERROR(B6+C6+D6+E6,0) -> 280.05 | J6: =O5 -> 252.18 | O6: =IFERROR(J6+K6+L6+M6,0) -> 252.18
B7: =G6 -> 280.05 | G7: =IFERROR(B7+C7+D7+E7,0) -> 280.05 | J7: =O6 -> 252.18 | O7: =IFERROR(J7+K7+L7+M7,0) -> 252.18
B8: =G7 -> 280.05 | G8: =IFERROR(B8+C8+D8+E8,0) -> 280.05 | J8: =O7 -> 252.18 | O8: =IFERROR(J8+K8+L8+M8,0) -> 252.18 | Q8: Physical Stock Scrap (MT)
B9: =G8 -> 280.05 | G9: =IFERROR(B9+C9+D9+E9,0) -> 280.05 | J9: =O8 -> 252.18 | O9: =IFERROR(J9+K9+L9+M9,0) -> 252.18
B10: =G9 -> 280.05 | G10: =IFERROR(B10+C10+D10+E10,0) -> 280.05 | J10: =O9 -> 252.18 | O10: =IFERROR(J10+K10+L10+M10,0) -> 252.18
A11: BAL- | B11: =G10-G12 -> 280.05 | I11: BAL- | J11: =O10-O12 -> 252.18 | Q11: =SUM(Q2:Q5) -> 2287
A12: TOTAL | C12: =SUM(C3:C10) -> 0 | D12: =SUM(D3:D10) -> 0 | E12: =SUM(E3:E10) -> 0 | F12: =SUM(F3:F11) -> 0 | G12: =SUMIF(H30:H60, A1, G30:G60) -> 0 | I12: TOTAL | K12: =SUM(K3:K10) -> 0 | L12: =SUM(L3:L10) -> 0 | M12: =SUM(M3:M10) -> 0 | N12: =SUM(N3:N11) -> 0 | O12: =SUMIF(H30:H60, I1, G30:G60) -> 0 | Q12: ERP Stock Scrap (MT)
A14: LOT 03 | I14: LOT 04 | Q14: ='FC Report'!I9+'FC Report'!I12+'FC Report'!I14-('RM Report'!O35+'RM Report'!P35) -> 693.989
A15: DATE | B15: OPENING | C15: MELTING | D15: RMD | E15: MS SCRAP | F15: CI MIX | G15: TOTAL QTY | I15: DATE | J15: OPENING | K15: MELTING | L15: RMD | M15: MS SCRAP | N15: CI MIX | O15: TOTAL QTY | Q15: Difference
A16: {=IFERROR(_xlfn._xlws.FILTER(A30:A60, F30:F60 = A14), "")} -> 45933 | B16: 1537.77 | C16: {=IFERROR(_xlfn._xlws.FILTER(B30:B60, F30:F60 = A14), "")} -> 0 | D16: {=IFERROR(_xlfn._xlws.FILTER(E30:E60, F30:F60 = A14), "")} -> 0 | E16: {=IFERROR(_xlfn._xlws.FILTER(D30:D60, F30:F60 = A14), "")} -> 0 | F16: {=IFERROR(_xlfn._xlws.FILTER(C30:C60, F30:F60 = A14), "")} -> 0 | G16: =IFERROR(B16+C16+D16+E16,0) -> 1537.77 | I16: {=IFERROR(_xlfn._xlws.FILTER(A30:A60, F30:F60 = I14), "")} -> 45934 | J16: 217 | K16: {=IFERROR(_xlfn._xlws.FILTER(B30:B60, F30:F60 = I14), "")} -> 0 | L16: {=IFERROR(_xlfn._xlws.FILTER(E30:E60, F30:F60 = I14), "")} -> 0 | M16: {=IFERROR(_xlfn._xlws.FILTER(D30:D60, F30:F60 = I14), "")} -> 0 | N16: {=IFERROR(_xlfn._xlws.FILTER(C30:C60, F30:F60 = I14), "")} -> 0 | O16: =IFERROR(J16+K16+L16+M16,0) -> 217 | Q16: =Q11-Q14 -> 1593.011
B17: =G16 -> 1537.77 | G17: =IFERROR(B17+C17+D17+E17,0) -> 1537.77 | J17: =O16 -> 217 | O17: =IFERROR(J17+K17+L17+M17,0) -> 217
B18: =G17 -> 1537.77 | G18: =IFERROR(B18+C18+D18+E18,0) -> 1537.77 | J18: =O17 -> 217 | O18: =IFERROR(J18+K18+L18+M18,0) -> 217
B19: =G18 -> 1537.77 | G19: =IFERROR(B19+C19+D19+E19,0) -> 1537.77 | J19: =O18 -> 217 | O19: =IFERROR(J19+K19+L19+M19,0) -> 217
B20: =G19 -> 1537.77 | G20: =IFERROR(B20+C20+D20+E20,0) -> 1537.77 | J20: =O19 -> 217 | O20: =IFERROR(J20+K20+L20+M20,0) -> 217
B21: =G20 -> 1537.77 | G21: =IFERROR(B21+C21+D21+E21,0) -> 1537.77 | J21: =O20 -> 217 | O21: =IFERROR(J21+K21+L21+M21,0) -> 217
B22: =G21 -> 1537.77 | G22: =IFERROR(B22+C22+D22+E22,0) -> 1537.77 | J22: =O21 -> 217 | O22: =IFERROR(J22+K22+L22+M22,0) -> 217
B23: =G22 -> 1537.77 | G23: =IFERROR(B23+C23+D23+E23,0) -> 1537.77 | J23: =O22 -> 217 | O23: =IFERROR(J23+K23+L23+M23,0) -> 217
A24: BAL- | B24: =G23-G25 -> 1537.77 | I24: BAL- | J24: =O23-O25 -> 217
A25: TOTAL | C25: =SUM(C16:C23) -> 0 | D25: =SUM(D16:D23) -> 0 | E25: =SUM(E16:E23) -> 0 | F25: =SUM(F16:F24) -> 0 | G25: =SUMIF(H30:H60, A14, G30:G60) -> 0 | I25: TOTAL | K25: =SUM(K16:K23) -> 0 | L25: =SUM(L16:L23) -> 0 | N25: =SUM(N16:N24) -> 0 | O25: =SUMIF(H30:H60, I14, G30:G60) -> 0
A29: DATE | B29: INCOMING STEEL SCRAP | C29: CI MIX SCRAP | D29: MS SCRAP | E29: RMD | F29: LOT | G29: CONSUMPTION | H29: LOT
A30: 45931 | B30: ='RM Report'!N2 -> 0 | C30: ='RM Report'!Q2 -> 0 | D30: ='RM Report'!O2 -> 0 | E30: ='RM Report'!P2 -> 0 | F30: LOT 01
A31: 45932 | B31: ='RM Report'!N3 -> 0 | C31: ='RM Report'!Q3 -> 0 | D31: ='RM Report'!O3 -> 0 | E31: ='RM Report'!P3 -> 0 | F31: LOT 02
A32: 45933 | B32: ='RM Report'!N4 -> 0 | C32: ='RM Report'!Q4 -> 0 | D32: ='RM Report'!O4 -> 0 | E32: ='RM Report'!P4 -> 0 | F32: LOT 03
A33: 45934 | B33: ='RM Report'!N5 -> 0 | C33: ='RM Report'!Q5 -> 0 | D33: ='RM Report'!O5 -> 0 | E33: ='RM Report'!P5 -> 0 | F33: LOT 04
A34: 45935 | B34: ='RM Report'!N6 -> 0 | C34: ='RM Report'!Q6 -> 0 | D34: ='RM Report'!O6 -> 0 | E34: ='RM Report'!P6 -> 0
A35: 45936 | B35: ='RM Report'!N7 -> 0 | C35: ='RM Report'!Q7 -> 0 | D35: ='RM Report'!O7 -> 0 | E35: ='RM Report'!P7 -> 0
A36: 45937 | B36: ='RM Report'!N8 -> 0 | C36: ='RM Report'!Q8 -> 0 | D36: ='RM Report'!O8 -> 0 | E36: ='RM Report'!P8 -> 0
A37: 45938 | B37: ='RM Report'!N9 -> 0 | C37: ='RM Report'!Q9 -> 0 | D37: ='RM Report'!O9 -> 0 | E37: ='RM Report'!P9 -> 0
A38: 45939 | B38: ='RM Report'!N10 -> 0 | C38: ='RM Report'!Q10 -> 0 | D38: ='RM Report'!O10 -> 0 | E38: ='RM Report'!P10 -> 0
A39: 45940 | B39: ='RM Report'!N11 -> 0 | C39: ='RM Report'!Q11 -> 0 | D39: ='RM Report'!O11 -> 0 | E39: ='RM Report'!P11 -> 0
A40: 45941 | B40: ='RM Report'!N12 -> 0 | C40: ='RM Report'!Q12 -> 0 | D40: ='RM Report'!O12 -> 0 | E40: ='RM Report'!P12 -> 0
A41: 45942 | B41: ='RM Report'!N13 -> 0 | C41: ='RM Report'!Q13 -> 0 | D41: ='RM Report'!O13 -> 0 | E41: ='RM Report'!P13 -> 0
A42: 45943 | B42: ='RM Report'!N14 -> 0 | C42: ='RM Report'!Q14 -> 0 | D42: ='RM Report'!O14 -> 0 | E42: ='RM Report'!P14 -> 0
A43: 45944 | B43: ='RM Report'!N15 -> 0 | C43: ='RM Report'!Q15 -> 0 | D43: ='RM Report'!O15 -> 0 | E43: ='RM Report'!P15 -> 0
A44: 45945 | B44: ='RM Report'!N16 -> 0 | C44: ='RM Report'!Q16 -> 0 | D44: ='RM Report'!O16 -> 0 | E44: ='RM Report'!P16 -> 0
A45: 45946 | B45: ='RM Report'!N17 -> 0 | C45: ='RM Report'!Q17 -> 0 | D45: ='RM Report'!O17 -> 0 | E45: ='RM Report'!P17 -> 0
... A60: 45961 | B60: ='RM Report'!N32 -> 0 | C60: ='RM Report'!Q32 -> 0 | D60: ='RM Report'!O32 -> 0 | E60: ='RM Report'!P32 -> 0

Sheet BIS Doc
A1: Maruti Ispat & Pipes Pvt Ltd
A2: SY NO 167,CDE,Madhavaram, Rachumarri, Andhra Pradesh 518349
A3: ="DATE OF MANUFACTURING : " & TEXT(V7, "DD-MM-YYYY") -> DATE OF MANUFACTURING : 01-10-2026 | N3: Format no : MIPPL/SMS/QAD/01
A4: Sl No | B4: Batch / Heat No | D4: Section (MM) | E4: Quantity (MT) | F4: Chemical Analysis report | N4: Physical Analysis report | R4: Freedom From Defects | S4: Grade | T4: Remarks
F5: %C | G5: %Mn | H5: %P | I5: %S | J5: %Si | K5: %N | L5: %(S+P) | M5: % CE | N5: Bend MM/ Meter ( Max 5 MM/Meter) | O5: Camber MM/ Meter( Max 3 MM/Meter) | Q5: Width ( MM)
A6: 1 | B6: =W7 -> 1.10.1 | C6: Ladle | F6: =F7 + (RAND() * 0.02 - 0.01) -> 0.0012046772 | G6: =G7 + (RAND() * 0.06 - 0.03) -> 0.517477 | H6: =H7 + (RAND() * 0.006 - 0.003) -> 0.0027165105 | I6: =I7 + (RAND() * 0.006 - 0.003) -> 0.0025133117 | J6: =J7 + (RAND() * 0.02 - 0.01) -> 0.0061443336 | AD6: Prod. | AE6: Rolled | AF6: Prod.
B7: =B6 -> 1.10.1 | C7: Final | D7: =IF(AC7=130, "130 × 130", IF(AC7=160, "160 × 160", IF(AC7=110, "110 × 110", "Value not 130, 160, or 110"))) -> Value not 130, 160, or 110 | E7: =AD7 | F7: =IF(X7 > 0.1, RAND() * (0.1 - 0.06) + 0.06, X7) -> 0 | G7: =IF(Y7 < 0.5, 0.5 + RAND() * 0.1, Y7) -> 0.52336332 | H7: =IF(AB7>0.04, 0.029 + (0.039-0.029)*RAND(), AB7) -> 0 | I7: =IF(AA7>0.04, 0.029 + (0.039-0.029)*RAND(), AA7) -> 0 | J7: =IF(Z7>0.15, 0.11 + (0.15-0.11) * RAND(), Z7) -> 0 | K7: =0.004 + (RAND() * (0.001 - 0.004)) -> 0.0032389195 | L7: =H7+I7 -> 0 | M7: =(G7/6)+F7 -> 0.08722722 | N7: =2 + RAND() -> 2.9335455 | O7: =1 + RAND() -> 1.3741119 | P7: =2.98 + (RAND() * (3.03 - 2.98)) -> 3.0030372 | Q7: =IF(D7="130 × 130", (130 + RANDBETWEEN(-1,1)) & " × " & (130 + RANDBETWEEN(-1,1)), IF(D7="160 × 160", (160 + RANDBETWEEN(-1,1)) & " × " & (160 + RANDBETWEEN(-1,1)), IF(D7="110 × 110", (110 + RANDBETWEEN(-1,1)) & " × " & (110 + RANDBETWEEN(-1,1)), "Value not matched"))) -> Value not matched | R7: OK | S7: =IF(G7<0.6, "IS 14650 CPS 10748/GR2", "IS 14650 CPS 10748/GR3") -> IS 14650 CPS 10748/GR2 | T7: satisfactory | V7: =Prod.!A4 -> 46296 | W7: =Prod.!B4 -> 1.10.1 | X7: =Prod.!C4 -> 0 | Y7: =Prod.!D4 -> 0 | Z7: =Prod.!E4 -> 0 | AA7: =Prod.!F4 -> 0 | AB7: =Prod.!G4 -> 0 | AC7: =Prod.!H4 -> 0 | AD7: =Prod.!AB4 | AE7: =AD7-AF7 -> #VALUE! | AF7: =Prod.!AA4
A8: 2 | B8: =W9 -> 1.10.2 | C8: Ladle | F8: =F9 + (RAND() * 0.02 - 0.01) -> -0.0055053498 | G8: =G9 + (RAND() * 0.06 - 0.03) -> 0.59209412 | H8: =H9 + (RAND() * 0.006 - 0.003) -> -0.0014085846 | I8: =I9 + (RAND() * 0.006 - 0.003) -> -0.00015051351 | J8: =J9 + (RAND() * 0.02 - 0.01) -> 0.0050441284
B9: =B8 -> 1.10.2 | C9: Final | D9: =IF(AC9=130, "130 × 130", IF(AC9=160, "160 × 160", IF(AC9=110, "110 × 110", "Value not 130, 160, or 110"))) -> Value not 130, 160, or 110 | E9: =AD9 | F9: =IF(X9 > 0.1, RAND() * (0.1 - 0.06) + 0.06, X9) -> 0 | G9: =IF(Y9 < 0.5, 0.5 + RAND() * 0.1, Y9) -> 0.58961179 | H9: =IF(AB9>0.04, 0.029 + (0.039-0.029)*RAND(), AB9) -> 0 | I9: =IF(AA9>0.04, 0.029 + (0.039-0.029)*RAND(), AA9) -> 0 | J9: =IF(Z9>0.15, 0.11 + (0.15-0.11) * RAND(), Z9) -> 0 | K9: =0.004 + (RAND() * (0.001 - 0.004)) -> 0.0019774985 | L9: =H9+I9 -> 0 | M9: =(G9/6)+F9 -> 0.098268632 | N9: =2 + RAND() -> 2.7023653 | O9: =1 + RAND() -> 1.1440196 | P9: =2.98 + (RAND() * (3.03 - 2.98)) -> 2.9906911 | Q9: =IF(D9="130 × 130", (130 + RANDBETWEEN(-1,1)) & " × " & (130 + RANDBETWEEN(-1,1)), IF(D9="160 × 160", (160 + RANDBETWEEN(-1,1)) & " × " & (160 + RANDBETWEEN(-1,1)), IF(D9="110 × 110", (110 + RANDBETWEEN(-1,1)) & " × " & (110 + RANDBETWEEN(-1,1)), "Value not matched"))) -> Value not matched | R9: OK | S9: =IF(G9<0.6, "IS 14650 CPS 10748/GR2", "IS 14650 CPS 10748/GR3") -> IS 14650 CPS 10748/GR2 | T9: satisfactory | W9: =Prod.!B5 -> 1.10.2 | X9: =Prod.!C5 -> 0 | Y9: =Prod.!D5 -> 0 | Z9: =Prod.!E5 -> 0 | AA9: =Prod.!F5 -> 0 | AB9: =Prod.!G5 -> 0 | AC9: =Prod.!H5 -> 0 | AD9: =Prod.!AB5 | AE9: =AD9-AF9 -> #VALUE! | AF9: =Prod.!AA5
A10: 3 | B10: =W11 -> 1.10.3 | C10: Ladle | F10: =F11 + (RAND() * 0.02 - 0.01) -> -0.0011895254 | G10: =G11 + (RAND() * 0.06 - 0.03) -> 0.52402761 | H10: =H11 + (RAND() * 0.006 - 0.003) -> -0.0013737071 | I10: =I11 + (RAND() * 0.006 - 0.003) -> 0.00048621126 | J10: =J11 + (RAND() * 0.02 - 0.01) -> 0.0034043679
B11: =B10 -> 1.10.3 | C11: Final | D11: =IF(AC11=130, "130 × 130", IF(AC11=160, "160 × 160", IF(AC11=110, "110 × 110", "Value not 130, 160, or 110"))) -> Value not 130, 160, or 110 | E11: =AD11 | F11: =IF(X11 > 0.1, RAND() * (0.1 - 0.06) + 0.06, X11) -> 0 | G11: =IF(Y11 < 0.5, 0.5 + RAND() * 0.1, Y11) -> 0.53023536 | H11: =IF(AB11>0.04, 0.029 + (0.039-0.029)*RAND(), AB11) -> 0 | I11: =IF(AA11>0.04, 0.029 + (0.039-0.029)*RAND(), AA11) -> 0 | J11: =IF(Z11>0.15, 0.11 + (0.15-0.11) * RAND(), Z11) -> 0 | K11: =0.004 + (RAND() * (0.001 - 0.004)) -> 0.0038848052 | L11: =H11+I11 -> 0 | M11: =(G11/6)+F11 -> 0.08837256 | N11: =2 + RAND() -> 2.4067079 | O11: =1 + RAND() -> 1.0700827 | P11: =2.98 + (RAND() * (3.03 - 2.98)) -> 3.0126064 | Q11: =IF(D11="130 × 130", (130 + RANDBETWEEN(-1,1)) & " × " & (130 + RANDBETWEEN(-1,1)), IF(D11="160 × 160", (160 + RANDBETWEEN(-1,1)) & " × " & (160 + RANDBETWEEN(-1,1)), IF(D11="110 × 110", (110 + RANDBETWEEN(-1,1)) & " × " & (110 + RANDBETWEEN(-1,1)), "Value not matched"))) -> Value not matched | R11: OK | S11: =IF(G11<0.6, "IS 14650 CPS 10748/GR2", "IS 14650 CPS 10748/GR3") -> IS 14650 CPS 10748/GR2 | T11: satisfactory | W11: =Prod.!B6 -> 1.10.3 | X11: =Prod.!C6 -> 0 | Y11: =Prod.!D6 -> 0 | Z11: =Prod.!E6 -> 0 | AA11: =Prod.!F6 -> 0 | AB11: =Prod.!G6 -> 0 | AC11: =Prod.!H6 -> 0 | AD11: =Prod.!AB6 | AE11: =AD11-AF11 -> #VALUE! | AF11: =Prod.!AA6
A12: 4 | B12: =W13 -> 1.10.4 | C12: Ladle | F12: =F13 + (RAND() * 0.02 - 0.01) -> -0.0065020589 | G12: =G13 + (RAND() * 0.06 - 0.03) -> 0.53733214 | H12: =H13 + (RAND() * 0.006 - 0.003) -> -0.0016114002 | I12: =I13 + (RAND() * 0.006 - 0.003) -> -0.0022167554 | J12: =J13 + (RAND() * 0.02 - 0.01) -> -0.0036204708
B13: =B12 -> 1.10.4 | C13: Final | D13: =IF(AC13=130, "130 × 130", IF(AC13=160, "160 × 160", IF(AC13=110, "110 × 110", "Value not 130, 160, or 110"))) -> Value not 130, 160, or 110 | E13: =AD13 | F13: =IF(X13 > 0.1, RAND() * (0.1 - 0.06) + 0.06, X13) -> 0 | G13: =IF(Y13 < 0.5, 0.5 + RAND() * 0.1, Y13) -> 0.53589503 | H13: =IF(AB13>0.04, 0.029 + (0.039-0.029)*RAND(), AB13) -> 0 | I13: =IF(AA13>0.04, 0.029 + (0.039-0.029)*RAND(), AA13) -> 0 | J13: =IF(Z13>0.15, 0.11 + (0.15-0.11) * RAND(), Z13) -> 0 | K13: =0.004 + (RAND() * (0.001 - 0.004)) -> 0.0029411666 | L13: =H13+I13 -> 0 | M13: =(G13/6)+F13 -> 0.089315839 | N13: =2 + RAND() -> 2.2629587 | O13: =1 + RAND() -> 1.2707874 | P13: =2.98 + (RAND() * (3.03 - 2.98)) -> 3.0296622 | Q13: =IF(D13="130 × 130", (130 + RANDBETWEEN(-1,1)) & " × " & (130 + RANDBETWEEN(-1,1)), IF(D13="160 × 160", (160 + RANDBETWEEN(-1,1)) & " × " & (160 + RANDBETWEEN(-1,1)), IF(D13="110 × 110", (110 + RANDBETWEEN(-1,1)) & " × " & (110 + RANDBETWEEN(-1,1)), "Value not matched"))) -> Value not matched | R13: OK | S13: =IF(G13<0.6, "IS 14650 CPS 10748/GR2", "IS 14650 CPS 10748/GR3") -> IS 14650 CPS 10748/GR2 | T13: satisfactory | W13: =Prod.!B7 -> 1.10.4 | X13: =Prod.!C7 -> 0 | Y13: =Prod.!D7 -> 0 | Z13: =Prod.!E7 -> 0 | AA13: =Prod.!F7 -> 0 | AB13: =Prod.!G7 -> 0 | AC13: =Prod.!H7 -> 0 | AD13: =Prod.!AB7 | AE13: =AD13-AF13 -> #VALUE! | AF13: =Prod.!AA7
A14: 5 | B14: =W15 -> 1.10.5 | C14: Ladle | F14: =F15 + (RAND() * 0.02 - 0.01) -> 0.0085567627 | G14: =G15 + (RAND() * 0.06 - 0.03) -> 0.5452745 | H14: =H15 + (RAND() * 0.006 - 0.003) -> 0.0023040885 | I14: =I15 + (RAND() * 0.006 - 0.003) -> -0.00055550269 | J14: =J15 + (RAND() * 0.02 - 0.01) -> -0.00077437616
B15: =B14 -> 1.10.5 | C15: Final | D15: =IF(AC15=130, "130 × 130", IF(AC15=160, "160 × 160", IF(AC15=110, "110 × 110", "Value not 130, 160, or 110"))) -> Value not 130, 160, or 110 | E15: =AD15 | F15: =IF(X15 > 0.1, RAND() * (0.1 - 0.06) + 0.06, X15) -> 0 | G15: =IF(Y15 < 0.5, 0.5 + RAND() * 0.1, Y15) -> 0.57101756 | H15: =IF(AB15>0.04, 0.029 + (0.039-0.029)*RAND(), AB15) -> 0 | I15: =IF(AA15>0.04, 0.029 + (0.039-0.029)*RAND(), AA15) -> 0 | J15: =IF(Z15>0.15, 0.11 + (0.15-0.11) * RAND(), Z15) -> 0 | K15: =0.004 + (RAND() * (0.001 - 0.004)) -> 0.0032704512 | L15: =H15+I15 -> 0 | M15: =(G15/6)+F15 -> 0.095169593 | N15: =2 + RAND() -> 2.0778269 | O15: =1 + RAND() -> 1.837078 | P15: =2.98 + (RAND() * (3.03 - 2.98)) -> 3.0149895 | Q15: =IF(D15="130 × 130", (130 + RANDBETWEEN(-1,1)) & " × " & (130 + RANDBETWEEN(-1,1)), IF(D15="160 × 160", (160 + RANDBETWEEN(-1,1)) & " × " & (160 + RANDBETWEEN(-1,1)), IF(D15="110 × 110", (110 + RANDBETWEEN(-1,1)) & " × " & (110 + RANDBETWEEN(-1,1)), "Value not matched"))) -> Value not matched | R15: OK | S15: =IF(G15<0.6, "IS 14650 CPS 10748/GR2", "IS 14650 CPS 10748/GR3") -> IS 14650 CPS 10748/GR2 | T15: satisfactory | W15: =Prod.!B8 -> 1.10.5 | X15: =Prod.!C8 -> 0 | Y15: =Prod.!D8 -> 0 | Z15: =Prod.!E8 -> 0 | AA15: =Prod.!F8 -> 0 | AB15: =Prod.!G8 -> 0 | AC15: =Prod.!H8 -> 0 | AD15: =Prod.!AB8 | AE15: =AD15-AF15 -> #VALUE! | AF15: =Prod.!AA8
A16: 6 | B16: =W17 -> 1.10.6 | C16: Ladle | F16: =F17 + (RAND() * 0.02 - 0.01) -> -0.0083785466 | G16: =G17 + (RAND() * 0.06 - 0.03) -> 0.5205868 | H16: =H17 + (RAND() * 0.006 - 0.003) -> -0.0017588171 | I16: =I17 + (RAND() * 0.006 - 0.003) -> 0.00070671263 | J16: =J17 + (RAND() * 0.02 - 0.01) -> -0.00081658932
B17: =B16 -> 1.10.6 | C17: Final | D17: =IF(AC17=130, "130 × 130", IF(AC17=160, "160 × 160", IF(AC17=110, "110 × 110", "Value not 130, 160, or 110"))) -> Value not 130, 160, or 110 | E17: =AD17 | F17: =IF(X17 > 0.1, RAND() * (0.1 - 0.06) + 0.06, X17) -> 0 | G17: =IF(Y17 < 0.5, 0.5 + RAND() * 0.1, Y17) -> 0.50991155 | H17: =IF(AB17>0.04, 0.029 + (0.039-0.029)*RAND(), AB17) -> 0 | I17: =IF(AA17>0.04, 0.029 + (0.039-0.029)*RAND(), AA17) -> 0 | J17: =IF(Z17>0.15, 0.11 + (0.15-0.11) * RAND(), Z17) -> 0 | K17: =0.004 + (RAND() * (0.001 - 0.004)) -> 0.0037460824 | L17: =H17+I17 -> 0 | M17: =(G17/6)+F17 -> 0.084985258 | N17: =2 + RAND() -> 2.1263991 | O17: =1 + RAND() -> 1.7527668 | P17: =2.98 + (RAND() * (3.03 - 2.98)) -> 2.9847703 | Q17: =IF(D17="130 × 130", (130 + RANDBETWEEN(-1,1)) & " × " & (130 + RANDBETWEEN(-1,1)), IF(D17="160 × 160", (160 + RANDBETWEEN(-1,1)) & " × " & (160 + RANDBETWEEN(-1,1)), IF(D17="110 × 110", (110 + RANDBETWEEN(-1,1)) & " × " & (110 + RANDBETWEEN(-1,1)), "Value not matched"))) -> Value not matched | R17: OK | S17: =IF(G17<0.6, "IS 14650 CPS 10748/GR2", "IS 14650 CPS 10748/GR3") -> IS 14650 CPS 10748/GR2 | T17: satisfactory | W17: =Prod.!B9 -> 1.10.6 | X17: =Prod.!C9 -> 0 | Y17: =Prod.!D9 -> 0 | Z17: =Prod.!E9 -> 0 | AA17: =Prod.!F9 -> 0 | AB17: =Prod.!G9 -> 0 | AC17: =Prod.!H9 -> 0 | AD17: =Prod.!AB9 | AE17: =AD17-AF17 -> #VALUE! | AF17: =Prod.!AA9
A18: 7 | B18: =W19 -> 1.10.7 | C18: Ladle | F18: =F19 + (RAND() * 0.02 - 0.01) -> 0.0039977102 | G18: =G19 + (RAND() * 0.06 - 0.03) -> 0.5834868 | H18: =H19 + (RAND() * 0.006 - 0.003) -> -0.00074699425 | I18: =I19 + (RAND() * 0.006 - 0.003) -> -0.00045824151 | J18: =J19 + (RAND() * 0.02 - 0.01) -> 0.0028339111
B19: =B18 -> 1.10.7 | C19: Final | D19: =IF(AC19=130, "130 × 130", IF(AC19=160, "160 × 160", IF(AC19=110, "110 × 110", "Value not 130, 160, or 110"))) -> Value not 130, 160, or 110 | E19: =AD19 | F19: =IF(X19 > 0.1, RAND() * (0.1 - 0.06) + 0.06, X19) -> 0 | G19: =IF(Y19 < 0.5, 0.5 + RAND() * 0.1, Y19) -> 0.57561409 | H19: =IF(AB19>0.04, 0.029 + (0.039-0.029)*RAND(), AB19) -> 0 | I19: =IF(AA19>0.04, 0.029 + (0.039-0.029)*RAND(), AA19) -> 0 | J19: =IF(Z19>0.15, 0.11 + (0.15-0.11) * RAND(), Z19) -> 0 | K19: =0.004 + (RAND() * (0.001 - 0.004)) -> 0.0025218407 | L19: =H19+I19 -> 0 | M19: =(G19/6)+F19 -> 0.095935682 | N19: =2 + RAND() -> 2.6802657 | O19: =1 + RAND() -> 1.6900073 | P19: =2.98 + (RAND() * (3.03 - 2.98)) -> 3.0253854 | Q19: =IF(D19="130 × 130", (130 + RANDBETWEEN(-1,1)) & " × " & (130 + RANDBETWEEN(-1,1)), IF(D19="160 × 160", (160 + RANDBETWEEN(-1,1)) & " × " & (160 + RANDBETWEEN(-1,1)), IF(D19="110 × 110", (110 + RANDBETWEEN(-1,1)) & " × " & (110 + RANDBETWEEN(-1,1)), "Value not matched"))) -> Value not matched | R19: OK | S19: =IF(G19<0.6, "IS 14650 CPS 10748/GR2", "IS 14650 CPS 10748/GR3") -> IS 14650 CPS 10748/GR2 | T19: satisfactory | W19: =Prod.!B10 -> 1.10.7 | X19: =Prod.!C10 -> 0 | Y19: =Prod.!D10 -> 0 | Z19: =Prod.!E10 -> 0 | AA19: =Prod.!F10 -> 0 | AB19: =Prod.!G10 -> 0 | AC19: =Prod.!H10 -> 0 | AD19: =Prod.!AB10 | AE19: =AD19-AF19 -> #VALUE! | AF19: =Prod.!AA10
A20: 8 | B20: =W21 -> 1.10.8 | C20: Ladle | F20: =F21 + (RAND() * 0.02 - 0.01) -> 0.0025313349 | G20: =G21 + (RAND() * 0.06 - 0.03) -> 0.53946536 | H20: =H21 + (RAND() * 0.006 - 0.003) -> 0.0018740535 | I20: =I21 + (RAND() * 0.006 - 0.003) -> 0.0021576944 | J20: =J21 + (RAND() * 0.02 - 0.01) -> -0.0072162491
B21: =B20 -> 1.10.8 | C21: Final | D21: =IF(AC21=130, "130 × 130", IF(AC21=160, "160 × 160", IF(AC21=110, "110 × 110", "Value not 130, 160, or 110"))) -> Value not 130, 160, or 110 | E21: =AD21 | F21: =IF(X21 > 0.1, RAND() * (0.1 - 0.06) + 0.06, X21) -> 0 | G21: =IF(Y21 < 0.5, 0.5 + RAND() * 0.1, Y21) -> 0.55416189 | H21: =IF(AB21>0.04, 0.029 + (0.039-0.029)*RAND(), AB21) -> 0 | I21: =IF(AA21>0.04, 0.029 + (0.039-0.029)*RAND(), AA21) -> 0 | J21: =IF(Z21>0.15, 0.11 + (0.15-0.11) * RAND(), Z21) -> 0 | K21: =0.004 + (RAND() * (0.001 - 0.004)) -> 0.0033192871 | L21: =H21+I21 -> 0 | M21: =(G21/6)+F21 -> 0.092360316 | N21: =2 + RAND() -> 2.4121494 | O21: =1 + RAND() -> 1.3001738 | P21: =2.98 + (RAND() * (3.03 - 2.98)) -> 2.9978771 | Q21: =IF(D21="130 × 130", (130 + RANDBETWEEN(-1,1)) & " × " & (130 + RANDBETWEEN(-1,1)), IF(D21="160 × 160", (160 + RANDBETWEEN(-1,1)) & " × " & (160 + RANDBETWEEN(-1,1)), IF(D21="110 × 110", (110 + RANDBETWEEN(-1,1)) & " × " & (110 + RANDBETWEEN(-1,1)), "Value not matched"))) -> Value not matched | R21: OK | S21: =IF(G21<0.6, "IS 14650 CPS 10748/GR2", "IS 14650 CPS 10748/GR3") -> IS 14650 CPS 10748/GR2 | T21: satisfactory | W21: =Prod.!B11 -> 1.10.8 | X21: =Prod.!C11 -> 0 | Y21: =Prod.!D11 -> 0 | Z21: =Prod.!E11 -> 0 | AA21: =Prod.!F11 -> 0 | AB21: =Prod.!G11 -> 0 | AC21: =Prod.!H11 -> 0 | AD21: =Prod.!AB11 | AE21: =AD21-AF21 -> #VALUE! | AF21: =Prod.!AA11
A22: 9 | B22: =W23 -> 1.10.9 | C22: Ladle | F22: =F23 + (RAND() * 0.02 - 0.01) -> -0.0069024742 | G22: =G23 + (RAND() * 0.06 - 0.03) -> 0.4781776 | H22: =H23 + (RAND() * 0.006 - 0.003) -> -0.0013139816 | I22: =I23 + (RAND() * 0.006 - 0.003) -> -0.0029027443 | J22: =J23 + (RAND() * 0.02 - 0.01) -> -0.0093939734
B23: =B22 -> 1.10.9 | C23: Final | D23: =IF(AC23=130, "130 × 130", IF(AC23=160, "160 × 160", IF(AC23=110, "110 × 110", "Value not 130, 160, or 110"))) -> Value not 130, 160, or 110 | E23: =AD23 | F23: =IF(X23 > 0.1, RAND() * (0.1 - 0.06) + 0.06, X23) -> 0 | G23: =IF(Y23 < 0.5, 0.5 + RAND() * 0.1, Y23) -> 0.5045973 | H23: =IF(AB23>0.04, 0.029 + (0.039-0.029)*RAND(), AB23) -> 0 | I23: =IF(AA23>0.04, 0.029 + (0.039-0.029)*RAND(), AA23) -> 0 | J23: =IF(Z23>0.15, 0.11 + (0.15-0.11) * RAND(), Z23) -> 0 | K23: =0.004 + (RAND() * (0.001 - 0.004)) -> 0.0030856074 | L23: =H23+I23 -> 0 | M23: =(G23/6)+F23 -> 0.08409955 | N23: =2 + RAND() -> 2.8483929 | O23: =1 + RAND() -> 1.0817601 | P23: =2.98 + (RAND() * (3.03 - 2.98)) -> 2.9922231 | Q23: =IF(D23="130 × 130", (130 + RANDBETWEEN(-1,1)) & " × " & (130 + RANDBETWEEN(-1,1)), IF(D23="160 × 160", (160 + RANDBETWEEN(-1,1)) & " × " & (160 + RANDBETWEEN(-1,1)), IF(D23="110 × 110", (110 + RANDBETWEEN(-1,1)) & " × " & (110 + RANDBETWEEN(-1,1)), "Value not matched"))) -> Value not matched | R23: OK | S23: =IF(G23<0.6, "IS 14650 CPS 10748/GR2", "IS 14650 CPS 10748/GR3") -> IS 14650 CPS 10748/GR2 | T23: satisfactory | W23: =Prod.!B12 -> 1.10.9 | X23: =Prod.!C12 -> 0 | Y23: =Prod.!D12 -> 0 | Z23: =Prod.!E12 -> 0 | AA23: =Prod.!F12 -> 0 | AB23: =Prod.!G12 -> 0 | AC23: =Prod.!H12 -> 0 | AD23: =Prod.!AB12 | AE23: =AD23-AF23 -> #VALUE! | AF23: =Prod.!AA12
A24: 10 | B24: =W25 -> 1.10.10 | C24: Ladle | F24: =F25 + (RAND() * 0.02 - 0.01) -> 0.0074444351 | G24: =G25 + (RAND() * 0.06 - 0.03) -> 0.57810949 | H24: =H25 + (RAND() * 0.006 - 0.003) -> -0.00022528516 | I24: =I25 + (RAND() * 0.006 - 0.003) -> -0.00025474814 | J24: =J25 + (RAND() * 0.02 - 0.01) -> 0.0058686525
B25: =B24 -> 1.10.10 | C25: Final | D25: =IF(AC25=130, "130 × 130", IF(AC25=160, "160 × 160", IF(AC25=110, "110 × 110", "Value not 130, 160, or 110"))) -> Value not 130, 160, or 110 | E25: =AD25 | F25: =IF(X25 > 0.1, RAND() * (0.1 - 0.06) + 0.06, X25) -> 0 | G25: =IF(Y25 < 0.5, 0.5 + RAND() * 0.1, Y25) -> 0.56415305 | H25: =IF(AB25>0.04, 0.029 + (0.039-0.029)*RAND(), AB25) -> 0 | I25: =IF(AA25>0.04, 0.029 + (0.039-0.029)*RAND(), AA25) -> 0 | J25: =IF(Z25>0.15, 0.11 + (0.15-0.11) * RAND(), Z25) -> 0 | K25: =0.004 + (RAND() * (0.001 - 0.004)) -> 0.0029027143 | L25: =H25+I25 -> 0 | M25: =(G25/6)+F25 -> 0.094025509 | N25: =2 + RAND() -> 2.3547023 | O25: =1 + RAND() -> 1.9874565 | P25: =2.98 + (RAND() * (3.03 - 2.98)) -> 3.0269685 | Q25: =IF(D25="130 × 130", (130 + RANDBETWEEN(-1,1)) & " × " & (130 + RANDBETWEEN(-1,1)), IF(D25="160 × 160", (160 + RANDBETWEEN(-1,1)) & " × " & (160 + RANDBETWEEN(-1,1)), IF(D25="110 × 110", (110 + RANDBETWEEN(-1,1)) & " × " & (110 + RANDBETWEEN(-1,1)), "Value not matched"))) -> Value not matched | R25: OK | S25: =IF(G25<0.6, "IS 14650 CPS 10748/GR2", "IS 14650 CPS 10748/GR3") -> IS 14650 CPS 10748/GR2 | T25: satisfactory | W25: =Prod.!B13 -> 1.10.10 | X25: =Prod.!C13 -> 0 | Y25: =Prod.!D13 -> 0 | Z25: =Prod.!E13 -> 0 | AA25: =Prod.!F13 -> 0 | AB25: =Prod.!G13 -> 0 | AC25: =Prod.!H13 -> 0 | AD25: =Prod.!AB13 | AE25: =AD25-AF25 -> #VALUE! | AF25: =Prod.!AA13
A26: 11 | B26: =W27 -> 1.10.11 | C26: Ladle | F26: =F27 + (RAND() * 0.02 - 0.01) -> -0.0099271605 | G26: =G27 + (RAND() * 0.06 - 0.03) -> 0.56230278 | H26: =H27 + (RAND() * 0.006 - 0.003) -> -8.429086e-05 | I26: =I27 + (RAND() * 0.006 - 0.003) -> 0.0024899813 | J26: =J27 + (RAND() * 0.02 - 0.01) -> -0.007463215
B27: =B26 -> 1.10.11 | C27: Final | D27: =IF(AC27=130, "130 × 130", IF(AC27=160, "160 × 160", IF(AC27=110, "110 × 110", "Value not 130, 160, or 110"))) -> Value not 130, 160, or 110 | E27: =AD27 | F27: =IF(X27 > 0.1, RAND() * (0.1 - 0.06) + 0.06, X27) -> 0 | G27: =IF(Y27 < 0.5, 0.5 + RAND() * 0.1, Y27) -> 0.58800371 | H27: =IF(AB27>0.04, 0.029 + (0.039-0.029)*RAND(), AB27) -> 0 | I27: =IF(AA27>0.04, 0.029 + (0.039-0.029)*RAND(), AA27) -> 0 | J27: =IF(Z27>0.15, 0.11 + (0.15-0.11) * RAND(), Z27) -> 0 | K27: =0.004 + (RAND() * (0.001 - 0.004)) -> 0.0031778533 | L27: =H27+I27 -> 0 | M27: =(G27/6)+F27 -> 0.098000618 | N27: =2 + RAND() -> 2.8731909 | O27: =1 + RAND() -> 1.1650833 | P27: =2.98 + (RAND() * (3.03 - 2.98)) -> 2.9934221 | Q27: =IF(D27="130 × 130", (130 + RANDBETWEEN(-1,1)) & " × " & (130 + RANDBETWEEN(-1,1)), IF(D27="160 × 160", (160 + RANDBETWEEN(-1,1)) & " × " & (160 + RANDBETWEEN(-1,1)), IF(D27="110 × 110", (110 + RANDBETWEEN(-1,1)) & " × " & (110 + RANDBETWEEN(-1,1)), "Value not matched"))) -> Value not matched | R27: OK | S27: =IF(G27<0.6, "IS 14650 CPS 10748/GR2", "IS 14650 CPS 10748/GR3") -> IS 14650 CPS 10748/GR2 | T27: satisfactory | W27: =Prod.!B14 -> 1.10.11 | X27: =Prod.!C14 -> 0 | Y27: =Prod.!D14 -> 0 | Z27: =Prod.!E14 -> 0 | AA27: =Prod.!F14 -> 0 | AB27: =Prod.!G14 -> 0 | AC27: =Prod.!H14 -> 0 | AD27: =Prod.!AB14 | AE27: =AD27-AF27 -> #VALUE! | AF27: =Prod.!AA14
A28: 12 | B28: =W29 -> 1.10.12 | C28: Ladle | F28: =F29 + (RAND() * 0.02 - 0.01) -> 0.0033822356 | G28: =G29 + (RAND() * 0.06 - 0.03) -> 0.54492189 | H28: =H29 + (RAND() * 0.006 - 0.003) -> -0.00089486197 | I28: =I29 + (RAND() * 0.006 - 0.003) -> -0.0021771207 | J28: =J29 + (RAND() * 0.02 - 0.01) -> 0.0042585934
B29: =B28 -> 1.10.12 | C29: Final | D29: =IF(AC29=130, "130 × 130", IF(AC29=160, "160 × 160", IF(AC29=110, "110 × 110", "Value not 130, 160, or 110"))) -> Value not 130, 160, or 110 | E29: =AD29 | F29: =IF(X29 > 0.1, RAND() * (0.1 - 0.06) + 0.06, X29) -> 0 | G29: =IF(Y29 < 0.5, 0.5 + RAND() * 0.1, Y29) -> 0.53458026 | H29: =IF(AB29>0.04, 0.029 + (0.039-0.029)*RAND(), AB29) -> 0 | I29: =IF(AA29>0.04, 0.029 + (0.039-0.029)*RAND(), AA29) -> 0 | J29: =IF(Z29>0.15, 0.11 + (0.15-0.11) * RAND(), Z29) -> 0 | K29: =0.004 + (RAND() * (0.001 - 0.004)) -> 0.001544655 | L29: =H29+I29 -> 0 | M29: =(G29/6)+F29 -> 0.08909671 | N29: =2 + RAND() -> 2.5267779 | O29: =1 + RAND() -> 1.5066137 | P29: =2.98 + (RAND() * (3.03 - 2.98)) -> 2.9908268 | Q29: =IF(D29="130 × 130", (130 + RANDBETWEEN(-1,1)) & " × " & (130 + RANDBETWEEN(-1,1)), IF(D29="160 × 160", (160 + RANDBETWEEN(-1,1)) & " × " & (160 + RANDBETWEEN(-1,1)), IF(D29="110 × 110", (110 + RANDBETWEEN(-1,1)) & " × " & (110 + RANDBETWEEN(-1,1)), "Value not matched"))) -> Value not matched | R29: OK | S29: =IF(G29<0.6, "IS 14650 CPS 10748/GR2", "IS 14650 CPS 10748/GR3") -> IS 14650 CPS 10748/GR2 | T29: satisfactory | W29: =Prod.!B15 -> 1.10.12 | X29: =Prod.!C15 -> 0 | Y29: =Prod.!D15 -> 0 | Z29: =Prod.!E15 -> 0 | AA29: =Prod.!F15 -> 0 | AB29: =Prod.!G15 -> 0 | AC29: =Prod.!H15 -> 0 | AD29: =Prod.!AB15 | AE29: =AD29-AF29 -> #VALUE! | AF29: =Prod.!AA15
C32: Total production : | E32: =SUM(E6:E29) -> 0
A33: Maruti Ispat & Pipes Pvt Ltd
A34: SY NO 167,CDE,Madhavaram, Rachumarri, Andhra Pradesh 518349
A35: ="DATE OF MANUFACTURING : " & TEXT(V39, "DD-MM-YYYY") -> DATE OF MANUFACTURING : 00-01-1900 | N35: Format no : MIPPL/SMS/QAD/01
A36: Sl No | B36: Batch / Heat No | D36: Section (MM) | E36: Quantity (MT) | F36: Chemical Analysis report | N36: Physical Analysis report | R36: Cracks | S36: Grade | T36: Remarks
F37: %C | G37: %Mn | H37: %P | I37: %S | J37: %Si | K37: %N | L37: %(S+P) | M37: % CE | N37: Bend MM/ Meter ( Max 5 MM/Meter) | O37: Camber MM/ Meter ( Max 3 MM/Meter) | P37: Length (Meter) | Q37: Width ( MM)
A38: 1 | B38: =W39 -> 0 | C38: Ladle | F38: =F39 + (RAND() * 0.02 - 0.01) -> 0.0013888032 | G38: =G39 + (RAND() * 0.06 - 0.03) -> 0.57406177 | H38: =H39 + (RAND() * 0.006 - 0.003) -> 0.0022340586 | I38: =I39 + (RAND() * 0.006 - 0.003) -> -0.00055026654 | J38: =J39 + (RAND() * 0.02 - 0.01) -> 0.0088970892 | AE38: Rolled
B39: =B38 -> 0 | C39: Final | D39: =IF(AC39=130, "130 × 130", IF(AC39=160, "160 × 160", IF(AC39=110, "110 × 110", "Value not 130, 160, or 110"))) -> Value not 130, 160, or 110 | E39: =AD39 -> 0 | F39: =IF(X39 > 0.1, RAND() * (0.1 - 0.06) + 0.06, X39) -> 0 | G39: =IF(Y39 < 0.5, 0.5 + RAND() * 0.1, Y39) -> 0.57477514 | H39: =IF(AB39>0.04, 0.029 + (0.039-0.029)*RAND(), AB39) -> 0 | I39: =IF(AA39>0.04, 0.029 + (0.039-0.029)*RAND(), AA39) -> 0 | J39: =IF(Z39>0.15, 0.11 + (0.15-0.11) * RAND(), Z39) -> 0 | K39: =0.004 + (RAND() * (0.001 - 0.004)) -> 0.0032096217 | L39: =H39+I39 -> 0 | M39: =(G39/6)+F39 -> 0.095795856 | N39: =2 + RAND() -> 2.079094 | O39: =1 + RAND() -> 1.1265954 | P39: =2.98 + (RAND() * (3.03 - 2.98)) -> 3.0160287 | Q39: =IF(D39="130 × 130", (130 + RANDBETWEEN(-1,1)) & " × " & (130 + RANDBETWEEN(-1,1)), IF(D39="160 × 160", (160 + RANDBETWEEN(-1,1)) & " × " & (160 + RANDBETWEEN(-1,1)), IF(D39="110 × 110", (110 + RANDBETWEEN(-1,1)) & " × " & (110 + RANDBETWEEN(-1,1)), "Value not matched"))) -> Value not matched | R39: OK | S39: =IF(G39<0.6, "IS 14650 CPS 10748/GR2", "IS 14650 CPS 10748/GR3") -> IS 14650 CPS 10748/GR2 | T39: satisfactory | V39: =Prod.!A22 -> 0 | W39: =Prod.!B22 -> 0 | X39: =Prod.!C22 -> 0 | Y39: =Prod.!D22 -> 0 | Z39: =Prod.!E22 -> 0 | AA39: =Prod.!F22 -> 0 | AB39: =Prod.!G22 -> 0 | AC39: =Prod.!H22 -> 0 | AD39: =Prod.!AB22 -> 0 | AE39: =AD39-AF39 -> 0 | AF39: =Prod.!AA22 -> 0
A40: 2 | B40: =W41 -> 0 | C40: Ladle | F40: =F41 + (RAND() * 0.02 - 0.01) -> -0.0074196918 | G40: =G41 + (RAND() * 0.06 - 0.03) -> 0.53239009 | H40: =H41 + (RAND() * 0.006 - 0.003) -> -0.00032409447 | I40: =I41 + (RAND() * 0.006 - 0.003) -> 0.00078204266 | J40: =J41 + (RAND() * 0.02 - 0.01) -> -0.0071001023
B41: =B40 -> 0 | C41: Final | D41: =IF(AC41=130, "130 × 130", IF(AC41=160, "160 × 160", IF(AC41=110, "110 × 110", "Value not 130, 160, or 110"))) -> Value not 130, 160, or 110 | E41: =AD41 -> 0 | F41: =IF(X41 > 0.1, RAND() * (0.1 - 0.06) + 0.06, X41) -> 0 | G41: =IF(Y41 < 0.5, 0.5 + RAND() * 0.1, Y41) -> 0.52857094 | H41: =IF(AB41>0.04, 0.029 + (0.039-0.029)*RAND(), AB41) -> 0 | I41: =IF(AA41>0.04, 0.029 + (0.039-0.029)*RAND(), AA41) -> 0 | J41: =IF(Z41>0.15, 0.11 + (0.15-0.11) * RAND(), Z41) -> 0 | K41: =0.004 + (RAND() * (0.001 - 0.004)) -> 0.0028984857 | L41: =H41+I41 -> 0 | M41: =(G41/6)+F41 -> 0.088095156 | N41: =2 + RAND() -> 2.4053276 | O41: =1 + RAND() -> 1.9060312 | P41: =2.98 + (RAND() * (3.03 - 2.98)) -> 3.0265564 | Q41: =IF(D41="130 × 130", (130 + RANDBETWEEN(-1,1)) & " × " & (130 + RANDBETWEEN(-1,1)), IF(D41="160 × 160", (160 + RANDBETWEEN(-1,1)) & " × " & (160 + RANDBETWEEN(-1,1)), IF(D41="110 × 110", (110 + RANDBETWEEN(-1,1)) & " × " & (110 + RANDBETWEEN(-1,1)), "Value not matched"))) -> Value not matched | R41: OK | S41: =IF(G41<0.6, "IS 14650 CPS 10748/GR2", "IS 14650 CPS 10748/GR3") -> IS 14650 CPS 10748/GR2 | T41: satisfactory | W41: =Prod.!B23 -> 0 | X41: =Prod.!C23 -> 0 | Y41: =Prod.!D23 -> 0 | Z41: =Prod.!E23 -> 0 | AA41: =Prod.!F23 -> 0 | AB41: =Prod.!G23 -> 0 | AC41: =Prod.!H23 -> 0 | AD41: =Prod.!AB23 -> 0 | AE41: =AD41-AF41 -> 0 | AF41: =Prod.!AA23 -> 0
A42: 3 | B42: =W43 -> 0 | C42: Ladle | F42: =F43 + (RAND() * 0.02 - 0.01) -> 0.0079588083 | G42: =G43 + (RAND() * 0.06 - 0.03) -> 0.55944268 | H42: =H43 + (RAND() * 0.006 - 0.003) -> 0.0016474325 | I42: =I43 + (RAND() * 0.006 - 0.003) -> 0.0002925042 | J42: =J43 + (RAND() * 0.02 - 0.01) -> 0.0094405661
B43: =B42 -> 0 | C43: Final | D43: =IF(AC43=130, "130 × 130", IF(AC43=160, "160 × 160", IF(AC43=110, "110 × 110", "Value not 130, 160, or 110"))) -> Value not 130, 160, or 110 | E43: =AD43 -> 0 | F43: =IF(X43 > 0.1, RAND() * (0.1 - 0.06) + 0.06, X43) -> 0 | G43: =IF(Y43 < 0.5, 0.5 + RAND() * 0.1, Y43) -> 0.52998558 | H43: =IF(AB43>0.04, 0.029 + (0.039-0.029)*RAND(), AB43) -> 0 | I43: =IF(AA43>0.04, 0.029 + (0.039-0.029)*RAND(), AA43) -> 0 | J43: =IF(Z43>0.15, 0.11 + (0.15-0.11) * RAND(), Z43) -> 0 | K43: =0.004 + (RAND() * (0.001 - 0.004)) -> 0.0032053725 | L43: =H43+I43 -> 0 | M43: =(G43/6)+F43 -> 0.088330931 | N43: =2 + RAND() -> 2.7781843 | O43: =1 + RAND() -> 1.0192698 | P43: =2.98 + (RAND() * (3.03 - 2.98)) -> 3.0271767 | Q43: =IF(D43="130 × 130", (130 + RANDBETWEEN(-1,1)) & " × " & (130 + RANDBETWEEN(-1,1)), IF(D43="160 × 160", (160 + RANDBETWEEN(-1,1)) & " × " & (160 + RANDBETWEEN(-1,1)), IF(D43="110 × 110", (110 + RANDBETWEEN(-1,1)) & " × " & (110 + RANDBETWEEN(-1,1)), "Value not matched"))) -> Value not matched | R43: OK | S43: =IF(G43<0.6, "IS 14650 CPS 10748/GR2", "IS 14650 CPS 10748/GR3") -> IS 14650 CPS 10748/GR2 | T43: satisfactory | W43: =Prod.!B24 -> 0 | X43: =Prod.!C24 -> 0 | Y43: =Prod.!D24 -> 0 | Z43: =Prod.!E24 -> 0 | AA43: =Prod.!F24 -> 0 | AB43: =Prod.!G24 -> 0 | AC43: =Prod.!H24 -> 0 | AD43: =Prod.!AB24 -> 0 | AE43: =AD43-AF43 -> 0 | AF43: =Prod.!AA24 -> 0
A44: 4 | B44: =W45 -> 0 | C44: Ladle | F44: =F45 + (RAND() * 0.02 - 0.01) -> 0.0050016201 | G44: =G45 + (RAND() * 0.06 - 0.03) -> 0.52055909 | H44: =H45 + (RAND() * 0.006 - 0.003) -> 0.001635502 | I44: =I45 + (RAND() * 0.006 - 0.003) -> 0.0016923429 | J44: =J45 + (RAND() * 0.02 - 0.01) -> -0.0047566104
B45: =B44 -> 0 | C45: Final | D45: =IF(AC45=130, "130 × 130", IF(AC45=160, "160 × 160", IF(AC45=110, "110 × 110", "Value not 130, 160, or 110"))) -> Value not 130, 160, or 110 | E45: =AD45 -> 0 | F45: =IF(X45 > 0.1, RAND() * (0.1 - 0.06) + 0.06, X45) -> 0 | G45: =IF(Y45 < 0.5, 0.5 + RAND() * 0.1, Y45) -> 0.52636671 | H45: =IF(AB45>0.04, 0.029 + (0.039-0.029)*RAND(), AB45) -> 0 | I45: =IF(AA45>0.04, 0.029 + (0.039-0.029)*RAND(), AA45) -> 0 | J45: =IF(Z45>0.15, 0.11 + (0.15-0.11) * RAND(), Z45) -> 0 | K45: =0.004 + (RAND() * (0.001 - 0.004)) -> 0.0010835592 | L45: =H45+I45 -> 0 | M45: =(G45/6)+F45 -> 0.087727785 | N45: =2 + RAND() -> 2.3632555 | O45: =1 + RAND() -> 1.1676302 | P45: =2.98 + (RAND() * (3.03 - 2.98)) -> 3.0069018 | Q45: =IF(D45="130 × 130", (130 + RANDBETWEEN(-1,1)) & " × " & (130 + RANDBETWEEN(-1,1)), IF(D45="160 × 160", (160 + RANDBETWEEN(-1,1)) & " × " & (160 + RANDBETWEEN(-1,1)), IF(D45="110 × 110", (110 + RANDBETWEEN(-1,1)) & " × " & (110 + RANDBETWEEN(-1,1)), "Value not matched"))) -> Value not matched | R45: OK | S45: =IF(G45<0.6, "IS 14650 CPS 10748/GR2", "IS 14650 CPS 10748/GR3") -> IS 14650 CPS 10748/GR2 | T45: satisfactory | W45: =Prod.!B25 -> 0 | X45: =Prod.!C25 -> 0 | Y45: =Prod.!D25 -> 0 | Z45: =Prod.!E25 -> 0 | AA45: =Prod.!F25 -> 0 | AB45: =Prod.!G25 -> 0 | AC45: =Prod.!H25 -> 0 | AD45: =Prod.!AB25 -> 0 | AE45: =AD45-AF45 -> 0 | AF45: =Prod.!AA25 -> 0
A46: 5 | B46: =W47 -> 0 | C46: Ladle | F46: =F47 + (RAND() * 0.02 - 0.01) -> 0.0028092341 | G46: =G47 + (RAND() * 0.06 - 0.03) -> 0.55017142 | H46: =H47 + (RAND() * 0.006 - 0.003) -> 3.6643879e-05 | I46: =I47 + (RAND() * 0.006 - 0.003) -> -0.0013638119 | J46: =J47 + (RAND() * 0.02 - 0.01) -> 0.0018006309
B47: =B46 -> 0 | C47: Final | D47: =IF(AC47=130, "130 × 130", IF(AC47=160, "160 × 160", IF(AC47=110, "110 × 110", "Value not 130, 160, or 110"))) -> Value not 130, 160, or 110 | E47: =AD47 -> 0 | F47: =IF(X47 > 0.1, RAND() * (0.1 - 0.06) + 0.06, X47) -> 0 | G47: =IF(Y47 < 0.5, 0.5 + RAND() * 0.1, Y47) -> 0.53106804 | H47: =IF(AB47>0.04, 0.029 + (0.039-0.029)*RAND(), AB47) -> 0 | I47: =IF(AA47>0.04, 0.029 + (0.039-0.029)*RAND(), AA47) -> 0 | J47: =IF(Z47>0.15, 0.11 + (0.15-0.11) * RAND(), Z47) -> 0 | K47: =0.004 + (RAND() * (0.001 - 0.004)) -> 0.0021046322 | L47: =H47+I47 -> 0 | M47: =(G47/6)+F47 -> 0.088511339 | N47: =2 + RAND() -> 2.0300782 | O47: =1 + RAND() -> 1.7759142 | P47: =2.98 + (RAND() * (3.03 - 2.98)) -> 3.0067203 | Q47: =IF(D47="130 × 130", (130 + RANDBETWEEN(-1,1)) & " × " & (130 + RANDBETWEEN(-1,1)), IF(D47="160 × 160", (160 + RANDBETWEEN(-1,1)) & " × " & (160 + RANDBETWEEN(-1,1)), IF(D47="110 × 110", (110 + RANDBETWEEN(-1,1)) & " × " & (110 + RANDBETWEEN(-1,1)), "Value not matched"))) -> Value not matched | R47: OK | S47: =IF(G47<0.6, "IS 14650 CPS 10748/GR2", "IS 14650 CPS 10748/GR3") -> IS 14650 CPS 10748/GR2 | T47: satisfactory | W47: =Prod.!B26 -> 0 | X47: =Prod.!C26 -> 0 | Y47: =Prod.!D26 -> 0 | Z47: =Prod.!E26 -> 0 | AA47: =Prod.!F26 -> 0 | AB47: =Prod.!G26 -> 0 | AC47: =Prod.!H26 -> 0 | AD47: =Prod.!AB26 -> 0 | AE47: =AD47-AF47 -> 0 | AF47: =Prod.!AA26 -> 0
A48: 6 | B48: =W49 -> 0 | C48: Ladle | F48: =F49 + (RAND() * 0.02 - 0.01) -> 0.0065754474 | G48: =G49 + (RAND() * 0.06 - 0.03) -> 0.56519844 | H48: =H49 + (RAND() * 0.006 - 0.003) -> 0.00076280843 | I48: =I49 + (RAND() * 0.006 - 0.003) -> 0.0020781049 | J48: =J49 + (RAND() * 0.02 - 0.01) -> 0.0058686925
B49: =B48 -> 0 | C49: Final | D49: =IF(AC49=130, "130 × 130", IF(AC49=160, "160 × 160", IF(AC49=110, "110 × 110", "Value not 130, 160, or 110"))) -> Value not 130, 160, or 110 | E49: =AD49 -> 0 | F49: =IF(X49 > 0.1, RAND() * (0.1 - 0.06) + 0.06, X49) -> 0 | G49: =IF(Y49 < 0.5, 0.5 + RAND() * 0.1, Y49) -> 0.56820287 | H49: =IF(AB49>0.04, 0.029 + (0.039-0.029)*RAND(), AB49) -> 0 | I49: =IF(AA49>0.04, 0.029 + (0.039-0.029)*RAND(), AA49) -> 0 | J49: =IF(Z49>0.15, 0.11 + (0.15-0.11) * RAND(), Z49) -> 0 | K49: =0.004 + (RAND() * (0.001 - 0.004)) -> 0.0015205604 | L49: =H49+I49 -> 0 | M49: =(G49/6)+F49 -> 0.094700479 | N49: =2 + RAND() -> 2.0408895 | O49: =1 + RAND() -> 1.3817251 | P49: =2.98 + (RAND() * (3.03 - 2.98)) -> 3.0239825 | Q49: =IF(D49="130 × 130", (130 + RANDBETWEEN(-1,1)) & " × " & (130 + RANDBETWEEN(-1,1)), IF(D49="160 × 160", (160 + RANDBETWEEN(-1,1)) & " × " & (160 + RANDBETWEEN(-1,1)), IF(D49="110 × 110", (110 + RANDBETWEEN(-1,1)) & " × " & (110 + RANDBETWEEN(-1,1)), "Value not matched"))) -> Value not matched | R49: OK | S49: =IF(G49<0.6, "IS 14650 CPS 10748/GR2", "IS 14650 CPS 10748/GR3") -> IS 14650 CPS 10748/GR2 | T49: satisfactory | W49: =Prod.!B27 -> 0 | X49: =Prod.!C27 -> 0 | Y49: =Prod.!D27 -> 0 | Z49: =Prod.!E27 -> 0 | AA49: =Prod.!F27 -> 0 | AB49: =Prod.!G27 -> 0 | AC49: =Prod.!H27 -> 0 | AD49: =Prod.!AB27 -> 0 | AE49: =AD49-AF49 -> 0 | AF49: =Prod.!AA27 -> 0
A50: 7 | B50: =W51 -> 0 | C50: Ladle | F50: =F51 + (RAND() * 0.02 - 0.01) -> -8.6883529e-05 | G50: =G51 + (RAND() * 0.06 - 0.03) -> 0.5708859 | H50: =H51 + (RAND() * 0.006 - 0.003) -> -0.0011299442 | I50: =I51 + (RAND() * 0.006 - 0.003) -> -0.0027137676 | J50: =J51 + (RAND() * 0.02 - 0.01) -> -0.0089908625
B51: =B50 -> 0 | C51: Final | D51: =IF(AC51=130, "130 × 130", IF(AC51=160, "160 × 160", IF(AC51=110, "110 × 110", "Value not 130, 160, or 110"))) -> Value not 130, 160, or 110 | E51: =AD51 -> 0 | F51: =IF(X51 > 0.1, RAND() * (0.1 - 0.06) + 0.06, X51) -> 0 | G51: =IF(Y51 < 0.5, 0.5 + RAND() * 0.1, Y51) -> 0.57342496 | H51: =IF(AB51>0.04, 0.029 + (0.039-0.029)*RAND(), AB51) -> 0 | I51: =IF(AA51>0.04, 0.029 + (0.039-0.029)*RAND(), AA51) -> 0 | J51: =IF(Z51>0.15, 0.11 + (0.15-0.11) * RAND(), Z51) -> 0 | K51: =0.004 + (RAND() * (0.001 - 0.004)) -> 0.0038925571 | L51: =H51+I51 -> 0 | M51: =(G51/6)+F51 -> 0.095570827 | N51: =2 + RAND() -> 2.9830049 | O51: =1 + RAND() -> 1.3919145 | P51: =2.98 + (RAND() * (3.03 - 2.98)) -> 2.988808 | Q51: =IF(D51="130 × 130", (130 + RANDBETWEEN(-1,1)) & " × " & (130 + RANDBETWEEN(-1,1)), IF(D51="160 × 160", (160 + RANDBETWEEN(-1,1)) & " × " & (160 + RANDBETWEEN(-1,1)), IF(D51="110 × 110", (110 + RANDBETWEEN(-1,1)) & " × " & (110 + RANDBETWEEN(-1,1)), "Value not matched"))) -> Value not matched | R51: OK | S51: =IF(G51<0.6, "IS 14650 CPS 10748/GR2", "IS 14650 CPS 10748/GR3") -> IS 14650 CPS 10748/GR2 | T51: satisfactory | W51: =Prod.!B28 -> 0 | X51: =Prod.!C28 -> 0 | Y51: =Prod.!D28 -> 0 | Z51: =Prod.!E28 -> 0 | AA51: =Prod.!F28 -> 0 | AB51: =Prod.!G28 -> 0 | AC51: =Prod.!H28 -> 0 | AD51: =Prod.!AB28 -> 0 | AE51: =AD51-AF51 -> 0 | AF51: =Prod.!AA28 -> 0
A52: 8 | B52: =W53 -> 0 | C52: Ladle | F52: =F53 + (RAND() * 0.02 - 0.01) -> 0.0037861851 | G52: =G53 + (RAND() * 0.06 - 0.03) -> 0.49465769 | H52: =H53 + (RAND() * 0.006 - 0.003) -> -0.00095018643 | I52: =I53 + (RAND() * 0.006 - 0.003) -> 0.0012614032 | J52: =J53 + (RAND() * 0.02 - 0.01) -> 0.0020764028
B53: =B52 -> 0 | C53: Final | D53: =IF(AC53=130, "130 × 130", IF(AC53=160, "160 × 160", IF(AC53=110, "110 × 110", "Value not 130, 160, or 110"))) -> Value not 130, 160, or 110 | E53: =AD53 -> 0 | F53: =IF(X53 > 0.1, RAND() * (0.1 - 0.06) + 0.06, X53) -> 0 | G53: =IF(Y53 < 0.5, 0.5 + RAND() * 0.1, Y53) -> 0.52436656 | H53: =IF(AB53>0.04, 0.029 + (0.039-0.029)*RAND(), AB53) -> 0 | I53: =IF(AA53>0.04, 0.029 + (0.039-0.029)*RAND(), AA53) -> 0 | J53: =IF(Z53>0.15, 0.11 + (0.15-0.11) * RAND(), Z53) -> 0 | K53: =0.004 + (RAND() * (0.001 - 0.004)) -> 0.0015302782 | L53: =H53+I53 -> 0 | M53: =(G53/6)+F53 -> 0.087394427 | N53: =2 + RAND() -> 2.9568105 | O53: =1 + RAND() -> 1.2890465 | P53: =2.98 + (RAND() * (3.03 - 2.98)) -> 3.0088048 | Q53: =IF(D53="130 × 130", (130 + RANDBETWEEN(-1,1)) & " × " & (130 + RANDBETWEEN(-1,1)), IF(D53="160 × 160", (160 + RANDBETWEEN(-1,1)) & " × " & (160 + RANDBETWEEN(-1,1)), IF(D53="110 × 110", (110 + RANDBETWEEN(-1,1)) & " × " & (110 + RANDBETWEEN(-1,1)), "Value not matched"))) -> Value not matched | R53: OK | S53: =IF(G53<0.6, "IS 14650 CPS 10748/GR2", "IS 14650 CPS 10748/GR3") -> IS 14650 CPS 10748/GR2 | T53: satisfactory | W53: =Prod.!B29 -> 0 | X53: =Prod.!C29 -> 0 | Y53: =Prod.!D29 -> 0 | Z53: =Prod.!E29 -> 0 | AA53: =Prod.!F29 -> 0 | AB53: =Prod.!G29 -> 0 | AC53: =Prod.!H29 -> 0 | AD53: =Prod.!AB29 -> 0 | AE53: =AD53-AF53 -> 0 | AF53: =Prod.!AA29 -> 0
A54: 9 | B54: =W55 -> 0 | C54: Ladle | F54: =F55 + (RAND() * 0.02 - 0.01) -> 0.0037869567 | G54: =G55 + (RAND() * 0.06 - 0.03) -> 0.56034352 | H54: =H55 + (RAND() * 0.006 - 0.003) -> -0.0017659547 | I54: =I55 + (RAND() * 0.006 - 0.003) -> -0.00085587551 | J54: =J55 + (RAND() * 0.02 - 0.01) -> -0.0055407312
B55: =B54 -> 0 | C55: Final | D55: =IF(AC55=130, "130 × 130", IF(AC55=160, "160 × 160", IF(AC55=110, "110 × 110", "Value not 130, 160, or 110"))) -> Value not 130, 160, or 110 | E55: =AD55 -> 0 | F55: =IF(X55 > 0.1, RAND() * (0.1 - 0.06) + 0.06, X55) -> 0 | G55: =IF(Y55 < 0.5, 0.5 + RAND() * 0.1, Y55) -> 0.54762719 | H55: =IF(AB55>0.04, 0.029 + (0.039-0.029)*RAND(), AB55) -> 0 | I55: =IF(AA55>0.04, 0.029 + (0.039-0.029)*RAND(), AA55) -> 0 | J55: =IF(Z55>0.15, 0.11 + (0.15-0.11) * RAND(), Z55) -> 0 | K55: =0.004 + (RAND() * (0.001 - 0.004)) -> 0.0031569188 | L55: =H55+I55 -> 0 | M55: =(G55/6)+F55 -> 0.091271198 | N55: =2 + RAND() -> 2.9871396 | O55: =1 + RAND() -> 1.1069746 | P55: =2.98 + (RAND() * (3.03 - 2.98)) -> 3.0019345 | Q55: =IF(D55="130 × 130", (130 + RANDBETWEEN(-1,1)) & " × " & (130 + RANDBETWEEN(-1,1)), IF(D55="160 × 160", (160 + RANDBETWEEN(-1,1)) & " × " & (160 + RANDBETWEEN(-1,1)), IF(D55="110 × 110", (110 + RANDBETWEEN(-1,1)) & " × " & (110 + RANDBETWEEN(-1,1)), "Value not matched"))) -> Value not matched | R55: OK | S55: =IF(G55<0.6, "IS 14650 CPS 10748/GR2", "IS 14650 CPS 10748/GR3") -> IS 14650 CPS 10748/GR2 | T55: satisfactory | W55: =Prod.!B30 -> 0 | X55: =Prod.!C30 -> 0 | Y55: =Prod.!D30 -> 0 | Z55: =Prod.!E30 -> 0 | AA55: =Prod.!F30 -> 0 | AB55: =Prod.!G30 -> 0 | AC55: =Prod.!H30 -> 0 | AD55: =Prod.!AB30 -> 0 | AE55: =AD55-AF55 -> 0 | AF55: =Prod.!AA30 -> 0
A56: 10 | B56: =W57 -> 0 | C56: Ladle | F56: =F57 + (RAND() * 0.02 - 0.01) -> -0.0019255865 | G56: =G57 + (RAND() * 0.06 - 0.03) -> 0.52501573 | H56: =H57 + (RAND() * 0.006 - 0.003) -> -0.0016353552 | I56: =I57 + (RAND() * 0.006 - 0.003) -> 6.8772064e-05 | J56: =J57 + (RAND() * 0.02 - 0.01) -> 0.0073801175
B57: =B56 -> 0 | C57: Final | D57: =IF(AC57=130, "130 × 130", IF(AC57=160, "160 × 160", IF(AC57=110, "110 × 110", "Value not 130, 160, or 110"))) -> Value not 130, 160, or 110 | E57: =AD57 -> 0 | F57: =IF(X57 > 0.1, RAND() * (0.1 - 0.06) + 0.06, X57) -> 0 | G57: =IF(Y57 < 0.5, 0.5 + RAND() * 0.1, Y57) -> 0.53848406 | H57: =IF(AB57>0.04, 0.029 + (0.039-0.029)*RAND(), AB57) -> 0 | I57: =IF(AA57>0.04, 0.029 + (0.039-0.029)*RAND(), AA57) -> 0 | J57: =IF(Z57>0.15, 0.11 + (0.15-0.11) * RAND(), Z57) -> 0 | K57: =0.004 + (RAND() * (0.001 - 0.004)) -> 0.0038905573 | L57: =H57+I57 -> 0 | M57: =(G57/6)+F57 -> 0.089747343 | N57: =2 + RAND() -> 2.8026829 | O57: =1 + RAND() -> 1.7669965 | P57: =2.98 + (RAND() * (3.03 - 2.98)) -> 3.002371 | Q57: =IF(D57="130 × 130", (130 + RANDBETWEEN(-1,1)) & " × " & (130 + RANDBETWEEN(-1,1)), IF(D57="160 × 160", (160 + RANDBETWEEN(-1,1)) & " × " & (160 + RANDBETWEEN(-1,1)), IF(D57="110 × 110", (110 + RANDBETWEEN(-1,1)) & " × " & (110 + RANDBETWEEN(-1,1)), "Value not matched"))) -> Value not matched | R57: OK | S57: =IF(G57<0.6, "IS 14650 CPS 10748/GR2", "IS 14650 CPS 10748/GR3") -> IS 14650 CPS 10748/GR2 | T57: satisfactory | W57: =Prod.!B31 -> 0 | X57: =Prod.!C31 -> 0 | Y57: =Prod.!D31 -> 0 | Z57: =Prod.!E31 -> 0 | AA57: =Prod.!F31 -> 0 | AB57: =Prod.!G31 -> 0 | AC57: =Prod.!H31 -> 0 | AD57: =Prod.!AB31 -> 0 | AE57: =AD57-AF57 -> 0 | AF57: =Prod.!AA31 -> 0
A58: 11 | B58: =W59 -> 0 | C58: Ladle | F58: =F59 + (RAND() * 0.02 - 0.01) -> -0.0022372165 | G58: =G59 + (RAND() * 0.06 - 0.03) -> 0.545019 | H58: =H59 + (RAND() * 0.006 - 0.003) -> -0.0014273682 | I58: =I59 + (RAND() * 0.006 - 0.003) -> -0.00029629034 | J58: =J59 + (RAND() * 0.02 - 0.01) -> -0.0029692732
B59: =B58 -> 0 | C59: Final | D59: =IF(AC59=130, "130 × 130", IF(AC59=160, "160 × 160", IF(AC59=110, "110 × 110", "Value not 130, 160, or 110"))) -> Value not 130, 160, or 110 | E59: =AD59 -> 0 | F59: =IF(X59 > 0.1, RAND() * (0.1 - 0.06) + 0.06, X59) -> 0 | G59: =IF(Y59 < 0.5, 0.5 + RAND() * 0.1, Y59) -> 0.53059326 | H59: =IF(AB59>0.04, 0.029 + (0.039-0.029)*RAND(), AB59) -> 0 | I59: =IF(AA59>0.04, 0.029 + (0.039-0.029)*RAND(), AA59) -> 0 | J59: =IF(Z59>0.15, 0.11 + (0.15-0.11) * RAND(), Z59) -> 0 | K59: =0.004 + (RAND() * (0.001 - 0.004)) -> 0.0017074189 | L59: =H59+I59 -> 0 | M59: =(G59/6)+F59 -> 0.088432209 | N59: =2 + RAND() -> 2.3164251 | O59: =1 + RAND() -> 1.322762 | P59: =2.98 + (RAND() * (3.03 - 2.98)) -> 2.9957134 | Q59: =IF(D59="130 × 130", (130 + RANDBETWEEN(-1,1)) & " × " & (130 + RANDBETWEEN(-1,1)), IF(D59="160 × 160", (160 + RANDBETWEEN(-1,1)) & " × " & (160 + RANDBETWEEN(-1,1)), IF(D59="110 × 110", (110 + RANDBETWEEN(-1,1)) & " × " & (110 + RANDBETWEEN(-1,1)), "Value not matched"))) -> Value not matched | R59: OK | S59: =IF(G59<0.6, "IS 14650 CPS 10748/GR2", "IS 14650 CPS 10748/GR3") -> IS 14650 CPS 10748/GR2 | T59: satisfactory | W59: =Prod.!B32 -> 0 | X59: =Prod.!C32 -> 0 | Y59: =Prod.!D32 -> 0 | Z59: =Prod.!E32 -> 0 | AA59: =Prod.!F32 -> 0 | AB59: =Prod.!G32 -> 0 | AC59: =Prod.!H32 -> 0 | AD59: =Prod.!AB32 -> 0 | AE59: =AD59-AF59 -> 0 | AF59: =Prod.!AA32 -> 0
A60: 12 | B60: =W61 -> 0 | C60: Ladle | F60: =F61 + (RAND() * 0.02 - 0.01) -> -0.007087658 | G60: =G61 + (RAND() * 0.06 - 0.03) -> 0.54139854 | H60: =H61 + (RAND() * 0.006 - 0.003) -> 0.002117658 | I60: =I61 + (RAND() * 0.006 - 0.003) -> -0.0023774169 | J60: =J61 + (RAND() * 0.02 - 0.01) -> 0.0093550229
B61: =B60 -> 0 | C61: Final | D61: =IF(AC61=130, "130 × 130", IF(AC61=160, "160 × 160", IF(AC61=110, "110 × 110", "Value not 130, 160, or 110"))) -> Value not 130, 160, or 110 | E61: =AD61 -> 0 | F61: =IF(X61 > 0.1, RAND() * (0.1 - 0.06) + 0.06, X61) -> 0 | G61: =IF(Y61 < 0.5, 0.5 + RAND() * 0.1, Y61) -> 0.54318104 | H61: =IF(AB61>0.04, 0.029 + (0.039-0.029)*RAND(), AB61) -> 0 | I61: =IF(AA61>0.04, 0.029 + (0.039-0.029)*RAND(), AA61) -> 0 | J61: =IF(Z61>0.15, 0.11 + (0.15-0.11) * RAND(), Z61) -> 0 | K61: =0.004 + (RAND() * (0.001 - 0.004)) -> 0.0036912982 | L61: =H61+I61 -> 0 | M61: =(G61/6)+F61 -> 0.090530173 | N61: =2 + RAND() -> 2.2543207 | O61: =1 + RAND() -> 1.8791275 | P61: =2.98 + (RAND() * (3.03 - 2.98)) -> 3.0274851 | Q61: =IF(D61="130 × 130", (130 + RANDBETWEEN(-1,1)) & " × " & (130 + RANDBETWEEN(-1,1)), IF(D61="160 × 160", (160 + RANDBETWEEN(-1,1)) & " × " & (160 + RANDBETWEEN(-1,1)), IF(D61="110 × 110", (110 + RANDBETWEEN(-1,1)) & " × " & (110 + RANDBETWEEN(-1,1)), "Value not matched"))) -> Value not matched | R61: OK | S61: =IF(G61<0.6, "IS 14650 CPS 10748/GR2", "IS 14650 CPS 10748/GR3") -> IS 14650 CPS 10748/GR2 | T61: satisfactory | W61: =Prod.!B33 -> 0 | X61: =Prod.!C33 -> 0 | Y61: =Prod.!D33 -> 0 | Z61: =Prod.!E33 -> 0 | AA61: =Prod.!F33 -> 0 | AB61: =Prod.!G33 -> 0 | AC61: =Prod.!H33 -> 0 | AD61: =Prod.!AB33 -> 0 | AE61: =AD61-AF61 -> 0 | AF61: =Prod.!AA33 -> 0
C64: Total production : | E64: =SUM(E38:E61) -> 0
A65: Maruti Ispat & Pipes Pvt Ltd
A66: SY NO 167,CDE,Madhavaram, Rachumarri, Andhra Pradesh 518349
A67: ="DATE OF MANUFACTURING : " & TEXT(V71, "DD-MM-YYYY") -> DATE OF MANUFACTURING : 00-01-1900 | N67: Format no : MIPPL/SMS/QAD/01
A68: Sl No | B68: Batch / Heat No | D68: Section (MM) | E68: Quantity (MT) | F68: Chemical Analysis report | N68: Physical Analysis report | R68: Cracks | S68: Grade | T68: Remarks
F69: %C | G69: %Mn | H69: %P | I69: %S | J69: %Si | K69: %N | L69: %(S+P) | M69: % CE | N69: Bend MM/ Meter ( Max 5 MM/Meter) | O69: Camber MM/ Meter ( Max 3 MM/Meter) | P69: Length (Meter) | Q69: Width ( MM)
A70: 1 | B70: =W71 -> 0 | C70: Ladle | F70: =F71 + (RAND() * 0.02 - 0.01) -> 0.008603714 | G70: =G71 + (RAND() * 0.06 - 0.03) -> 0.59658115 | H70: =H71 + (RAND() * 0.006 - 0.003) -> 0.00012983368 | I70: =I71 + (RAND() * 0.006 - 0.003) -> -0.0016323081 | J70: =J71 + (RAND() * 0.02 - 0.01) -> 0.00089264325 | AE70: Rolled
